node_id,longitude,latitude
813348627,76.8118234,30.6901156
1424618735,76.746815,30.6905433
1424618878,76.7402811,30.6925004
1424618908,76.7372592,30.6928667
1424618933,76.737483,30.6933926
1424618942,76.7384107,30.6934867
1424618946,76.7376738,30.6935148
1424618948,76.7383537,30.6935518
1424618958,76.7381386,30.6938125
1424618961,76.7389925,30.693862
1424618962,76.7372822,30.6939703
1424618965,76.7379999,30.6939754
1424618968,76.7392532,30.6940302
1424618973,76.7384673,30.6942876
1424618987,76.7381115,30.6946969
1424618999,76.7393835,30.6954972
1424619001,76.7395666,30.6956124
1424619003,76.7386551,30.6956279
1424619004,76.737942,30.6956537
1424619011,76.7390858,30.6958951
1424619013,76.7383922,30.6959486
1424619014,76.7396594,30.696013
1424619019,76.7379302,30.6963304
1424619024,76.738034,30.6963892
1424619033,76.7384939,30.6966495
1424619039,76.7390486,30.6967463
1424619041,76.7386302,30.6967267
1424619042,76.7377589,30.6968487
1424619045,76.7389242,30.6968931
1424619049,76.7394777,30.6969825
1424619055,76.7382817,30.6971531
1424619060,76.7398323,30.6971986
1424619124,76.7376886,30.6973137
1424619128,76.7392052,30.6973181
1424619130,76.7379854,30.6974979
1424619131,76.7389824,30.6975831
1424619134,76.7399008,30.6977122
1424619136,76.7387478,30.6978779
1424619139,76.737516,30.6980416
1424619140,76.7380886,30.6979439
1424619143,76.7396733,30.698001
1424619145,76.7392496,30.6981793
1424619147,76.7384744,30.6981893
1424619158,76.7392471,30.6986362
1425255313,76.7322661,30.7066952
1425255318,76.732206,30.7067671
1425255326,76.7320126,30.7069984
1425255329,76.7328138,30.7070337
1425255338,76.7317567,30.7073044
1425255339,76.7325938,30.7073576
1425255341,76.7304597,30.707459
1425255345,76.7314994,30.7076121
1425255347,76.7323274,30.7076571
1425255348,76.730843,30.7076959
1425255350,76.7302732,30.7078008
1425255352,76.7312296,30.7079349
1425255353,76.7320537,30.7079547
1425255359,76.730571,30.7079881
1425255366,76.7309731,30.7082417
1425255367,76.7318077,30.7082921
1425255368,76.729797,30.7083434
1425255389,76.7307014,30.7085725
1425255393,76.7317113,30.7087066
1425255398,76.7304278,30.7088939
1425255400,76.731274,30.7089425
1425255403,76.7301759,30.7091926
1425255404,76.731004,30.7092345
1425255409,76.729913,30.709511
1425255410,76.7307529,30.7095471
1425255413,76.7297643,30.7096875
1425255414,76.7296593,30.7098105
1425255416,76.730459,30.7098608
1425255422,76.7302126,30.71016
1425255424,76.7294834,30.7102632
1425386435,76.7512762,30.6851918
1425480495,76.7566433,30.6856151
1425480497,76.7546241,30.6857637
1425480500,76.7614795,30.6861031
1425480502,76.7558901,30.6865526
1425480503,76.7537945,30.6867744
1425480505,76.758671,30.6868899
1425480513,76.7601086,30.6877954
1425480516,76.7579411,30.6878281
1425480527,76.7651018,30.6883634
1425480530,76.7615304,30.6886966
1425480550,76.7665234,30.6892692
1425480551,76.766638,30.6891533
1425480557,76.758386,30.6896065
1425480570,76.7641033,30.6895918
1425480578,76.7614812,30.6898244
1425480583,76.7580119,30.6900477
1425480589,76.7565349,30.6903089
1425480597,76.7610356,30.6903916
1425480605,76.7521341,30.6903934
1425480613,76.7525327,30.6906396
1425480619,76.7574191,30.6907442
1425480621,76.7507956,30.6907463
1425480624,76.7630833,30.6908313
1425480627,76.7575398,30.6908181
1425480628,76.7530923,30.6909855
1425480636,76.7530113,30.6910781
1425480642,76.7546748,30.6911986
1425480645,76.7514964,30.6911398
1425480651,76.7624999,30.6912972
1425480660,76.7556417,30.6912882
1425480662,76.7554564,30.6913193
1425480674,76.7556961,30.6913338
1425480681,76.7626188,30.6913626
1425480683,76.7554245,30.6913918
1425480689,76.7519367,30.6914079
1425480694,76.7602032,30.6914039
1425480697,76.7570732,30.6914401
1425480700,76.7554379,30.6914508
1425480710,76.7601576,30.691457
1425480713,76.7557093,30.6914366
1425480719,76.7555457,30.6915216
1425480721,76.7556452,30.6915057
1425480730,76.7587119,30.6915238
1425480744,76.7524731,30.6917469
1425480747,76.7541969,30.691803
1425480750,76.7566666,30.6919397
1425480757,76.7582302,30.6921486
1425480767,76.7616275,30.6923726
1425480768,76.7494492,30.692332
1425480769,76.753633,30.6924833
1425480777,76.754236,30.6928537
1425480797,76.7605953,30.693615
1425480800,76.74895,30.6938745
1425480802,76.7559108,30.6938426
1425480813,76.7601624,30.6941436
1425480821,76.7599325,30.6941972
1425480877,76.7518991,30.6956656
1425480887,76.7424946,30.6958217
1425480892,76.7558333,30.6959815
1425480948,76.7531793,30.6964767
1425480959,76.7437924,30.6967628
1425480979,76.7573346,30.6968975
1425480996,76.7549191,30.6970749
1425481000,76.7575921,30.6970526
1425481006,76.7541347,30.6970474
1425481019,76.7524951,30.6973849
1425481021,76.7551941,30.6972161
1425481034,76.7536868,30.6976454
1425481036,76.7534299,30.6979591
1425481037,76.7520058,30.69793
1425481038,76.752915,30.6985758
1425481040,76.7557,30.6988868
1425481041,76.749602,30.6989612
1425481090,76.755911,30.7006048
1425481105,76.7477751,30.7017672
1425481106,76.747452,30.7018528
1425481110,76.7477947,30.7020976
1425481115,76.7513725,30.7024315
1425481126,76.7455809,30.7033249
1425481131,76.7404646,30.7033926
1425481149,76.7441984,30.7049037
1425481189,76.7427305,30.7067764
1425481199,76.7424313,30.7071641
1425481206,76.7433017,30.7071397
1425481213,76.7423214,30.7073391
1425481214,76.7436803,30.7073804
1425481224,76.7429773,30.7075151
1425481226,76.7428371,30.7076793
1425481228,76.7433567,30.7077558
1425481230,76.7419521,30.7076478
1425481235,76.7442651,30.7077523
1425481240,76.7432362,30.7079
1425481242,76.742361,30.7078908
1425481252,76.7446702,30.70801
1425481254,76.7439433,30.7081349
1425481256,76.7425516,30.7080085
1425481268,76.7438232,30.7082838
1425481276,76.7420368,30.7082833
1425481279,76.744363,30.70838
1425481280,76.7429351,30.7082457
1425481288,76.7452351,30.7083692
1425481290,76.7432216,30.7084228
1425481295,76.7441938,30.7085837
1425481299,76.7318473,30.7085385
1425481305,76.7425412,30.7085986
1425481307,76.7435238,30.7086365
1425481308,76.7449419,30.7087472
1425481309,76.7457286,30.708683
1425481311,76.7428983,30.7088228
1425481312,76.7447712,30.7089453
1425481313,76.7439127,30.7089169
1425481323,76.7417913,30.7094665
1425481324,76.7407222,30.7090723
1425481325,76.7440885,30.7090296
1425481328,76.7454575,30.7090173
1425481330,76.7315911,30.7090225
1425481339,76.7434055,30.7091405
1425481349,76.7452541,30.7092472
1425481350,76.7426009,30.709163
1425481356,76.7466837,30.7092904
1425481358,76.7451545,30.7093525
1425481361,76.7437913,30.709382
1425481379,76.7431085,30.7094779
1425481380,76.7454931,30.70956
1425481385,76.7464002,30.7096398
1425481388,76.7442781,30.709687
1425481390,76.7434481,30.7097889
1425481402,76.7458708,30.7097915
1425481403,76.7446953,30.7099482
1425481404,76.7461327,30.709952
1425481407,76.7439042,30.7100828
1425481412,76.7450204,30.7101518
1425481415,76.7323872,30.7102302
1425481419,76.7337426,30.7103753
1425481428,76.745406,30.7103933
1425481433,76.7440581,30.7106734
1425481436,76.7456419,30.710541
1425481440,76.7328656,30.710527
1425481443,76.7342374,30.7106699
1425481445,76.7319996,30.7106918
1425481446,76.7445851,30.7107505
1425481460,76.7311311,30.7108365
1425481463,76.7333587,30.710833
1425481465,76.7449789,30.7109719
1425481469,76.7324781,30.7109887
1425481599,76.7316223,30.7111413
1425481600,76.7338464,30.7111356
1425481602,76.7329712,30.7112946
1425481603,76.7307418,30.7113001
1425481605,76.7340402,30.7112558
1425481607,76.7321008,30.7114382
1425481629,76.7334589,30.7115973
1425481632,76.7312331,30.711605
1425481637,76.7464545,30.7116847
1425481648,76.7336519,30.7117171
1425481656,76.7325939,30.7117441
1425481675,76.7459046,30.7118462
1425481678,76.7458107,30.7118491
1425481682,76.7317116,30.7119018
1425481697,76.7330816,30.7120468
1425481702,76.7308338,30.7120807
1425481703,76.7462834,30.7120744
1425481706,76.733274,30.7121662
1425481708,76.7322046,30.7122078
1425481709,76.7454331,30.7121641
1425481710,76.7463145,30.7122984
1425481712,76.7313122,30.7123775
1425481715,76.7454867,30.7124227
1425481719,76.7326938,30.7125009
1425481721,76.7460933,30.7125655
1425481725,76.7459353,30.7126112
1425481727,76.7328916,30.7126156
1425481730,76.7318053,30.7126835
1425481733,76.7452123,30.7130065
1425481737,76.7322734,30.7129938
1425481746,76.7449919,30.7132388
1425481749,76.7329849,30.713444
1425481758,76.7447975,30.7140967
1425481769,76.7430671,30.7155817
1425481809,76.7416355,30.7179475
1425481815,76.7389761,30.7179934
1425481822,76.74122,30.7180623
1425481833,76.7409602,30.7183982
1425481839,76.7397943,30.7185887
1425481841,76.7405031,30.7186299
1425481844,76.7403253,30.7186412
1425481850,76.7407605,30.7188039
1425481852,76.7400888,30.7189024
1425481853,76.740791,30.7189245
1425481854,76.7401114,30.7190365
1425481861,76.7405441,30.7192158
1425481864,76.7404113,30.7192286
1425481867,76.7399755,30.719385
1425481869,76.7400951,30.7194466
1425544624,76.7308877,30.7129291
1425545701,76.7331655,30.726859
1425545725,76.7338311,30.7270645
1425545745,76.7336095,30.727086
1425545752,76.7340892,30.7272387
1425545768,76.7334176,30.7273377
1425545770,76.7341197,30.7273597
1425545775,76.7334404,30.7274713
1425545819,76.7334388,30.7279105
1425545845,76.7313869,30.7304487
1425545870,76.7309845,30.7306447
1425545884,76.7307512,30.7309063
1425545887,76.7307745,30.7310388
1425545894,76.7312023,30.7312165
1425545898,76.7310709,30.7312286
1425545907,76.7307124,30.7315821
1425700144,76.7263961,30.7303203
1425700172,76.7209465,30.7306459
1425700186,76.7221613,30.7307373
1425700196,76.7214565,30.7308207
1425700203,76.7207204,30.7308461
1425700205,76.720801,30.730836
1425700219,76.7314459,30.7309762
1425700243,76.7217995,30.7311627
1425700268,76.7210881,30.7312877
1425700272,76.7220438,30.7313246
1425700283,76.722217,30.7314133
1425700287,76.7209195,30.7314612
1425700288,76.7215831,30.7314136
1425700309,76.7207357,30.7316584
1425700311,76.7213419,30.7317254
1425700327,76.7213002,30.7317834
1425700332,76.7205273,30.7319208
1425700336,76.7211812,30.7319149
1425700337,76.7215402,30.7319255
1425700342,76.7211145,30.7319968
1425700350,76.7202031,30.7320826
1425700354,76.7218127,30.7320961
1425700355,76.7203279,30.7321549
1425700358,76.7209458,30.7321818
1425700359,76.7214077,30.7321896
1425700360,76.7256513,30.7321944
1425700364,76.7204344,30.7322395
1425700373,76.7208018,30.7323355
1425700377,76.7216393,30.7323247
1425700383,76.7207361,30.7324121
1425700388,76.7211057,30.7325186
1425700394,76.7206205,30.732565
1425700399,76.7213608,30.7326728
1425700402,76.7208762,30.7327283
1425700408,76.721172,30.7328934
1425700423,76.7214252,30.7330342
1425700453,76.7205813,30.7339576
1425700458,76.7211208,30.7338812
1425700466,76.717578,30.7341345
1425700471,76.7209583,30.7342832
1425700478,76.7212378,30.7344589
1425700484,76.7215214,30.7346372
1425700485,76.7200089,30.7346124
1425700494,76.7202058,30.7347472
1425700496,76.7223384,30.7347853
1425700497,76.721845,30.7348416
1425700513,76.7187995,30.7349128
1425700539,76.7226265,30.7349985
1425700543,76.7221297,30.7350208
1425700555,76.720635,30.7349941
1425700563,76.7199493,30.7350664
1425700564,76.7207508,30.7350554
1425700575,76.7224374,30.7352155
1425700580,76.7235269,30.735274
1425700581,76.7210702,30.7352311
1425700587,76.7185066,30.7352676
1425700595,76.7204402,30.7353709
1425700598,76.7213184,30.7354636
1425700602,76.7196219,30.7354265
1425700624,76.7182339,30.7356049
1425700638,76.7200125,30.7356912
1425700643,76.7201406,30.7357692
1425700656,76.7197161,30.7360325
1425700661,76.7207542,30.7361106
1425700667,76.7210295,30.7362868
1425700671,76.7194392,30.7363541
1425700673,76.718023,30.7363646
1425700675,76.7213483,30.7364877
1425700681,76.7178344,30.7365759
1425700696,76.7191729,30.7366713
1425700706,76.7266868,30.7368042
1425700707,76.7265436,30.7368105
1425700719,76.7175424,30.736893
1425700721,76.7268977,30.7369053
1425700724,76.7160203,30.736963
1425700725,76.7220706,30.7369687
1425700731,76.7197253,30.7370285
1425700732,76.7262833,30.7370751
1425700735,76.7163369,30.7371637
1425700738,76.7172678,30.737224
1425700742,76.7263275,30.7372506
1425700752,76.7265952,30.7374018
1425700756,76.7160184,30.7375384
1425700761,76.716971,30.737564
1425700762,76.7195355,30.7376625
1425700764,76.7154265,30.7376629
1425700765,76.7171528,30.7376841
1425700771,76.715747,30.7378626
1425700779,76.7168416,30.7380534
1425700780,76.7154518,30.7382049
1425700782,76.7162865,30.7382015
1425700785,76.7189074,30.7382267
1425700788,76.7165847,30.7383909
1425700789,76.7158699,30.7384478
1425700790,76.7193974,30.7385245
1425700794,76.7146332,30.7386003
1425700795,76.7185973,30.7385847
1425700799,76.7163112,30.7387062
1425700804,76.7219986,30.7389358
1425700805,76.7182774,30.7389579
1425700807,76.7159892,30.7390796
1425700808,76.7187222,30.7392429
1425700809,76.7180118,30.7392626
1425700812,76.7177354,30.739639
1425700813,76.71869,30.7396967
1425700824,76.718293,30.7404439
1425700853,76.7221635,30.7430839
1425700860,76.722009,30.743113
1425700867,76.7224814,30.7432588
1425700868,76.7225111,30.7434365
1425700869,76.7218089,30.7433455
1425700874,76.7224094,30.7436066
1425716595,76.7269817,30.7371325
1425716596,76.726818,30.7373581
1425716605,76.7314968,30.7400854
1425716606,76.7314417,30.7401477
1425716607,76.7301551,30.7416435
1425716612,76.7380205,30.7438642
1425716619,76.7377574,30.7439099
1425716622,76.7382342,30.7439816
1425716630,76.737615,30.7440842
1425716641,76.7382882,30.7442383
1425716644,76.7376521,30.7443092
1425716650,76.7278321,30.7444034
1425716653,76.7381367,30.7444121
1425716660,76.7379307,30.7444567
1425716663,76.7341316,30.7444616
1425716665,76.737515,30.744709
1425716675,76.7331828,30.7456697
1425716680,76.7264388,30.7460757
1425716717,76.7357323,30.7472354
1425716720,76.7357739,30.74739
1425716747,76.733505,30.7505059
1426200719,76.7328404,30.7324781
1426200738,76.7332677,30.7327521
1426200739,76.7316628,30.7327971
1426200741,76.7313886,30.7331278
1426200742,76.7322493,30.7331644
1426200743,76.7341986,30.7332918
1426200746,76.7327071,30.7334288
1426200748,76.7311088,30.7334566
1426200749,76.7319971,30.7334899
1426200751,76.7328648,30.7335414
1426200774,76.7347761,30.7336707
1426200776,76.7317011,30.7338434
1426200778,76.7325962,30.7338415
1426200782,76.7306934,30.7339347
1426200783,76.733607,30.7340166
1426200785,76.7353894,30.7340381
1426200787,76.7322879,30.7342223
1426200799,76.7303802,30.7343355
1426200802,76.7333481,30.7343202
1426200804,76.7313041,30.7343132
1426200811,76.7360311,30.7344461
1426200813,76.7301384,30.7346456
1426200815,76.7371314,30.7346411
1426200816,76.7330348,30.734705
1426200820,76.7309854,30.7346883
1426200836,76.7319162,30.7347087
1426200839,76.7370708,30.7347196
1426200847,76.7299232,30.7348876
1426200850,76.7301376,30.7350205
1426200852,76.7307179,30.7350117
1426200854,76.7336211,30.7350715
1426200869,76.7324445,30.7350426
1426200872,76.7315996,30.7350562
1426200905,76.7359126,30.7352651
1426200914,76.7298695,30.7353443
1426200922,76.7334498,30.7353
1426200929,76.7313196,30.735389
1426200932,76.7342444,30.7354627
1426200937,76.7323378,30.7354996
1426200939,76.7363504,30.7355381
1426200941,76.729583,30.7356838
1426200944,76.7348488,30.7358413
1426200949,76.7350239,30.7356337
1426200953,76.7320721,30.7358263
1426200955,76.7299622,30.7359202
1426200977,76.7318221,30.7360924
1426200980,76.7346216,30.7360983
1426200983,76.7358359,30.7361334
1426200989,76.7303099,30.7361369
1426201010,76.7388371,30.7363469
1426201012,76.7363222,30.7363028
1426201013,76.7306926,30.7363755
1426201015,76.7316019,30.7363536
1426201020,76.7294856,30.736485
1426201022,76.7354424,30.7366133
1426201041,76.7320356,30.7366165
1426201044,76.7298333,30.7367017
1426201051,76.7312836,30.7367462
1426201055,76.7291897,30.7368357
1426201058,76.7384524,30.7368566
1426201069,76.7323812,30.7368233
1426201070,76.7358783,30.7368653
1426201073,76.730216,30.7369403
1426201075,76.7328687,30.7369195
1426201089,76.732755,30.7370541
1426201106,76.731581,30.7371335
1426201107,76.72889,30.7371907
1426201115,76.729922,30.7372887
1426201143,76.7319302,30.7373445
1426201145,76.7379965,30.7374208
1426201148,76.7292718,30.7374288
1426201173,76.7302945,30.7375192
1426201181,76.7407747,30.7376049
1426201188,76.7323276,30.7375772
1426201195,76.7296204,30.7376461
1426201218,76.74104,30.73777
1426201220,76.7424656,30.7377939
1426201245,76.7283833,30.7377683
1426201248,76.7421996,30.7378475
1426201255,76.7300094,30.7378596
1426201257,76.7426882,30.7379135
1426201284,76.7375572,30.7379174
1426201288,76.7420655,30.7380246
1426201295,76.7287692,30.7380064
1426201310,76.731958,30.7380118
1426201312,76.740353,30.7380879
1426201316,76.7303741,30.7380855
1426201320,76.7427417,30.7381688
1426201324,76.7312674,30.7381257
1426201345,76.7421064,30.7382422
1426201348,76.7291218,30.7382305
1426201353,76.7426377,30.7383126
1426201382,76.7346992,30.7384419
1426201386,76.7423196,30.7383792
1426201389,76.7400888,30.7383906
1426201392,76.7301615,30.7383476
1426201394,76.7316613,30.7383588
1426201412,76.7417226,30.738463
1426201420,76.7309833,30.7384624
1426201424,76.729477,30.7384608
1426201428,76.7403648,30.7385692
1426201431,76.7327741,30.7385383
1426201443,76.7399051,30.738601
1426201449,76.7274907,30.7386012
1426201451,76.7351453,30.738678
1426201457,76.7298669,30.7387004
1426201465,76.7343766,30.7387806
1426201467,76.7307702,30.7387314
1426201482,76.733192,30.7387886
1426201483,76.739687,30.7388507
1426201486,76.7272283,30.7388919
1426201487,76.7342888,30.7388909
1426201488,76.7355406,30.7389293
1426201489,76.7348303,30.7390531
1426201491,76.7411201,30.7390578
1426201492,76.7311662,30.7389889
1426201510,76.7281251,30.7390572
1426201513,76.7347315,30.7391682
1426201515,76.7270004,30.7391646
1426201517,76.7382803,30.73919
1426201519,76.7393497,30.7392499
1426201521,76.7328144,30.7392325
1426201523,76.7339753,30.7392774
1426201526,76.7278869,30.739326
1426201528,76.7352002,30.7393224
1426201533,76.7351275,30.7394143
1426201543,76.7296586,30.7394426
1426201545,76.726767,30.7394705
1426201547,76.7407687,30.7395375
1426201555,76.727646,30.7396194
1426201557,76.7324702,30.7396447
1426201560,76.7366774,30.7396521
1426201563,76.7389873,30.7396429
1426201565,76.7378733,30.7396736
1426201570,76.7265269,30.7397655
1426201582,76.7348201,30.7397958
1426201585,76.729397,30.7397754
1426201587,76.7303252,30.7398432
1426201588,76.7274404,30.7398982
1426201591,76.7404355,30.7399923
1426201592,76.7339736,30.7399418
1426201597,76.7376162,30.7399928
1426201622,76.7321649,30.7400475
1426201624,76.7363441,30.7400428
1426201626,76.7263163,30.7400755
1426201633,76.7374808,30.7401628
1426201637,76.7272024,30.7401831
1426201639,76.7344438,30.7402312
1426201649,76.7336474,30.7403367
1426201656,76.7372874,30.7403981
1426201675,76.7260396,30.7404007
1426201689,76.7269604,30.7404751
1426201692,76.7374716,30.7405156
1426201700,76.7359648,30.7404957
1426201730,76.7340698,30.7406677
1426201739,76.725778,30.7407122
1426201780,76.7333046,30.7407628
1426201783,76.7309408,30.7407365
1426201785,76.7270411,30.7405269
1426201787,76.7379413,30.7408153
1426201796,76.7356016,30.7409449
1426201799,76.7324466,30.7410027
1426201831,76.7337595,30.7410483
1426201836,76.7401572,30.7410587
1426201839,76.7254775,30.7410656
1426201843,76.7271155,30.7411555
1426201845,76.7402594,30.7411245
1426201876,76.7376104,30.7412174
1426201879,76.7360607,30.7412296
1426201882,76.7328879,30.7412829
1426201889,76.7352191,30.7413945
1426201891,76.7388188,30.7413751
1426201899,76.73278,30.7414266
1426201906,76.7320096,30.7415134
1426201940,76.7365879,30.7415565
1426201943,76.7372848,30.7416132
1426201945,76.7392691,30.7416601
1426201950,76.7357373,30.7416543
1426201953,76.7331809,30.7416845
1426201960,76.7324677,30.74179
1426201984,76.7384869,30.7417691
1426201990,76.7349136,30.7417725
1426201993,76.7266063,30.741779
1426201997,76.7370779,30.7418604
1426202002,76.725143,30.7419156
1426202004,76.7336133,30.7419332
1426202010,76.7369741,30.7419898
1426202031,76.7263605,30.7420655
1426202033,76.7353976,30.7420763
1426202036,76.738161,30.742156
1426202039,76.7340173,30.742186
1426202042,76.7320926,30.7422301
1426202045,76.7367999,30.7422029
1426202067,76.7367527,30.7422647
1426202070,76.7312893,30.7423585
1426202073,76.7258349,30.7423628
1426202083,76.7260169,30.7424804
1426202085,76.7325111,30.7425126
1426202087,76.7386841,30.74248
1426202090,76.7337338,30.742524
1426202091,76.7378397,30.7425373
1426202093,76.7388667,30.7425931
1426202104,76.7317272,30.7426433
1426202107,76.7347568,30.7426551
1426202112,76.7363864,30.7426968
1426202114,76.7329136,30.7428001
1426202119,76.7376616,30.7427486
1426202123,76.736176,30.7429363
1426202131,76.7385513,30.7429867
1426202146,76.7242463,30.7429947
1426202147,76.7332953,30.7430448
1426202148,76.7345042,30.7429817
1426202158,76.7383665,30.7431942
1426202165,76.7260259,30.7433381
1426202188,76.7239198,30.7433798
1426202192,76.7249573,30.7434367
1426202194,76.7370819,30.7434368
1426202195,76.7329828,30.7434346
1426202199,76.725813,30.7436004
1426202201,76.7331599,30.7435544
1426202203,76.7365624,30.7436259
1426202222,76.7290809,30.7437427
1426202236,76.7363766,30.7438479
1426202239,76.7246374,30.7438256
1426202242,76.7268848,30.743878
1426202243,76.725614,30.7438449
1426202267,76.7332696,30.7440092
1426202277,76.7370884,30.7440764
1426202281,76.7333939,30.7440844
1426202287,76.7266701,30.7441333
1426202291,76.7369739,30.7442129
1426202308,76.7243595,30.7441707
1426202310,76.7252951,30.744235
1426202315,76.7359937,30.7443097
1426202317,76.7331754,30.7443482
1426202323,76.7338693,30.7443724
1426202326,76.7368376,30.7443753
1426202332,76.7264657,30.7443745
1426202547,76.7362522,30.7444706
1426202552,76.7304347,30.7445382
1426202557,76.7329429,30.7446289
1426202560,76.7336436,30.7446434
1426202568,76.7322297,30.7446449
1426202570,76.7365835,30.7446787
1426202588,76.7373531,30.7446863
1426202593,76.7356693,30.744693
1426202598,76.7340192,30.7446781
1426202600,76.7365092,30.7447667
1426202608,76.7261389,30.7447597
1426202613,76.7359373,30.7448607
1426202632,76.7327219,30.7448957
1426202637,76.7334106,30.7449231
1426202640,76.7368489,30.7449672
1426202646,76.7307266,30.7449992
1426202649,76.7337913,30.7449447
1426202652,76.7326171,30.7450222
1426202655,76.7362605,30.7450631
1426202656,76.7370253,30.7450713
1426202676,76.7353544,30.7450763
1426202682,76.7362016,30.7451332
1426202688,76.7331913,30.7451865
1426202691,76.7298508,30.7452257
1426202693,76.7335762,30.7451961
1426202697,76.7355969,30.745219
1426202699,76.7331042,30.745291
1426202726,76.73654,30.7453371
1426202728,76.7304474,30.7453519
1426202734,76.7350923,30.7453826
1426202737,76.7367336,30.7454538
1426202740,76.7324409,30.7454603
1426202743,76.7350247,30.7454632
1426202745,76.7359556,30.7454257
1426202754,76.7299667,30.7455269
1426202765,76.7358703,30.7455281
1426202775,76.7352816,30.745625
1426202778,76.7348778,30.7456315
1426202787,76.729859,30.7456692
1426202795,76.7362988,30.7457893
1426202816,76.7356136,30.745834
1426202820,76.7321067,30.7458585
1426202823,76.7364269,30.7458673
1426202830,76.735557,30.7459015
1426202832,76.7346578,30.7459035
1426202856,76.7359608,30.7461628
1426202862,76.7318227,30.7461969
1426202867,76.7361593,30.7462911
1426202869,76.7352474,30.7462842
1426202872,76.7342949,30.7463494
1426202874,76.7316059,30.746463
1426202877,76.7358532,30.7466656
1426239153,76.7332481,30.7282022
1426239158,76.7351947,30.7286706
1426239162,76.7332812,30.7285985
1426239168,76.7349334,30.7289747
1426239171,76.7342639,30.7290818
1426239173,76.7327477,30.7292549
1426239202,76.7346667,30.7293109
1426239215,76.7393943,30.7295651
1426239228,76.7362679,30.729819
1426239231,76.7391823,30.7298568
1426239257,76.7336502,30.7298414
1426239264,76.7390144,30.7299218
1426239268,76.7393288,30.7299109
1426239272,76.7356138,30.7298885
1426239283,76.739378,30.7299812
1426239297,76.7339716,30.730034
1426239298,76.7389849,30.7300999
1426239323,76.7390302,30.7301608
1426239327,76.7393249,30.7301642
1426239344,76.7391768,30.730215
1426239350,76.7337167,30.7303631
1426239357,76.7345386,30.7304004
1426239392,76.7389363,30.7305229
1426239403,76.7388893,30.7306572
1426239408,76.7335018,30.7306151
1426239410,76.7413416,30.7306884
1426239418,76.7418623,30.7307473
1426239456,76.7417969,30.730827
1426239460,76.7328325,30.7308614
1426239461,76.7353913,30.730912
1426239467,76.7435071,30.7309331
1426239475,76.7402331,30.7309643
1426239497,76.7331361,30.7310558
1426239500,76.7444337,30.7310145
1426239501,76.742174,30.7310646
1426239509,76.7326186,30.7311165
1426239517,76.7333555,30.7311532
1426239535,76.7443028,30.7311892
1426239541,76.7399404,30.7313027
1426239548,76.74082,30.7313277
1426239558,76.7419213,30.7313775
1426239569,76.7323895,30.7313898
1426239601,76.7455933,30.731473
1426239604,76.7322909,30.7315075
1426239609,76.7332605,30.7315287
1426239612,76.7412056,30.7315477
1426239613,76.7440513,30.7315078
1426239615,76.7429767,30.7315705
1426239616,76.7423186,30.7316312
1426239622,76.7405401,30.7316708
1426239641,76.7470629,30.731713
1426239651,76.7468674,30.7317335
1426239662,76.7459878,30.7317322
1426239669,76.7444282,30.7317391
1426239672,76.7415879,30.7317901
1426239692,76.7472856,30.7318325
1426239700,76.7368631,30.7318518
1426239702,76.7331737,30.7318865
1426239703,76.745299,30.7318144
1426239705,76.7427154,30.7318846
1426239708,76.7409155,30.7319014
1426239710,76.7466629,30.7319437
1426239733,76.74365,30.7320001
1426239737,76.7419849,30.7320417
1426239745,76.7371689,30.7320451
1426239748,76.7473391,30.7320879
1426239757,76.7456945,30.7320896
1426239760,76.7441259,30.7321222
1426239764,76.745031,30.732109
1426239780,76.7467038,30.7321613
1426239786,76.7331171,30.7321342
1426239792,76.7471883,30.7322618
1426239794,76.7423949,30.7322696
1426239824,76.7469717,30.7323064
1426239827,76.7433941,30.732318
1426239832,76.7376158,30.7323126
1426239838,76.746662,30.7323827
1426239840,76.7417049,30.7323861
1426239842,76.7461437,30.7323661
1426239846,76.7367911,30.7325002
1426239847,76.7447155,30.7324934
1426239851,76.7437762,30.7325619
1426239866,76.7389311,30.7326127
1426239869,76.7420975,30.7326271
1426239871,76.7430864,30.7327003
1426239872,76.7451463,30.7327646
1426239882,76.7443561,30.7329321
1426239884,76.7385818,30.7328811
1426239891,76.7386258,30.7329087
1426239906,76.7455833,30.7330398
1426239914,76.7448035,30.7332083
1426239921,76.7440538,30.7333029
1426239922,76.7359391,30.7331667
1426239926,76.7354687,30.7332956
1426239945,76.7393501,30.7333631
1426239946,76.7430015,30.7334081
1426239947,76.7452193,30.733465
1426239949,76.7422204,30.7334722
1426239953,76.7444867,30.7335844
1426239959,76.739655,30.7335664
1426239967,76.7366941,30.7336347
1426239984,76.7436481,30.7338007
1426239990,76.7389993,30.7337874
1426239993,76.7378275,30.7337818
1426239997,76.7400075,30.7337755
1426239999,76.7450256,30.7339229
1426240005,76.7364622,30.7339152
1426240007,76.7393159,30.7339827
1426240009,76.7423809,30.7340367
1426240010,76.7403309,30.7339784
1426240011,76.7452234,30.7340471
1426240038,76.744082,30.7340785
1426240039,76.7363413,30.7341483
1426240040,76.7387416,30.7341036
1426240044,76.7396574,30.7341905
1426240047,76.7433336,30.7341723
1426240051,76.7406563,30.7341825
1426240053,76.7416138,30.7341909
1426240057,76.7427794,30.7342281
1426240060,76.738586,30.7342879
1426240079,76.7390492,30.7342975
1426240081,76.7446101,30.7344165
1426240084,76.7399832,30.7343902
1426240090,76.743139,30.7344524
1426240093,76.7437734,30.7344489
1426240096,76.7420218,30.7344475
1426240104,76.7393872,30.7345083
1426240111,76.7403137,30.7345926
1426240113,76.7422555,30.7345946
1426240132,76.7423837,30.7346753
1426240135,76.739713,30.7347125
1426240137,76.738209,30.7347487
1426240140,76.744303,30.7347819
1426240142,76.7391018,30.734852
1426240144,76.7434215,30.7348562
1426240147,76.7427426,30.7349011
1426240150,76.7400294,30.7349108
1426240153,76.7419933,30.7349082
1426240156,76.738502,30.7349399
1426240158,76.7379648,30.7350337
1426240174,76.7446597,30.7350063
1426240178,76.744746,30.7350606
1426240179,76.7403384,30.7351045
1426240183,76.7388622,30.7351552
1426240185,76.7417724,30.7351725
1426240187,76.7431603,30.7351556
1426240190,76.7382427,30.7352335
1426240192,76.7425652,30.7352639
1426240195,76.7441352,30.7353176
1426240196,76.7406672,30.7353106
1426240206,76.739176,30.7353505
1426240208,76.7415475,30.7354416
1426240210,76.7385709,30.735478
1426240212,76.7429033,30.7354743
1426240213,76.7409883,30.7355118
1426240214,76.7423464,30.7355296
1426240216,76.7395104,30.7355586
1426240218,76.7438806,30.7356313
1426240220,76.7388997,30.7356678
1426240222,76.7403519,30.7356797
1426240226,76.7432493,30.7356896
1426240229,76.7413167,30.7357177
1426240248,76.7397989,30.7357381
1426240250,76.7421221,30.7357992
1426240253,76.7392383,30.7358739
1426240258,76.7436329,30.7359283
1426240260,76.7401315,30.735945
1426240262,76.7430304,30.7359553
1426240264,76.7410936,30.7359846
1426240267,76.7395199,30.7360555
1426240273,76.7418885,30.7360736
1426240288,76.7404583,30.7361484
1426240289,76.7398591,30.7362607
1426240291,76.7428062,30.7362249
1426240295,76.7408724,30.7362492
1426240296,76.7434998,30.7362474
1426240298,76.7416599,30.7363371
1426240300,76.740784,30.736355
1426240305,76.740178,30.7364735
1426240310,76.7425726,30.7364993
1426240312,76.7406476,30.7365181
1426240314,76.7432939,30.7365284
1426240316,76.7405424,30.736644
1426240318,76.7414425,30.7366039
1426240336,76.742344,30.7367628
1426240341,76.7430721,30.7368102
1426240343,76.7412152,30.7368713
1426240347,76.7421266,30.7370296
1426240349,76.7428429,30.7370732
1426240351,76.7418993,30.737297
1426240353,76.7426165,30.7373345
1426240355,76.7422414,30.7375099
1426333288,76.74607,30.7222117
1426333290,76.7458984,30.7222228
1426333298,76.7461986,30.7222977
1426333311,76.745776,30.7223768
1426333318,76.746227,30.7224482
1426333322,76.7423884,30.7223009
1426333324,76.7457973,30.7225002
1426333330,76.7461226,30.7225729
1426333334,76.7459768,30.722598
1426333341,76.7455491,30.7229578
1426333343,76.7371157,30.7231974
1426333345,76.7448171,30.7238359
1426333349,76.7397428,30.7248448
1426333350,76.7473615,30.7254303
1426333360,76.7425281,30.7265781
1426333362,76.746857,30.7265996
1426551946,76.7415276,30.7200268
1426551947,76.7425291,30.7206464
1426551948,76.7409558,30.7207256
1426551951,76.7429973,30.7209381
1426551952,76.7405962,30.7211443
1426551953,76.7419185,30.7213352
1426551954,76.7426555,30.721355
1426551955,76.7403171,30.7214887
1426551956,76.7411754,30.7215218
1426551957,76.7440067,30.7215667
1426551962,76.7424045,30.721643
1426551964,76.7432131,30.7216923
1426551966,76.7415292,30.7217524
1426551968,76.740059,30.7218025
1426551970,76.7409187,30.7218376
1426551971,76.7444849,30.7218816
1426551972,76.7436835,30.7219769
1426551973,76.7429543,30.7219911
1426551976,76.7404508,30.7220428
1426551978,76.7406532,30.7221668
1426551980,76.7449449,30.7221845
1426551982,76.7433805,30.7223381
1426551983,76.7425712,30.722432
1426551985,76.7438497,30.722618
1426551987,76.7430564,30.722724
1426551988,76.7415247,30.7227068
1426551990,76.7392842,30.7227563
1426551992,76.744344,30.7229128
1426551994,76.7413509,30.7229324
1426551996,76.7396526,30.7229823
1426551997,76.7390035,30.7230894
1426552001,76.7426477,30.7232246
1426552004,76.7418551,30.7232413
1426552005,76.7410296,30.7233202
1426552007,76.7439977,30.723329
1426552010,76.7468896,30.7234072
1426552012,76.7386814,30.7234776
1426552014,76.7430844,30.7235009
1426552016,76.7423648,30.7235642
1426552018,76.740752,30.723657
1426552020,76.7473694,30.7237039
1426552021,76.7435782,30.7238134
1426552022,76.7383011,30.7239379
1426552024,76.7420395,30.7239549
1426552026,76.7478569,30.7240055
1426552028,76.7404409,30.7240192
1426552030,76.7411869,30.7241461
1426552034,76.7463199,30.7241043
1426552035,76.7424893,30.7242342
1426552036,76.7454916,30.7242586
1426552037,76.7483163,30.7242896
1426552039,76.7410035,30.7243684
1426552040,76.7401288,30.7243883
1426552042,76.7468096,30.7244006
1426552043,76.7429607,30.7245268
1426552050,76.745977,30.7245628
1426552051,76.7428198,30.7246896
1426552052,76.7489731,30.7246959
1426552053,76.7407037,30.7247472
1426552054,76.7450763,30.7247501
1426552055,76.7472713,30.7246983
1426552056,76.7462859,30.7247563
1426552057,76.7419104,30.7249401
1426552064,76.7454708,30.7249885
1426552066,76.7477426,30.7250023
1426552067,76.742534,30.7250586
1426552068,76.7486678,30.7250646
1426552069,76.7458784,30.7252348
1426552070,76.7423884,30.7252415
1426552071,76.7416124,30.7253078
1426552080,76.7491318,30.7253362
1426552082,76.7445076,30.7254233
1426552083,76.7483897,30.7254197
1426552084,76.7443621,30.7255955
1426552085,76.7448935,30.7256647
1426552087,76.7412366,30.7257715
1426552093,76.7452969,30.725917
1426552095,76.7349372,30.7260173
1426552096,76.7417241,30.726076
1426552098,76.745159,30.7260789
1426552099,76.7428955,30.7261333
1426552100,76.7472731,30.7261079
1426552101,76.748314,30.7263073
1426552102,76.747631,30.7263285
1426552107,76.7480724,30.7266006
1426552109,76.7492044,30.7268477
1426552111,76.744398,30.7270819
1426552128,76.7490555,30.7272065
1426552134,76.7479467,30.7272854
1426552137,76.7462079,30.7273726
1426552140,76.7440412,30.72752
1426552152,76.7487832,30.7277463
1426552154,76.7447268,30.7279426
1426552165,76.7447893,30.7283785
1426552179,76.7396381,30.7289953
1427166100,76.7517966,30.7256786
1427166106,76.7515806,30.7257128
1427166124,76.7519899,30.7257771
1427166126,76.7514588,30.7258483
1427166153,76.7514726,30.7260812
1427179241,76.7488494,30.7256756
1427179250,76.74933,30.7259871
1427179251,76.7485756,30.7259987
1427179256,76.7490664,30.7263044
1427179296,76.7469221,30.7281302
1427203286,76.7514019,30.7158284
1427203287,76.7519132,30.7160479
1427203292,76.751555,30.7158105
1427203303,76.7512412,30.7160205
1427203310,76.7516965,30.7160133
1427203313,76.7511259,30.7162965
1427203317,76.751571,30.7165757
1427203319,76.7509333,30.716726
1427203328,76.7512771,30.7169311
1427203334,76.7521621,30.7169497
1427203335,76.7505584,30.7169776
1427203336,76.7515665,30.7171037
1427203337,76.7520238,30.7171387
1427203341,76.7421864,30.7172775
1427203342,76.7510109,30.7172594
1427203343,76.7421089,30.7173718
1427203344,76.7518862,30.7172945
1427203346,76.7523944,30.7173696
1427203348,76.7502142,30.7173876
1427203352,76.7512867,30.7174366
1427203354,76.7531564,30.717556
1427203357,76.7515996,30.7176378
1427203358,76.7506772,30.7176624
1427203360,76.7529985,30.7177463
1427203363,76.753536,30.7177951
1427203364,76.7519299,30.7179018
1427203366,76.7499188,30.7179509
1427203367,76.7533397,30.718022
1427203368,76.7512567,30.7180342
1427203376,76.751611,30.7182565
1427203377,76.7525575,30.7182877
1427203379,76.7441821,30.7184532
1427203381,76.7495205,30.7184399
1427203383,76.75462,30.7184779
1427203385,76.7529177,30.7185092
1427203387,76.7440984,30.7185617
1427203388,76.7508237,30.7185314
1427203392,76.7544309,30.7187073
1427203396,76.7550972,30.7187785
1427203399,76.752601,30.7188755
1427203400,76.7491631,30.7188973
1427203404,76.7572739,30.7190439
1427203406,76.7504232,30.7190089
1427203408,76.7549027,30.7190111
1427203414,76.7566586,30.7190283
1427203415,76.7570046,30.7190902
1427203425,76.7574778,30.7191991
1427203426,76.7486924,30.7191839
1427203428,76.7540332,30.719195
1427203430,76.7502334,30.7192316
1427203431,76.7568727,30.7192416
1427203437,76.7554023,30.719318
1427203439,76.7532843,30.7193146
1427203447,76.7569013,30.7194638
1427203452,76.7545045,30.7194848
1427203463,76.7485052,30.7196045
1427203467,76.755856,30.7195967
1427203470,76.7494611,30.7196529
1427203483,76.7535866,30.719742
1427203485,76.7561888,30.7198012
1427203497,76.7481241,30.7198619
1427203499,76.7498873,30.7199129
1427203501,76.7548905,30.7199273
1427203503,76.7491715,30.7200099
1427203505,76.7540511,30.7200285
1427203507,76.7531955,30.720105
1427203510,76.7553448,30.7202137
1427203511,76.7495404,30.7203252
1427203517,76.7489059,30.7203373
1427203518,76.7545483,30.7203243
1427203521,76.7475965,30.7204987
1427203522,76.755676,30.7204224
1427203523,76.7537293,30.7204384
1427203524,76.7475163,30.7205949
1427203527,76.7493175,30.7205875
1427203531,76.7502083,30.7207255
1427203533,76.7526816,30.7207172
1427203534,76.7496025,30.7207608
1427203536,76.7553531,30.7208031
1427203538,76.7533848,30.7208506
1427203541,76.7524746,30.7209792
1427203542,76.7499818,30.7209914
1427203543,76.7473218,30.7210715
1427203544,76.7483327,30.7210382
1427203549,76.7522934,30.7212056
1427203550,76.7550064,30.7212449
1427203552,76.7487284,30.721281
1427203553,76.7529917,30.7213203
1427203555,76.7552712,30.7214121
1427203557,76.7479597,30.7214674
1427203558,76.7489895,30.7214483
1427203559,76.7527672,30.7215145
1427203564,76.7493793,30.7217023
1427203565,76.7467278,30.72183
1427203566,76.7549245,30.7217981
1427203567,76.7476243,30.7218276
1427203569,76.7463733,30.7219644
1427203570,76.7523987,30.7219626
1427203573,76.7499213,30.7220291
1427203577,76.7536302,30.7220539
1427203578,76.7515605,30.7221214
1427203585,76.7473357,30.7221953
1427203588,76.7546385,30.7223408
1427203594,76.7547085,30.7223842
1427203596,76.7520281,30.7224113
1427203598,76.7495649,30.7224745
1427203602,76.7532599,30.7224903
1427203614,76.750035,30.7227206
1427203615,76.752518,30.7227122
1427203618,76.7528792,30.722934
1427203621,76.7489568,30.7232147
1427203623,76.7533649,30.7232322
1427203631,76.7485852,30.7235895
1427203632,76.7530302,30.7236529
1427203652,76.7515629,30.7254533
1428088076,76.7517796,30.7072891
1428088077,76.7516952,30.7074038
1428088080,76.7520759,30.7076427
1428088083,76.7517894,30.7079768
1428088084,76.7511514,30.7080501
1428088085,76.7527925,30.7080924
1428088088,76.7515314,30.708295
1428088089,76.7531659,30.7083268
1428088091,76.7525089,30.7084208
1428088092,76.752884,30.7086571
1428088094,76.752235,30.7087483
1428088096,76.7532937,30.7089172
1428088099,76.7525988,30.7089746
1428088100,76.7543606,30.7090766
1428088101,76.7519229,30.709128
1428088103,76.7502711,30.7091157
1428088104,76.7536639,30.7091544
1428088107,76.7530173,30.7092416
1428088108,76.7548066,30.7093565
1428088109,76.7540748,30.7094164
1428088110,76.7507247,30.7093958
1428088112,76.7553786,30.709495
1428088114,76.7527058,30.7096072
1428088115,76.7552613,30.7096419
1428088116,76.7511511,30.7096591
1428088118,76.7532051,30.7096727
1428088124,76.7513698,30.7097942
1428088130,76.752488,30.7098629
1428088131,76.7496148,30.7099268
1428088132,76.7542851,30.7099696
1428088133,76.7536257,30.7099335
1428088134,76.7518856,30.7099375
1428088137,76.7516208,30.7099492
1428088138,76.7568042,30.7101004
1428088139,76.7528465,30.71009
1428088140,76.7567391,30.7101771
1428088141,76.7516296,30.7101659
1428088142,76.7522372,30.7101531
1428088144,76.7500586,30.7101998
1428088145,76.7540616,30.7102031
1428088148,76.7492058,30.7104242
1428088150,76.752028,30.7104153
1428088151,76.7514145,30.7104172
1428088152,76.7527038,30.7104394
1428088154,76.7533778,30.7104232
1428088155,76.750466,30.7104503
1428088157,76.7510988,30.7106036
1428088158,76.7537165,30.7106401
1428088159,76.7489121,30.7107047
1428088161,76.7518201,30.7106699
1428088162,76.7524858,30.7107011
1428088164,76.7531437,30.7107093
1428088169,76.7487736,30.7108734
1428088170,76.7500419,30.7109427
1428088173,76.7516045,30.7109277
1428088174,76.7522765,30.7109463
1428088175,76.7489915,30.7110081
1428088176,76.7529183,30.7109712
1428088179,76.7558561,30.7112301
1428088181,76.7520458,30.7112106
1428088182,76.7527089,30.7112084
1428088184,76.750568,30.7112689
1428088185,76.757168,30.7112055
1428088187,76.7486959,30.7113635
1428088191,76.7541183,30.7113604
1428088194,76.7524708,30.7114831
1428088196,76.7482126,30.7115567
1428088198,76.7523412,30.7116199
1428088200,76.7584392,30.711611
1428088201,76.7545067,30.7116066
1428088203,76.7484253,30.711689
1428088204,76.7501915,30.7117498
1428088205,76.755396,30.7117339
1428088207,76.7537605,30.7117575
1428088208,76.7494763,30.7118198
1428088211,76.7588522,30.7118675
1428088212,76.7576131,30.7118919
1428088217,76.7541654,30.7120066
1428088219,76.7499292,30.7120846
1428088221,76.7591787,30.7120703
1428088222,76.7552279,30.7120592
1428088223,76.755966,30.7120678
1428088224,76.7533641,30.7120762
1428088228,76.7492076,30.7121784
1428088230,76.7579801,30.7121223
1428088233,76.7573372,30.7122295
1428088235,76.7563072,30.712264
1428088238,76.7564355,30.7123529
1428088239,76.7596205,30.7123446
1428088240,76.7557109,30.7123634
1428088241,76.7538502,30.7123817
1428088243,76.7584001,30.712386
1428088247,76.7475114,30.7124272
1428088249,76.7548909,30.7124523
1428088256,76.7477169,30.7125565
1428088257,76.7500668,30.7125801
1428088259,76.7587181,30.7125857
1428088261,76.7493543,30.7126744
1428088262,76.76008,30.71263
1428088265,76.756959,30.712682
1428088266,76.7528151,30.7127223
1428088268,76.758119,30.7127226
1428088269,76.755378,30.7127517
1428088270,76.7471342,30.7128701
1428088271,76.7473992,30.7128837
1428088272,76.7481619,30.7128368
1428088273,76.7545689,30.7128334
1428088274,76.749211,30.7128481
1428088275,76.7591668,30.7128668
1428088276,76.7500168,30.712981
1428088277,76.7605609,30.7129286
1428088278,76.7590154,30.7130539
1428088280,76.7489835,30.7131271
1428088287,76.7496392,30.7131009
1428088288,76.7478629,30.7131697
1428088289,76.7534684,30.7131312
1428088290,76.7550523,30.7131372
1428088294,76.7621853,30.7132094
1428088295,76.750393,30.7132132
1428088302,76.7577665,30.7131558
1428088304,76.7619465,30.7132475
1428088305,76.7526636,30.71325
1428088307,76.7510868,30.7132015
1428088310,76.7588852,30.7132053
1428088311,76.7610337,30.7132223
1428088313,76.7548985,30.7133153
1428088316,76.7481285,30.7133335
1428088317,76.7506085,30.7133461
1428088318,76.7594714,30.713335
1428088322,76.7624441,30.7133829
1428088326,76.7617853,30.7134401
1428088330,76.7495837,30.7134776
1428088332,76.7501986,30.7134413
1428088333,76.7624741,30.7135041
1428088335,76.7491786,30.7134771
1428088336,76.7531183,30.7135371
1428088339,76.749269,30.713534
1428088341,76.755373,30.7135764
1428088343,76.7485656,30.7136158
1428088346,76.7516721,30.7135552
1428088348,76.7523621,30.713604
1428088349,76.7618262,30.7136578
1428088350,76.7599628,30.713637
1428088352,76.7512008,30.7136905
1428088355,76.7542719,30.7136341
1428088359,76.7499726,30.7137239
1428088361,76.753389,30.7137307
1428088363,76.7623362,30.7137456
1428088364,76.7506604,30.7137034
1428088373,76.7620941,30.7138029
1428088374,76.7488865,30.7138094
1428088375,76.7519515,30.7137349
1428088376,76.7514583,30.7138162
1428088383,76.7528103,30.7138929
1428088387,76.7510176,30.7139176
1428088388,76.7604337,30.7139263
1428088389,76.7583096,30.7138955
1428088390,76.7491499,30.7139683
1428088393,76.7539162,30.7140647
1428088394,76.7596431,30.7140203
1428088397,76.7507894,30.7141865
1428088399,76.7502264,30.7141369
1428088401,76.7502837,30.714173
1428088403,76.7587586,30.7141738
1428088404,76.7609139,30.7142214
1428088405,76.7577787,30.7142049
1428088408,76.7496165,30.7142642
1428088410,76.760096,30.7142911
1428088412,76.7528113,30.7142416
1428088415,76.7579613,30.7143143
1428088419,76.7516603,30.7144522
1428088421,76.7536257,30.7144184
1428088422,76.7555013,30.7144035
1428088425,76.7499413,30.7144614
1428088429,76.7592609,30.714484
1428088430,76.7508272,30.7145036
1428088432,76.7574473,30.7146123
1428088434,76.7605959,30.7145901
1428088437,76.7503028,30.7146809
1428088443,76.7534315,30.7146501
1428088445,76.7520596,30.7146892
1428088449,76.7525012,30.7148124
1428088451,76.7551853,30.7147902
1428088452,76.7511271,30.7148386
1428088453,76.7522983,30.7148513
1428088454,76.7562428,30.7148676
1428088455,76.7589208,30.7148963
1428088458,76.7571659,30.7149579
1428088461,76.7529564,30.715096
1428088462,76.754056,30.7150323
1428088463,76.752086,30.7151284
1428088465,76.7548468,30.7152054
1428088466,76.7593699,30.715168
1428088467,76.7515937,30.7152398
1428088470,76.7559328,30.7152221
1428088471,76.756846,30.7153282
1428088472,76.7585704,30.71532
1428088475,76.7518596,30.7154001
1428088477,76.7526408,30.715473
1428088478,76.7546706,30.7154021
1428088479,76.7598714,30.7154716
1428088480,76.7570705,30.7154682
1428088481,76.7536523,30.7155297
1428088484,76.7528862,30.715618
1428088488,76.7583206,30.7156488
1428088489,76.7519198,30.7155369
1428088491,76.7555731,30.7156735
1428088492,76.7575067,30.7157403
1428088494,76.7523591,30.7158094
1428088495,76.753342,30.7159104
1428088496,76.7595092,30.7159122
1428088498,76.7554074,30.7158719
1428088501,76.7597191,30.7160447
1428088502,76.7580129,30.7160561
1428088505,76.7591983,30.716186
1428088506,76.7571711,30.7161491
1428088509,76.7530666,30.7162483
1428088510,76.7551203,30.7162219
1428088511,76.7583677,30.7162775
1428088514,76.7595817,30.7164177
1428088515,76.7596647,30.7164679
1428088516,76.752872,30.7164894
1428088519,76.7588588,30.7165838
1428088521,76.7547408,30.7166714
1428088522,76.7567681,30.7166398
1428088523,76.7580363,30.7166731
1428088528,76.7559843,30.7167456
1428088532,76.7564534,30.71703
1428088535,76.7556053,30.7171918
1428088536,76.7576211,30.7171678
1428088537,76.7581025,30.7174658
1428088538,76.7572884,30.7175362
1428088539,76.7552534,30.7176089
1428088540,76.7577879,30.7178389
1428088541,76.756917,30.7179813
1428088542,76.7565604,30.7184107
1428088545,76.7575954,30.7188899
1428104566,76.7559632,30.7005443
1428104568,76.7559104,30.7006183
1428104571,76.7570412,30.7015496
1428104573,76.7566868,30.7019616
1428104582,76.7575884,30.702511
1428104591,76.7587288,30.7032057
1428104601,76.7568184,30.7034556
1428104606,76.760805,30.7035655
1428104609,76.7583561,30.7036619
1428104610,76.7607395,30.7036442
1428104614,76.7596415,30.7037618
1428104618,76.7551426,30.7038282
1428104621,76.759837,30.7038809
1428104622,76.7564969,30.7038318
1428104623,76.7587124,30.7039193
1428104626,76.7600248,30.7039953
1428104630,76.7567416,30.7040688
1428104635,76.7603105,30.7041693
1428104636,76.7579659,30.7041426
1428104640,76.7566424,30.704193
1428104641,76.7592535,30.704248
1428104644,76.7547224,30.7043361
1428104646,76.7564225,30.7044543
1428104649,76.754365,30.7044616
1428104651,76.7563375,30.7045536
1428104654,76.7545286,30.7045627
1428104657,76.7562565,30.7046482
1428104658,76.7599915,30.7045412
1428104659,76.757311,30.7046161
1428104662,76.7589952,30.7046402
1428104663,76.7588151,30.7046315
1428104665,76.7561091,30.7048205
1428104667,76.7620674,30.7047744
1428104668,76.7599992,30.7048039
1428104670,76.7559338,30.7050253
1428104671,76.7558928,30.7050733
1428104672,76.7569212,30.7050595
1428104674,76.7557011,30.7052879
1428104676,76.7548165,30.7053357
1428104677,76.7537509,30.7055037
1428104679,76.7552687,30.7057794
1428104680,76.7543634,30.7058917
1428104682,76.7646244,30.7060548
1428104683,76.7547602,30.706143
1428104685,76.7531619,30.7061936
1428104688,76.7528553,30.7062518
1428104692,76.7573761,30.7063327
1428104696,76.7538017,30.7065964
1428104700,76.7544021,30.706581
1428104705,76.754053,30.7069936
1428104706,76.7553279,30.7071594
1428104713,76.7556417,30.7073554
1428104715,76.767298,30.7074322
1428104717,76.7573052,30.7074406
1428104723,76.7670596,30.7074709
1428104724,76.7536972,30.707423
1428104733,76.7575237,30.7075563
1428104736,76.7675574,30.7076055
1428104737,76.7669088,30.7076329
1428104739,76.754989,30.7075733
1428104744,76.7534873,30.7076727
1428104745,76.767575,30.7078075
1428104746,76.7562884,30.7077594
1428104747,76.7552887,30.7077906
1428104751,76.7669397,30.7078803
1428104758,76.7673762,30.7080029
1428104760,76.7671522,30.7080175
1428104767,76.7546353,30.7080136
1428104770,76.7567857,30.7080701
1428104777,76.7559299,30.708191
1428104778,76.7549502,30.7082119
1428104780,76.754429,30.7082674
1428104785,76.764215,30.708476
1428104786,76.7555839,30.7086109
1428104792,76.7642204,30.7090716
1428104798,76.7652072,30.7090938
1428104802,76.7652136,30.7093486
1428104805,76.7556791,30.709393
1428104807,76.7556162,30.7094697
1428104808,76.7650387,30.709559
1428104809,76.7642291,30.7096423
1428104810,76.7642271,30.7098035
1428104819,76.7639214,30.7098118
1428104821,76.7628067,30.7098381
1428104823,76.7612071,30.7098506
1428104825,76.7593626,30.7098893
1428104827,76.7599501,30.7098917
1428104829,76.7647207,30.7099414
1428104831,76.7642374,30.71
1428104838,76.7632735,30.7101483
1428104839,76.7628865,30.7101612
1428104840,76.7627946,30.7101546
1428104841,76.7645105,30.7101626
1428104843,76.7613234,30.7101739
1428104848,76.7599384,30.710189
1428104860,76.764852,30.7103659
1428104862,76.762694,30.7103906
1428104864,76.7649307,30.7104128
1428104870,76.7642362,30.7104862
1428104871,76.7610717,30.7104739
1428104872,76.7629556,30.7105514
1428104873,76.7625311,30.7105848
1428104874,76.7603151,30.7106034
1428104885,76.7632951,30.7106006
1428104886,76.7631385,30.7106639
1428104887,76.7640853,30.7106643
1428104888,76.7634255,30.7106779
1428104889,76.7595853,30.7106694
1428104890,76.7614234,30.710692
1428104891,76.7628004,30.7107482
1428104896,76.7629736,30.7108542
1428104898,76.7630491,30.7108439
1428104900,76.7601359,30.7108169
1428104905,76.7607405,30.7108686
1428104909,76.7638569,30.7109338
1428104912,76.7632003,30.7109359
1428104914,76.7622272,30.710947
1428104916,76.7600265,30.7109474
1428104917,76.7606324,30.7109975
1428104918,76.7583562,30.7110769
1428104919,76.7625361,30.7111398
1428104920,76.7620928,30.7111072
1428104928,76.7582904,30.7111543
1428104930,76.7605613,30.7110822
1428104931,76.762816,30.7111577
1428104932,76.7636309,30.7112006
1428104933,76.760984,30.7112156
1428104935,76.761298,30.7112294
1428104936,76.7626747,30.7112263
1428104938,76.7597563,30.7112694
1428104940,76.7629942,30.7112647
1428104942,76.7611546,30.7113214
1428104948,76.762402,30.7112989
1428104950,76.7615054,30.711358
1428104952,76.7603068,30.7113856
1428104954,76.7595985,30.7114575
1428104956,76.76338,30.7114966
1428104958,76.7617533,30.7115118
1428104960,76.7601825,30.7115337
1428104962,76.7627633,30.711523
1428104963,76.7610607,30.7115046
1428104965,76.7606536,30.7116006
1428104969,76.7612724,30.7116359
1428104971,76.7620386,30.7116887
1428104973,76.760805,30.7116946
1428104975,76.7623124,30.7117465
1428104977,76.7600247,30.7117218
1428104979,76.7621746,30.711773
1428104980,76.7631527,30.7117645
1428104981,76.7624691,30.7118418
1428104982,76.7615203,30.7117896
1428104983,76.7607062,30.7118923
1428104984,76.7603714,30.7119369
1428104992,76.7618056,30.7119666
1428104994,76.760917,30.7120231
1428104995,76.762039,30.7120844
1428104996,76.7628772,30.71209
1428104997,76.761938,30.7120487
1428104998,76.7621974,30.7121783
1428104999,76.7611849,30.7121892
1428105000,76.7607778,30.7121889
1428105003,76.7614771,30.7123705
1428105016,76.7610458,30.7123551
1428105017,76.7626001,30.712417
1428105018,76.7616097,30.7124527
1428105019,76.7619844,30.7124434
1428105020,76.761338,30.7125363
1428105022,76.762364,30.7126956
1428105024,76.761708,30.7127658
1428119309,76.7624351,30.6961491
1428119310,76.7628305,30.6964006
1428119311,76.7625349,30.696755
1428119312,76.7619136,30.6967831
1428119313,76.7636913,30.6969479
1428119314,76.7623082,30.6970268
1428119315,76.7630609,30.6970649
1428119316,76.7616587,30.6970929
1428119318,76.7640941,30.697204
1428119319,76.7634222,30.6972781
1428119320,76.7628233,30.6973448
1428119321,76.7644653,30.69744
1428119323,76.7631687,30.6975892
1428119324,76.7647528,30.6976228
1428119326,76.7625525,30.697664
1428119328,76.761146,30.6977242
1428119331,76.7635601,30.6978367
1428119332,76.7651026,30.6978452
1428119333,76.7629176,30.6978973
1428119337,76.7616059,30.6980114
1428119339,76.7639398,30.6980667
1428119348,76.7642315,30.6982474
1428119349,76.7668238,30.6982516
1428119350,76.7666527,30.6982628
1428119360,76.762091,30.6983144
1428119362,76.7606687,30.6982839
1428119365,76.7665247,30.6984155
1428119366,76.7669774,30.6983808
1428119368,76.7645856,30.6984667
1428119370,76.7669803,30.6984874
1428119373,76.7665521,30.6985391
1428119374,76.7624182,30.6985187
1428119379,76.7668283,30.6986309
1428119381,76.7667812,30.69864
1428119383,76.7611443,30.6985731
1428119391,76.7649655,30.698702
1428119393,76.7626644,30.6986725
1428119396,76.7602585,30.6987949
1428119399,76.764229,30.6988227
1428119401,76.7616222,30.6988637
1428119402,76.7636191,30.6989332
1428119404,76.7646379,30.6990824
1428119405,76.7639644,30.6991499
1428119407,76.7627288,30.6993017
1428119409,76.7612047,30.6993835
1428119411,76.7643092,30.6993662
1428119412,76.765138,30.6994
1428119413,76.7620488,30.6994099
1428119414,76.7631121,30.6995384
1428119417,76.7624577,30.6996618
1428119419,76.7657562,30.699708
1428119420,76.7656414,30.6997197
1428119421,76.7591993,30.6996781
1428119422,76.7640174,30.6997232
1428119424,76.7617767,30.6997393
1428119425,76.7648706,30.6997184
1428119426,76.7634666,30.6997574
1428119427,76.7638284,30.6999571
1428119428,76.7645766,30.7000701
1428119429,76.7607561,30.7000064
1428119430,76.7588676,30.7000533
1428119432,76.763187,30.7001109
1428119437,76.7663496,30.7001805
1428119438,76.7664753,30.7001773
1428119441,76.7635284,30.7003212
1428119442,76.7643926,30.7002912
1428119443,76.7612955,30.7003295
1428119444,76.7586042,30.7003783
1428119446,76.7603857,30.7004354
1428119450,76.7660103,30.7005872
1428119451,76.7660933,30.700641
1428119452,76.7610185,30.7006574
1428119453,76.7640683,30.7006494
1428119456,76.7583356,30.700694
1428119458,76.7600619,30.7008057
1428119460,76.761445,30.7009216
1428119463,76.7594239,30.700879
1428119464,76.7676766,30.7009678
1428119466,76.7587319,30.7009372
1428119470,76.7669248,30.7011799
1428119471,76.7598134,30.7011171
1428119473,76.7606036,30.7011469
1428119477,76.7628217,30.7012569
1428119478,76.7662367,30.7012686
1428119479,76.7591663,30.7012039
1428119482,76.7584841,30.7012337
1428119486,76.7577857,30.7013443
1428119488,76.7672968,30.7014211
1428119490,76.7632032,30.70149
1428119495,76.7589268,30.7015043
1428119497,76.7659687,30.7015842
1428119498,76.7651767,30.7015863
1428119499,76.7625402,30.7016002
1428119502,76.7581902,30.7015901
1428119503,76.7652615,30.70164
1428119507,76.7725539,30.7017363
1428119514,76.7722886,30.7017906
1428119515,76.7629556,30.7017914
1428119517,76.7592966,30.7017303
1428119519,76.7607673,30.701804
1428119525,76.7669291,30.70186
1428119530,76.7728134,30.7019096
1428119535,76.7721552,30.7019674
1428119539,76.7627708,30.7020164
1428119544,76.7621237,30.7021081
1428119545,76.7728309,30.7021116
1428119546,76.7589992,30.7020872
1428119549,76.7660788,30.7021572
1428119552,76.7721959,30.7021842
1428119553,76.7635971,30.7021904
1428119554,76.7646571,30.7022091
1428119559,76.7647428,30.7022629
1428119560,76.7615484,30.7022838
1428119564,76.7726321,30.7023068
1428119566,76.7724081,30.7023213
1428119572,76.7625004,30.7023456
1428119578,76.7634175,30.7024046
1428119582,76.7618351,30.70246
1428119585,76.7689567,30.702497
1428119589,76.7620338,30.702582
1428119590,76.761245,30.7026339
1428119593,76.7600104,30.7027084
1428119595,76.7655741,30.7027844
1428119597,76.7610163,30.7028978
1428119598,76.7686017,30.7029142
1428119599,76.7617314,30.7029337
1428119600,76.7626126,30.7029376
1428119603,76.7626626,30.7030232
1428119605,76.765313,30.7030944
1428119617,76.7665967,30.7031867
1428119619,76.761503,30.7031992
1428119621,76.7607819,30.7031824
1428119629,76.7664667,30.7033442
1428119630,76.7658073,30.7034139
1428119631,76.765031,30.7034293
1428119637,76.7635802,30.7034997
1428119639,76.7612795,30.7034881
1428119651,76.7680194,30.7035985
1428119654,76.7636215,30.7036061
1428119656,76.7662002,30.703667
1428119658,76.7679563,30.7036726
1428119660,76.7693763,30.7036795
1428119662,76.7637053,30.7036642
1428119663,76.762741,30.7037137
1428119666,76.7647778,30.7037301
1428119668,76.7655431,30.7037352
1428119672,76.7619851,30.7038572
1428119674,76.7659358,30.7039874
1428119676,76.7624128,30.7041053
1428119678,76.7644491,30.7041203
1428119680,76.7633545,30.7041067
1428119682,76.7675299,30.7041736
1428119691,76.7689393,30.7041936
1428119692,76.7615939,30.7041809
1428119693,76.7688809,30.7042622
1428119695,76.7616776,30.7042319
1428119696,76.7656744,30.7043041
1428119705,76.7630483,30.7044931
1428119707,76.7694426,30.7045192
1428119709,76.7640696,30.7045647
1428119712,76.7693865,30.7045846
1428119715,76.7653559,30.70469
1428119717,76.7653827,30.7047068
1428119719,76.7684462,30.7047499
1428119726,76.7698923,30.7048102
1428119728,76.7698362,30.7048714
1428119732,76.7668769,30.704941
1428119734,76.7658452,30.7049974
1428119736,76.7637133,30.7049819
1428119745,76.7682098,30.7050263
1428119747,76.7689649,30.705076
1428119750,76.7671915,30.7051364
1428119756,76.7649979,30.7051593
1428119762,76.7687253,30.7053572
1428119768,76.7654951,30.705412
1428119770,76.7689649,30.705511
1428119772,76.767795,30.7055114
1428119774,76.7668489,30.7055491
1428119777,76.7646491,30.7055693
1428119785,76.7681976,30.7057615
1428119786,76.7673266,30.7058419
1428119787,76.7651152,30.7058619
1428119788,76.7685506,30.7059738
1428119789,76.7664658,30.7060106
1428119790,76.7678539,30.706165
1428119791,76.7660525,30.7064613
1428119792,76.7665552,30.7067659
1428152140,76.7666413,30.6893496
1428152146,76.7677296,30.6905169
1428152150,76.7681743,30.6907961
1428152153,76.76675,30.6908388
1428152155,76.7685967,30.6910611
1428152157,76.7671624,30.6910933
1428152159,76.766785,30.6911394
1428152161,76.76722,30.6911289
1428152164,76.7673427,30.6912046
1428152166,76.766993,30.691295
1428152170,76.7666139,30.6913194
1428152172,76.7690381,30.6913381
1428152176,76.7663223,30.6913569
1428152178,76.7671926,30.6913832
1428152180,76.7676673,30.6914049
1428152185,76.7677807,30.6914749
1428152186,76.7664968,30.6914646
1428152187,76.7668518,30.6914663
1428152188,76.7674401,30.691536
1428152189,76.7694531,30.6915986
1428152191,76.7670321,30.6915775
1428152193,76.7663335,30.6916574
1428152194,76.7667347,30.6916114
1428152206,76.7676306,30.6916535
1428152207,76.768092,30.691667
1428152208,76.7669135,30.6917218
1428152209,76.7672796,30.6917303
1428152210,76.7665578,30.6918165
1428152211,76.7661329,30.6918862
1428152212,76.7667504,30.6919103
1428152226,76.765834,30.6919351
1428152230,76.768018,30.6918926
1428152231,76.7671625,30.6918754
1428152232,76.7685319,30.6919384
1428152233,76.7690982,30.6920262
1428152234,76.766375,30.6920356
1428152235,76.7660044,30.6920403
1428152236,76.7673382,30.6919907
1428152245,76.7669959,30.6920618
1428152251,76.7665538,30.692146
1428152254,76.7671265,30.6921424
1428152258,76.7662637,30.6922003
1428152259,76.76831,30.692203
1428152260,76.7667993,30.6922974
1428152264,76.7664253,30.6923
1428152266,76.766159,30.6923257
1428152268,76.7657112,30.6923814
1428152276,76.7663244,30.6924209
1428152278,76.7654227,30.692428
1428152279,76.7697605,30.6924454
1428152281,76.7666707,30.6924515
1428152286,76.7687155,30.6924726
1428152296,76.7655847,30.6925305
1428152298,76.7659757,30.6925453
1428152299,76.7665554,30.6925745
1428152301,76.7712569,30.6925768
1428152303,76.7669154,30.6926025
1428152310,76.7679682,30.6926022
1428152311,76.7661373,30.6926451
1428152312,76.7658524,30.6926931
1428152313,76.7711779,30.6926811
1428152315,76.765391,30.6927409
1428152327,76.7660121,30.6927917
1428152328,76.766382,30.692796
1428152330,76.7653246,30.6928204
1428152331,76.7649283,30.692863
1428152332,76.7693759,30.6929117
1428152333,76.7684079,30.6928657
1428152335,76.7656692,30.6929125
1428152343,76.765028,30.6929238
1428152345,76.7662586,30.6929438
1428152346,76.7725136,30.6928299
1428152347,76.7656074,30.6929867
1428152348,76.7658275,30.693013
1428152349,76.7725985,30.6928811
1428152358,76.7723838,30.692995
1428152360,76.765775,30.6930759
1428152362,76.7698835,30.6930859
1428152364,76.7724589,30.6930439
1428152365,76.7708157,30.6931133
1428152366,76.7647154,30.6931251
1428152371,76.7713769,30.69315
1428152373,76.766074,30.6931651
1428152380,76.7660017,30.6932517
1428152381,76.7670568,30.693263
1428152384,76.7727811,30.693243
1428152386,76.7680338,30.6932878
1428152388,76.7690471,30.6933104
1428152390,76.7672758,30.6934026
1428152392,76.7644543,30.6934341
1428152393,76.7692544,30.6934406
1428152395,76.7705201,30.6934729
1428152400,76.7660944,30.6935761
1428152405,76.7677138,30.6936775
1428152407,76.7656117,30.6936868
1428152409,76.7697004,30.6937149
1428152421,76.7641591,30.6937835
1428152423,76.7689112,30.6938439
1428152425,76.7658664,30.6938464
1428152431,76.7701126,30.6939684
1428152433,76.7653509,30.6940012
1428152441,76.7638651,30.6941315
1428152443,76.7704858,30.6941978
1428152446,76.7685954,30.6942151
1428152458,76.7650701,30.6943397
1428152468,76.7635791,30.69447
1428152470,76.7690407,30.6944907
1428152478,76.7710798,30.6945631
1428152480,76.7711535,30.6946083
1428152484,76.7647785,30.6946914
1428152490,76.769457,30.6947484
1428152497,76.763276,30.6948288
1428152505,76.7646347,30.6948647
1428152509,76.7693315,30.6948976
1428152514,76.7707882,30.6949149
1428152516,76.7716771,30.6948378
1428152521,76.7708607,30.6949597
1428152523,76.7644853,30.6950448
1428152529,76.7673553,30.6950568
1428152534,76.7629926,30.6951642
1428152536,76.7675391,30.6951719
1428152538,76.7658369,30.6951916
1428152544,76.7713446,30.6952587
1428152545,76.7680358,30.6952784
1428152546,76.7642056,30.695382
1428152547,76.7679249,30.6954135
1428152549,76.7670692,30.6954158
1428152560,76.7656056,30.6954674
1428152563,76.7711358,30.6955121
1428152565,76.7627438,30.6954647
1428152567,76.7672454,30.6955242
1428152570,76.7655224,30.6955667
1428152578,76.766522,30.6956299
1428152582,76.7698837,30.6957117
1428152590,76.7639096,30.6957388
1428152595,76.7699458,30.6957524
1428152597,76.7676367,30.6957647
1428152613,76.7652368,30.6959073
1428152618,76.7707807,30.6959432
1428152619,76.7679702,30.6959697
1428152622,76.7662033,30.6959981
1428152631,76.7636693,30.6960355
1428152637,76.7735944,30.6960815
1428152641,76.7673078,30.6961327
1428152643,76.7706353,30.6961631
1428152679,76.7659095,30.6963376
1428152680,76.7648721,30.696342
1428152681,76.7676454,30.6963438
1428152707,76.7660102,30.6964021
1428152723,76.773276,30.6964507
1428152725,76.7776734,30.6964985
1428152739,76.7669964,30.6965006
1428152746,76.7647013,30.696515
1428152768,76.7775238,30.6966676
1428152784,76.7660666,30.6966869
1428152790,76.7682047,30.6966927
1428152793,76.7682647,30.6967302
1428152794,76.7730981,30.6967396
1428152832,76.7667042,30.696846
1428152843,76.7733418,30.696892
1428152849,76.7655887,30.6968978
1428152870,76.7664249,30.6969307
1428152876,76.7657838,30.6970188
1428152880,76.7654869,30.6970195
1428152882,76.767037,30.697059
1428152892,76.7678819,30.6970731
1428152895,76.7679459,30.6971139
1428152904,76.7653171,30.6972172
1428152914,76.7655924,30.6972433
1428152915,76.7661585,30.6972512
1428152924,76.7684156,30.6974125
1428152927,76.7692042,30.6973587
1428152940,76.7659532,30.6974981
1428152942,76.7666266,30.6975415
1428152947,76.7681852,30.6976844
1428152951,76.7689042,30.6977231
1428152954,76.7663431,30.6978775
1428152966,76.7678552,30.698074
1428152979,76.7719102,30.698321
1428152985,76.7728736,30.6983324
1428152989,76.7718323,30.6984114
1428152998,76.7675241,30.6984648
1428153010,76.7674316,30.6985738
1428153012,76.7701666,30.6986508
1428153035,76.7724969,30.698785
1428153036,76.7700163,30.6988415
1428153038,76.7715122,30.6987822
1428153054,76.7728356,30.6989955
1428153061,76.7711925,30.6991685
1428153072,76.769679,30.6992215
1428153077,76.7743558,30.6992555
1428153086,76.7716567,30.6993154
1428153097,76.7725512,30.699347
1428153101,76.7747805,30.6995463
1428153103,76.7693559,30.6995854
1428153108,76.7695139,30.699682
1428153119,76.7713497,30.6997025
1428153120,76.7739709,30.6997013
1428153121,76.7722661,30.6996919
1428153127,76.7701788,30.7000279
1428153129,76.7710989,30.7000228
1428153132,76.7736763,30.7000563
1428153143,76.7719392,30.7000884
1428153144,76.7703834,30.7001573
1428153146,76.7733931,30.70039
1428153148,76.7707964,30.7004182
1428153149,76.7730401,30.700809
1428153152,76.7727835,30.7011158
1428153155,76.7729314,30.7012118
1428153167,76.7722155,30.7013256
1428212951,76.7806553,30.6935304
1428212967,76.7989477,30.6946463
1428212991,76.7985723,30.6948174
1428213001,76.7992354,30.6948649
1428213007,76.7881646,30.6948443
1428213010,76.7888366,30.6948831
1428213013,76.798543,30.6949776
1428213017,76.7894813,30.6949682
1428213039,76.791623,30.6951721
1428213046,76.7988212,30.695207
1428213049,76.7941135,30.695265
1428213052,76.7924043,30.6953617
1428213066,76.7944974,30.6955646
1428213067,76.7840119,30.6956693
1428213070,76.7954616,30.6956134
1428213071,76.7846994,30.6957344
1428213073,76.7930688,30.6957749
1428213074,76.7853448,30.6957955
1428213076,76.7860041,30.6958579
1428213077,76.7864242,30.6958731
1428213078,76.7866572,30.6959197
1428213081,76.7873516,30.6959823
1428213085,76.7934712,30.6960251
1428213087,76.7880307,30.6960496
1428213088,76.7835856,30.6960497
1428213092,76.7886839,30.6961092
1428213095,76.7845436,30.696141
1428213096,76.7962429,30.6959221
1428213099,76.7891416,30.696163
1428213101,76.7893305,30.6961926
1428213102,76.7852305,30.6962065
1428213103,76.783438,30.696219
1428213105,76.7859113,30.6962714
1428213108,76.7863835,30.6962903
1428213109,76.789968,30.6963202
1428213111,76.7810857,30.6962964
1428213112,76.7836976,30.6963676
1428213113,76.7901119,30.6963619
1428213119,76.7931163,30.6964485
1428213122,76.7905823,30.6964983
1428213129,76.781461,30.6965329
1428213132,76.7909075,30.6966209
1428213136,76.7778657,30.6965088
1428213140,76.7935615,30.6967257
1428213146,76.7912731,30.6967822
1428213148,76.7844098,30.69679
1428213157,76.7927273,30.6969124
1428213160,76.790684,30.6968848
1428213165,76.782772,30.6969825
1428213167,76.7810514,30.6970201
1428213168,76.7776885,30.6966864
1428213170,76.7919244,30.6971097
1428213171,76.7941939,30.6971196
1428213174,76.7862398,30.6971669
1428213175,76.7825574,30.6972236
1428213176,76.7843151,30.6970704
1428213177,76.7808207,30.6972851
1428213182,76.7923442,30.6973693
1428213183,76.7835166,30.6974389
1428213184,76.7840988,30.6974501
1428213186,76.7949151,30.6975687
1428213187,76.7901196,30.6975451
1428213188,76.780045,30.6975116
1428213193,76.7787866,30.6976617
1428213194,76.7920405,30.6977331
1428213196,76.7846662,30.6978138
1428213198,76.7836896,30.6979369
1428213199,76.7858652,30.6979801
1428213200,76.7945261,30.6980327
1428213202,76.7876164,30.6980408
1428213205,76.7782124,30.6982955
1428213206,76.7852199,30.6981687
1428213207,76.7895402,30.6982298
1428213208,76.7798712,30.6983741
1428213209,76.7914839,30.6983935
1428213210,76.7832533,30.6984418
1428213212,76.7882566,30.6984381
1428213214,76.7941334,30.698501
1428213216,76.7838156,30.6987983
1428213218,76.7805747,30.6988312
1428213220,76.7793481,30.6989976
1428213222,76.7889849,30.69889
1428213226,76.7851282,30.6989457
1428213228,76.7909534,30.6990319
1428213229,76.7909154,30.6990747
1428213230,76.7843828,30.699158
1428213232,76.7751698,30.6992852
1428213233,76.7813047,30.6992505
1428213241,76.7847753,30.6993834
1428213242,76.7883907,30.6995803
1428213244,76.7825898,30.6997191
1428213246,76.7903881,30.6997105
1428213250,76.7903608,30.6997438
1428213251,76.7808623,30.6997873
1428213259,76.7796937,30.6998084
1428213260,76.7836832,30.699934
1428213262,76.7824531,30.6998796
1428213269,76.7748834,30.6999622
1428213271,76.7785772,30.6998992
1428213275,76.7836003,30.7000256
1428213278,76.7750471,30.7000651
1428213281,76.7796487,30.7000193
1428213284,76.7841435,30.7002237
1428213287,76.779019,30.7002968
1428213288,76.7840704,30.7003156
1428213290,76.7768887,30.7003677
1428213293,76.7930514,30.7003452
1428213295,76.7898305,30.7003734
1428213301,76.7897688,30.7004406
1428213302,76.780353,30.7003531
1428213303,76.7819487,30.7004672
1428213304,76.7788455,30.700494
1428213305,76.7746276,30.7005618
1428213316,76.7841737,30.7007496
1428213318,76.7764252,30.7009308
1428213323,76.7840199,30.7009512
1428213324,76.7924645,30.7009718
1428213325,76.7742096,30.7010568
1428213336,76.7814501,30.7010494
1428213337,76.7755213,30.7011119
1428213339,76.7782471,30.7012232
1428213340,76.7891631,30.7011782
1428213341,76.7816886,30.7012076
1428213343,76.7769648,30.7012698
1428213345,76.7825406,30.7012823
1428213349,76.788993,30.7013659
1428213351,76.7802381,30.7013657
1428213352,76.773799,30.701543
1428213357,76.7822851,30.7015729
1428213358,76.7918504,30.7016214
1428213363,76.777792,30.7017651
1428213364,76.7833379,30.7017794
1428213367,76.7853398,30.7018062
1428213371,76.7764521,30.7018854
1428213374,76.775593,30.7019255
1428213375,76.7835753,30.7019274
1428213377,76.781083,30.7018945
1428213405,76.7761351,30.702266
1428213406,76.7771001,30.7022727
1428213408,76.7812503,30.7023195
1428213417,76.7831995,30.7023842
1428213418,76.7863575,30.7023823
1428213420,76.7911365,30.7023845
1428213422,76.7815372,30.7024947
1428213423,76.7844927,30.7024994
1428213426,76.7804351,30.7025331
1428213427,76.7846592,30.7026032
1428213429,76.7880127,30.7025334
1428213432,76.7829246,30.7027184
1428213433,76.7767425,30.7026439
1428213437,76.7757319,30.7027502
1428213451,76.7841245,30.7029334
1428213454,76.7852659,30.7030241
1428213456,76.7858535,30.7029949
1428213459,76.7775632,30.7031421
1428213464,76.7906337,30.7031546
1428213469,76.7890609,30.7031926
1428213470,76.7905744,30.7032167
1428213471,76.7908137,30.7032214
1428213472,76.775329,30.7032339
1428213474,76.788376,30.7032776
1428213477,76.7766211,30.7033055
1428213480,76.7877821,30.7032901
1428213483,76.7890971,30.7034239
1428213490,76.7900422,30.7035594
1428213491,76.7853626,30.7035616
1428213493,76.7881633,30.703533
1428213494,76.7898773,30.7035764
1428213501,76.7771479,30.7036374
1428213530,76.7762164,30.7037927
1428213532,76.7904413,30.7038176
1428213542,76.7895616,30.7039011
1428213544,76.7872768,30.7038925
1428213549,76.7904677,30.7039654
1428213550,76.7768651,30.7039748
1428213554,76.7760231,30.7040253
1428213560,76.7895816,30.7040738
1428213570,76.7815151,30.7040604
1428213577,76.7793559,30.7042294
1428213585,76.7765943,30.7042978
1428213586,76.7901934,30.704309
1428213590,76.7899761,30.7043397
1428213599,76.7823115,30.7043689
1428213600,76.7846633,30.7044324
1428213602,76.7798802,30.7045474
1428213603,76.7808466,30.7044881
1428213604,76.7822086,30.7044889
1428213605,76.7893098,30.7046392
1428213607,76.7827083,30.7046184
1428213610,76.7789096,30.7047471
1428213615,76.7804932,30.7049191
1428213616,76.7831151,30.7048742
1428213617,76.7855647,30.7049967
1428213618,76.7786411,30.7050936
1428213619,76.7817352,30.7050239
1428213626,76.7835324,30.7051366
1428213631,76.780189,30.7052882
1428213632,76.7887856,30.705352
1428213634,76.7810406,30.7052952
1428213636,76.7821426,30.7052844
1428213637,76.7860753,30.7053142
1428213639,76.7861111,30.7053364
1428213642,76.7791413,30.705416
1428213643,76.7838759,30.7053526
1428213646,76.7813548,30.7054813
1428213654,76.7825435,30.7055428
1428213655,76.7795097,30.7055816
1428213656,76.7864758,30.7055631
1428213658,76.7807339,30.7056498
1428213659,76.783675,30.7056099
1428213664,76.7788832,30.7057193
1428213665,76.781206,30.7056623
1428213668,76.7798035,30.705742
1428213671,76.782964,30.7058037
1428213672,76.7810474,30.7058466
1428213673,76.7795502,30.7060187
1428213681,76.7816147,30.7059274
1428213682,76.7804117,30.7060088
1428213692,76.7793091,30.7062611
1428213697,76.7845912,30.7061619
1428213698,76.780735,30.7062179
1428213700,76.7820237,30.7061927
1428213701,76.7872083,30.7061947
1428213703,76.7792641,30.7063228
1428213705,76.7793763,30.7063008
1428213707,76.780137,30.7063332
1428213710,76.7873248,30.7063396
1428213713,76.7806115,30.7063706
1428213720,76.7824304,30.7064565
1428213725,76.7793272,30.7063635
1428213726,76.785133,30.7064884
1428213728,76.7804617,30.7065426
1428213731,76.7810299,30.7066356
1428213735,76.7803331,30.7066955
1428213736,76.7789579,30.7067625
1428213739,76.7807761,30.7069413
1428213740,76.7814471,30.7068998
1428213741,76.7812111,30.7071872
1428213742,76.7818502,30.7071551
1428213743,76.7836532,30.7072498
1428213744,76.7816098,30.7074434
1428213758,76.7848527,30.7078139
1428213769,76.7830859,30.7079377
1428213770,76.7845418,30.7080286
1428213773,76.7828446,30.7081997
1428213779,76.7829255,30.7085239
1428213780,76.7842442,30.7085598
1428213792,76.7838084,30.7088063
1428213799,76.7835696,30.7088444
1428213811,76.7834084,30.709037
1428213812,76.7840894,30.7090383
1428213814,76.7840961,30.7091075
1428213816,76.7834241,30.7092105
1428213824,76.7839338,30.7093552
1428213830,76.7837172,30.7093999
1428254388,76.773104,30.7048064
1428254396,76.7699218,30.7048766
1428254431,76.7736058,30.7051142
1428254433,76.7728454,30.7051297
1428254437,76.7703714,30.7051593
1428254459,76.7766005,30.7056767
1428254462,76.7758188,30.7057718
1428254469,76.7698548,30.7057944
1428254484,76.769293,30.705864
1428254489,76.7762763,30.7060624
1428254496,76.7772568,30.7060897
1428254499,76.7696339,30.7060704
1428254513,76.777355,30.7061515
1428254514,76.771983,30.7061726
1428254521,76.7704864,30.7061778
1428254527,76.7754178,30.7062462
1428254539,76.7767559,30.7063669
1428254544,76.7688776,30.7063492
1428254563,76.7702587,30.7064487
1428254571,76.7691469,30.7065207
1428254582,76.7711941,30.7066073
1428254590,76.7714784,30.7067799
1428254602,76.7765036,30.7069332
1428254609,76.7698221,30.706951
1428254620,76.7687058,30.7070378
1428254642,76.7692477,30.7073717
1428254643,76.770514,30.7073918
1428254666,76.769616,30.7075987
1428254678,76.7702955,30.7076644
1428254690,76.7681238,30.7077183
1428254710,76.7779984,30.7079185
1428254712,76.7700927,30.7078924
1428254736,76.7686443,30.7080459
1428254752,76.7721958,30.7081523
1428254776,76.7690353,30.708292
1428254779,76.76975,30.7083135
1428254784,76.7688305,30.7085243
1428254792,76.7753205,30.7085903
1428254802,76.7718089,30.7086153
1428254804,76.7702618,30.7086288
1428254819,76.7831382,30.7087744
1428254823,76.7693106,30.7088068
1428254840,76.7733753,30.7088958
1428254854,76.7723029,30.7089257
1428254855,76.7759183,30.7089703
1428254856,76.7707724,30.7089433
1428254890,76.7698273,30.7091355
1428254900,76.7726711,30.7091571
1428254917,76.7756676,30.7092663
1428254928,76.7712785,30.7092551
1428254945,76.7729869,30.7093555
1428254947,76.7703299,30.7094375
1428254957,76.774344,30.7095064
1428254958,76.7831944,30.7095652
1428254961,76.775398,30.7095861
1428254964,76.7831893,30.7097224
1428254965,76.7708346,30.7097598
1428254967,76.7714786,30.7098721
1428254977,76.771332,30.7100414
1428254985,76.7718621,30.7101011
1428254989,76.7754866,30.7102176
1428254992,76.7721814,30.7102917
1428254996,76.7782619,30.7104628
1428255001,76.7751884,30.7105558
1428255004,76.7786659,30.710713
1428255005,76.7732563,30.7108022
1428255011,76.7785214,30.7108871
1428255012,76.7766522,30.7109432
1428255015,76.7748355,30.710958
1428255019,76.7729391,30.7110676
1428255021,76.772768,30.7110788
1428255030,76.7730673,30.7111534
1428255040,76.77264,30.7112315
1428255044,76.7782349,30.7112267
1428255046,76.7730956,30.7113034
1428255049,76.7763561,30.7112812
1428255052,76.7726674,30.7113551
1428255059,76.7729914,30.7114276
1428255062,76.7728082,30.7114501
1428255070,76.7798503,30.7114319
1428255077,76.7762002,30.7114659
1428255085,76.7779796,30.7115337
1428255089,76.7743064,30.7115994
1428255090,76.779676,30.7116039
1428255092,76.7725041,30.7116901
1428255093,76.7760013,30.7116886
1428255100,76.7741523,30.7117764
1428255102,76.777742,30.7118138
1428255109,76.7793699,30.7119241
1428255111,76.778751,30.7120102
1428255119,76.7774903,30.7121137
1428255121,76.7790984,30.71221
1428255123,76.7773941,30.7122201
1428255124,76.7785073,30.7122918
1428255125,76.775478,30.7123131
1428255126,76.7772278,30.712423
1428255131,76.7782554,30.7125866
1428255134,76.7776101,30.7126646
1428255136,76.7785661,30.7127639
1428255138,76.7773352,30.7129968
1428255140,76.776692,30.7130543
1428255142,76.7782674,30.7130654
1428255143,76.7765059,30.7132863
1428255149,76.7770209,30.713364
1428255151,76.777972,30.7133786
1428255153,76.7768765,30.7135328
1428255156,76.7776391,30.713721
1428255157,76.777466,30.713905
1428255174,76.7785264,30.7144601
1428255189,76.7782876,30.7144982
1428255212,76.7787852,30.7146336
1428255223,76.7781264,30.7146908
1428255241,76.7781421,30.7148643
1428255268,76.7786518,30.715009
1428255275,76.7784352,30.7150536
1428280105,76.7680625,30.7088976
1428280109,76.7687694,30.7093333
1428280113,76.769474,30.7097676
1428280116,76.7697699,30.70995
1428280119,76.7659999,30.7101088
1428280122,76.7703672,30.7103181
1428280123,76.769008,30.7103352
1428280127,76.7706551,30.7104956
1428280129,76.7693056,30.7105216
1428280130,76.7667138,30.7105486
1428280132,76.7654661,30.710752
1428280133,76.7712204,30.710844
1428280138,76.7698838,30.7108837
1428280141,76.7685726,30.7108529
1428280143,76.7674047,30.7109741
1428280146,76.7715458,30.7110446
1428280147,76.7659364,30.7110499
1428280150,76.7701755,30.7110664
1428280153,76.7718116,30.7112084
1428280154,76.7678029,30.7112194
1428280158,76.7707339,30.7114162
1428280161,76.7684077,30.7115101
1428280164,76.7641861,30.7115003
1428280168,76.7654778,30.7115898
1428280169,76.7710497,30.7116139
1428280170,76.7674822,30.7116142
1428280171,76.7697253,30.7115876
1428280172,76.7644397,30.7116601
1428280173,76.7713089,30.7117763
1428280176,76.7672595,30.7118883
1428280178,76.770213,30.7118927
1428280179,76.7680444,30.7119566
1428280183,76.7693143,30.7120698
1428280187,76.76507,30.7120571
1428280191,76.7639808,30.7122237
1428280197,76.7690811,30.7123337
1428280200,76.7668359,30.7124099
1428280201,76.7709251,30.7123916
1428280202,76.7656079,30.7123958
1428280204,76.7739201,30.7124737
1428280205,76.7637701,30.712477
1428280207,76.7745183,30.712512
1428280209,76.7695632,30.7126358
1428280212,76.7743342,30.7127309
1428280214,76.7662062,30.7127726
1428280216,76.7715987,30.7128117
1428280221,76.765136,30.7129559
1428280222,76.766422,30.7129085
1428280225,76.7633322,30.7130035
1428280235,76.7733498,30.713173
1428280238,76.7649159,30.7132107
1428280240,76.7628678,30.713249
1428280243,76.7723642,30.7132799
1428280245,76.7638771,30.7133416
1428280248,76.7630352,30.7133597
1428280251,76.7737525,30.7134225
1428280261,76.7635613,30.7137079
1428280262,76.7644799,30.7137157
1428280263,76.7729517,30.7136442
1428280266,76.7653765,30.7137665
1428280267,76.7743591,30.7137984
1428280270,76.764312,30.7139101
1428280272,76.7697852,30.713901
1428280275,76.7632835,30.7140301
1428280276,76.7659732,30.7141382
1428280278,76.7640861,30.7141717
1428280279,76.770267,30.714194
1428280284,76.7649273,30.7142977
1428280286,76.7694388,30.7143336
1428280287,76.7663149,30.7143511
1428280289,76.7705523,30.7143691
1428280290,76.7639118,30.7143736
1428280293,76.7677575,30.7143618
1428280294,76.7753874,30.7144355
1428280300,76.7647082,30.7145568
1428280301,76.7699037,30.7146293
1428280303,76.7741039,30.7147194
1428280304,76.7698286,30.7147192
1428280305,76.7669065,30.7147196
1428280307,76.7683256,30.7147108
1428280308,76.7690857,30.7147724
1428280311,76.7760658,30.7148558
1428280312,76.7711446,30.7148219
1428280314,76.7716942,30.7148876
1428280317,76.7653125,30.7149308
1428280318,76.7672734,30.714948
1428280320,76.7739787,30.7149147
1428280322,76.7702455,30.7149831
1428280323,76.7687518,30.7149634
1428280324,76.7695489,30.7150541
1428280327,76.7715498,30.7150731
1428280329,76.7656453,30.7151367
1428280330,76.772135,30.7151558
1428280337,76.769283,30.7152556
1428280338,76.7654731,30.7153387
1428280339,76.7746342,30.7153284
1428280341,76.7706768,30.7153882
1428280345,76.7662572,30.715514
1428280347,76.7734719,30.7155189
1428280348,76.769773,30.7155526
1428280349,76.7717327,30.715646
1428280351,76.7660943,30.7157132
1428280352,76.7666227,30.7157408
1428280353,76.7723876,30.7157674
1428280354,76.771604,30.7158028
1428280355,76.7753219,30.7157625
1428280356,76.7701325,30.7157705
1428280357,76.7702809,30.7158604
1428280358,76.7722293,30.7159561
1428280363,76.772005,30.7162201
1428280364,76.772931,30.7161419
1428280366,76.7696077,30.7164051
1428280367,76.7748229,30.716356
1428280369,76.7681794,30.7165212
1428280370,76.7699524,30.7166226
1428280371,76.7751755,30.7165745
1428280374,76.7716188,30.7166713
1428280375,76.767872,30.7169976
1428280385,76.7723077,30.7168058
1428280393,76.7705272,30.716985
1428280394,76.7686449,30.7170081
1428280401,76.7742538,30.7170576
1428280405,76.7689418,30.7171945
1428280412,76.770882,30.7172088
1428280415,76.7678203,30.7170598
1428280418,76.7692753,30.7174038
1428280421,76.7714968,30.7175966
1428280423,76.7698546,30.7177674
1428280427,76.7702175,30.7179951
1428280428,76.7734637,30.7179747
1428280429,76.7710505,30.7181203
1428280430,76.7723894,30.7181595
1428280432,76.7700497,30.7181936
1428280433,76.7708294,30.7183798
1428280435,76.7729945,30.7185411
1428280436,76.7706458,30.7185953
1428280437,76.7719535,30.7186907
1428280440,76.7717439,30.7189461
1428280441,76.7723396,30.7193149
1428280445,76.7740381,30.7198658
1428280446,76.7738704,30.7198276
1428280455,76.7726363,30.7199878
1428280456,76.7734395,30.7201538
1428280459,76.7727258,30.7201782
1428280463,76.7731234,30.7202406
1428280481,76.7738287,30.7203955
1428280490,76.7729589,30.7204955
1428280499,76.7729789,30.7206682
1428280500,76.7738308,30.7206937
1428280517,76.7732833,30.7209197
1428311915,76.7624257,30.7140947
1428311917,76.7617422,30.7142343
1428311919,76.7619277,30.7143466
1428311920,76.7620917,30.714448
1428311921,76.7631944,30.7145827
1428311923,76.7617237,30.7146043
1428311925,76.7640035,30.7148579
1428311927,76.7636678,30.7148831
1428311928,76.7638766,30.7150158
1428311929,76.7613735,30.7150207
1428311930,76.7644868,30.715157
1428311933,76.7609423,30.7151822
1428311934,76.7626851,30.7151833
1428311936,76.7643744,30.7153187
1428311938,76.7611248,30.7152947
1428311939,76.7633066,30.7153247
1428311942,76.7635262,30.7154584
1428311943,76.7647018,30.715527
1428311945,76.7605628,30.7156476
1428311946,76.7623096,30.7156161
1428311948,76.7629343,30.7157736
1428311949,76.7607522,30.7157725
1428311950,76.7640299,30.7157653
1428311952,76.7651558,30.7158159
1428311955,76.7656016,30.7158994
1428311957,76.7620632,30.7159027
1428311959,76.7627653,30.7159699
1428311960,76.7643399,30.7159541
1428311961,76.7654938,30.7160312
1428311965,76.7605443,30.7160297
1428311967,76.7635114,30.7161081
1428311968,76.7661042,30.7161819
1428311969,76.7603717,30.716217
1428311970,76.7647973,30.7162604
1428311973,76.7659849,30.7163269
1428311980,76.7633368,30.7163153
1428311981,76.7616859,30.7163397
1428311983,76.7623995,30.7164066
1428311984,76.7639634,30.7163935
1428311991,76.7631529,30.7165282
1428311997,76.7651382,30.716472
1428311998,76.7663046,30.71653
1428312001,76.7614725,30.7165951
1428312002,76.7644351,30.7167034
1428312004,76.7636448,30.7167767
1428312013,76.765617,30.7167692
1428312014,76.7631464,30.716855
1428312026,76.7647674,30.7169055
1428312027,76.7619759,30.7169162
1428312032,76.7659404,30.7169699
1428312033,76.7621306,30.7170165
1428312036,76.7641392,30.7170808
1428312038,76.7594083,30.7170932
1428312039,76.7652437,30.7171952
1428312043,76.7632246,30.7172729
1428312044,76.7596102,30.7172173
1428312045,76.7609418,30.717287
1428312048,76.764451,30.7172724
1428312050,76.7655769,30.7173979
1428312054,76.7649538,30.7175502
1428312056,76.7593079,30.7175747
1428312057,76.7615904,30.717703
1428312060,76.7640135,30.7177699
1428312061,76.7652792,30.71776
1428312062,76.7605293,30.7177821
1428312063,76.7614953,30.7178224
1428312066,76.7645121,30.718084
1428312067,76.7657642,30.7180727
1428312068,76.7588826,30.7180999
1428312069,76.7620171,30.7181373
1428312070,76.7667008,30.7181918
1428312071,76.7602256,30.718142
1428312072,76.7624382,30.7182344
1428312076,76.7583185,30.7182893
1428312077,76.7623531,30.7183401
1428312079,76.7629344,30.7185058
1428312080,76.7607016,30.7184363
1428312081,76.758585,30.7184582
1428312084,76.765321,30.7185936
1428312085,76.7609074,30.7185635
1428312086,76.7596642,30.7185862
1428312089,76.7677218,30.7188066
1428312090,76.7611884,30.7187998
1428312091,76.7579085,30.7188244
1428312103,76.7626022,30.7189135
1428312105,76.7613672,30.7189113
1428312108,76.759362,30.7189504
1428312112,76.7602742,30.7189657
1428312116,76.7659629,30.7190348
1428312124,76.7681511,30.7190717
1428312132,76.7629291,30.7191137
1428312135,76.7617197,30.7191309
1428312139,76.7584135,30.7191273
1428312155,76.7633818,30.719391
1428312162,76.7582114,30.7193815
1428312163,76.7621821,30.7194191
1428312166,76.7589476,30.7194476
1428312182,76.7598174,30.7195093
1428312188,76.7579959,30.7196424
1428312204,76.7625055,30.7196207
1428312207,76.757474,30.719401
1428312209,76.7638335,30.7196742
1428312214,76.7587359,30.7197067
1428312223,76.7693185,30.7197926
1428312225,76.7602177,30.7197564
1428312228,76.7616376,30.7198748
1428312229,76.7629294,30.7199431
1428312231,76.7698205,30.7201025
1428312240,76.7620826,30.7201482
1428312243,76.7593479,30.7200859
1428312245,76.7608284,30.7201335
1428312246,76.7633863,30.7202183
1428312250,76.7622351,30.720242
1428312252,76.7684781,30.7202797
1428312254,76.7701688,30.7203176
1428312256,76.7635692,30.7203284
1428312263,76.7597491,30.7203273
1428312264,76.7625338,30.7204256
1428312266,76.7612265,30.7203794
1428312272,76.7595062,30.7206153
1428312274,76.7706567,30.7206189
1428312287,76.7603396,30.7207158
1428312288,76.7618121,30.7207459
1428312292,76.7632349,30.7208565
1428312315,76.7696381,30.7209375
1428312317,76.7601184,30.7209823
1428312320,76.7607536,30.7209669
1428312334,76.7713388,30.7210401
1428312338,76.7622511,30.7210209
1428312340,76.7728526,30.7212233
1428312342,76.7701174,30.7212595
1428312347,76.7727252,30.721332
1428312354,76.7613309,30.7213169
1428312356,76.7628127,30.7213728
1428312361,76.7721438,30.7215501
1428312367,76.7654025,30.7216059
1428312371,76.7617666,30.7215812
1428312373,76.7637934,30.7217084
1428312374,76.7706652,30.7217907
1428312376,76.761524,30.7218687
1428312384,76.7621573,30.7221733
1428312385,76.7714746,30.7223265
1428312386,76.7639983,30.7213019
1428312388,76.7647852,30.7223358
1428312398,76.7625354,30.7225882
1428312401,76.7627985,30.7227643
1428312403,76.7624531,30.7226535
1428312406,76.7628776,30.7228159
1428312416,76.7674819,30.7229195
1428312417,76.7627419,30.7228412
1428312423,76.7628214,30.722888
1428312430,76.7634885,30.7232142
1428312433,76.769329,30.7233685
1428312435,76.7705227,30.723453
1428312438,76.7669116,30.723681
1428312439,76.7689397,30.7238403
1428312443,76.7683306,30.7245786
1428312445,76.7660864,30.7247122
1428312447,76.7691393,30.7250902
1428312452,76.7689063,30.7256215
1428312454,76.7672194,30.7255664
1428312461,76.7671751,30.7256341
1428312462,76.7670977,30.7257338
1428312464,76.7677349,30.7258417
1428312551,76.7679823,30.7266307
1428312562,76.7691378,30.7267363
1428312565,76.7690605,30.7268332
1428312568,76.7676506,30.7271082
1428312569,76.7679367,30.7269592
1428390637,76.7580385,30.7198981
1428390641,76.7572831,30.7200965
1428390643,76.75708,30.7203705
1428390647,76.7566822,30.7208388
1428390650,76.7562029,30.7214137
1428390651,76.7556701,30.7220328
1428390652,76.7598302,30.7220643
1428390653,76.7576091,30.7222752
1428390654,76.7619695,30.7223677
1428390659,76.7594331,30.7225153
1428390663,76.7551575,30.7226653
1428390668,76.7571982,30.7229579
1428390669,76.7614252,30.7230501
1428390672,76.7589414,30.7230892
1428390673,76.7630388,30.7231377
1428390674,76.7542365,30.7232018
1428390678,76.7610385,30.7235185
1428390679,76.7585874,30.7235193
1428390680,76.7548854,30.7235957
1428390681,76.7539006,30.7236108
1428390685,76.7599456,30.7237185
1428390686,76.7631045,30.7237596
1428390688,76.7629542,30.7239409
1428390689,76.7582433,30.7239112
1428390691,76.7535391,30.7240196
1428390692,76.7545407,30.7240072
1428390694,76.7595896,30.7241579
1428390696,76.7607812,30.7241742
1428390698,76.7626694,30.7242845
1428390699,76.7579054,30.7243137
1428390700,76.7560769,30.7243192
1428390701,76.759775,30.7244575
1428390702,76.7541942,30.7244292
1428390703,76.7531821,30.7244465
1428390704,76.7638365,30.7244987
1428390705,76.7592635,30.7245361
1428390706,76.7614053,30.7245624
1428390707,76.7624063,30.7246019
1428390708,76.7632361,30.7246335
1428390709,76.7595926,30.7246851
1428390710,76.7607127,30.7246456
1428390711,76.7557024,30.7247492
1428390712,76.7635621,30.7248343
1428390713,76.7538402,30.7248497
1428390714,76.7602337,30.7248555
1428390715,76.752859,30.724879
1428390717,76.7601253,30.7249875
1428390718,76.7629699,30.7249464
1428390720,76.7620637,30.7250151
1428390722,76.7633037,30.7251504
1428390723,76.7553529,30.7251793
1428390726,76.7598846,30.725281
1428390727,76.7535004,30.7252619
1428390728,76.7524955,30.725285
1428390729,76.7609755,30.7253044
1428390733,76.7618052,30.7253298
1428390741,76.7629525,30.72558
1428390742,76.755284,30.7256403
1428390746,76.7531276,30.7256747
1428390747,76.7658573,30.7257677
1428390750,76.7553585,30.7257691
1428390752,76.752411,30.7258661
1428390757,76.7612505,30.7259985
1428390758,76.766831,30.726056
1428390759,76.765593,30.726085
1428390769,76.7610381,30.7262524
1428390773,76.754991,30.726212
1428390775,76.752288,30.7263099
1428390778,76.7643607,30.7263275
1428390781,76.7653365,30.726393
1428390783,76.7619137,30.7263909
1428390789,76.758829,30.7265676
1428390793,76.7567223,30.7266325
1428390802,76.764094,30.7266368
1428390809,76.7603131,30.7267683
1428390810,76.7650359,30.7267546
1428390821,76.7637202,30.7269169
1428390822,76.7602148,30.7268859
1428390824,76.7601524,30.7269605
1428390834,76.7647716,30.7270723
1428390837,76.7563718,30.7270677
1428390839,76.751572,30.7271552
1428390840,76.7634234,30.7272576
1428390849,76.7644986,30.7273993
1428390852,76.7588552,30.7273709
1428390855,76.753318,30.7274818
1428390856,76.7597191,30.7274786
1428390862,76.7560259,30.7274834
1428390869,76.763146,30.7276042
1428390870,76.7611359,30.7275727
1428390872,76.7642069,30.7277494
1428390880,76.751043,30.7277897
1428390883,76.7594816,30.7277627
1428390892,76.7556766,30.7278929
1428390894,76.7628748,30.7279498
1428390895,76.7508526,30.7280189
1428390896,76.7528791,30.7280158
1428390897,76.7639284,30.7280838
1428390899,76.7591831,30.7281255
1428390900,76.7607008,30.7281052
1428390901,76.7571416,30.7281632
1428390902,76.7593191,30.7282115
1428390903,76.7650262,30.7282637
1428390905,76.7635358,30.7283743
1428390906,76.7497653,30.728348
1428390908,76.749831,30.7284142
1428390909,76.762506,30.7283994
1428390911,76.7647577,30.7285922
1428390912,76.7550514,30.7285298
1428390914,76.7567723,30.7285815
1428390915,76.752386,30.7286164
1428390920,76.7626088,30.7286897
1428390923,76.7601685,30.728743
1428390924,76.7589132,30.7287008
1428390928,76.7644734,30.7289399
1428390929,76.7630485,30.7289558
1428390930,76.7587402,30.728905
1428390934,76.7562212,30.7290299
1428390936,76.7577107,30.7290834
1428390937,76.7619771,30.729071
1428390939,76.7545763,30.7290657
1428390943,76.7634295,30.7291864
1428390945,76.7532919,30.7291881
1428390950,76.7560943,30.7291896
1428390954,76.7597677,30.7292272
1428390958,76.7574163,30.7293174
1428390959,76.7572559,30.7293263
1428390965,76.7611831,30.7293572
1428390970,76.7575445,30.7294032
1428390971,76.7571346,30.7294392
1428390974,76.7626085,30.7294808
1428390977,76.7595872,30.7294408
1428390980,76.7640104,30.7295379
1428390982,76.7575728,30.7295531
1428390983,76.7571446,30.7296048
1428390987,76.7615858,30.7296591
1428390989,76.7574686,30.7296773
1428390990,76.7540567,30.7296838
1428390993,76.7572854,30.7296998
1428390996,76.7629747,30.7297194
1428390999,76.7556633,30.72974
1428391000,76.7593255,30.7297459
1428391004,76.7607737,30.7298475
1428391006,76.7521738,30.7299248
1428391007,76.7569942,30.7299342
1428391010,76.7573196,30.7299188
1428391012,76.7621625,30.730013
1428391014,76.7591375,30.7299759
1428391015,76.7635271,30.7300607
1428391018,76.7579289,30.7301377
1428391019,76.7605622,30.7301092
1428391022,76.7625312,30.7302392
1428391023,76.7578452,30.7302434
1428391025,76.7568898,30.7303212
1428391026,76.7551759,30.7303229
1428391028,76.7603455,30.730356
1428391030,76.761784,30.7304705
1428391033,76.7630921,30.7305834
1428391037,76.7601633,30.7305672
1428391038,76.7555297,30.7305574
1428391041,76.7574725,30.7306903
1428391044,76.7565394,30.7307193
1428391045,76.7615817,30.7307204
1428391046,76.7574222,30.7307507
1428391062,76.7589808,30.7309447
1428391069,76.7613337,30.7309991
1428391078,76.7571258,30.73111
1428391079,76.7628165,30.7311072
1428391082,76.7611705,30.7311912
1428391084,76.7482783,30.7312346
1428391097,76.7568538,30.7314316
1428391101,76.7585429,30.7314453
1428391103,76.7501764,30.7315186
1428391110,76.762389,30.7316466
1428391113,76.7507723,30.7317721
1428391118,76.7603485,30.7317894
1428391133,76.7622185,30.7318405
1428391146,76.7579334,30.7321415
1428391148,76.7496791,30.7321018
1428391169,76.7599168,30.7322967
1428391179,76.7634882,30.7324147
1428391189,76.7629947,30.7325177
1428391212,76.7519887,30.7326
1428391227,76.7630245,30.7327169
1428391243,76.7492042,30.7326618
1428391247,76.7627857,30.732755
1428391277,76.7632833,30.7328904
1428391281,76.7626361,30.7329178
1428391389,76.7633091,30.7330384
1428391390,76.7468962,30.7329878
1428391402,76.7592841,30.7330494
1428391413,76.7626402,30.733121
1428391426,76.7611729,30.7330751
1428391473,76.7631499,30.7332657
1428391494,76.7514597,30.733204
1428391515,76.753119,30.7332784
1428391522,76.7629333,30.7333104
1428391528,76.7483971,30.7332867
1428391531,76.7597391,30.7333369
1428391535,76.7636068,30.7333488
1428391582,76.7635497,30.7334179
1428391611,76.7624507,30.7334837
1428391619,76.7465238,30.7334388
1428391630,76.7625842,30.7335669
1428391670,76.762337,30.7336319
1428391679,76.7531994,30.7337256
1428391693,76.7480473,30.7337108
1428391702,76.7605689,30.7338148
1428391712,76.7509941,30.7337731
1428391749,76.7494566,30.7339523
1428391759,76.7525905,30.733904
1428391783,76.7528492,30.7341491
1428391787,76.7476724,30.7341504
1428391791,76.7487869,30.7341755
1428391794,76.746651,30.7341866
1428391798,76.7593299,30.7342647
1428391802,76.7492554,30.7342029
1428391809,76.754742,30.7342807
1428391819,76.76014,30.7343404
1428391822,76.7458287,30.7343197
1428391827,76.7537712,30.7343865
1428391833,76.75025,30.7344508
1428391836,76.7496397,30.7344485
1428391856,76.7534607,30.7345191
1428391857,76.752539,30.7345243
1428391860,76.7613038,30.7345912
1428391861,76.7473075,30.7345827
1428391885,76.752274,30.7348389
1428391886,76.7543594,30.7347493
1428391896,76.750044,30.7347068
1428391910,76.7534473,30.7347644
1428391911,76.761416,30.73483
1428391928,76.7487032,30.7347871
1428391932,76.7531388,30.7349025
1428391944,76.7558479,30.7349878
1428391953,76.7541716,30.734975
1428391964,76.7469654,30.7350187
1428391965,76.7491269,30.7350517
1428391969,76.7529501,30.7351272
1428391975,76.7540366,30.7351378
1428391985,76.7471638,30.7351407
1428391999,76.7502516,30.7351871
1428392001,76.7523021,30.7352707
1428392007,76.7610429,30.7352966
1428392013,76.7522454,30.7353164
1428392020,76.7482681,30.7352882
1428392026,76.7518538,30.7353691
1428392028,76.7495358,30.735305
1428392041,76.7526142,30.7354664
1428392043,76.7486122,30.735426
1428392049,76.7525657,30.735517
1428392050,76.7527055,30.7355237
1428392052,76.747711,30.7355011
1428392056,76.7526596,30.7355767
1428392059,76.7536881,30.73554
1428392076,76.7467882,30.7355758
1428392080,76.7530391,30.735733
1428392082,76.7552939,30.7356771
1428392083,76.7571585,30.7357727
1428392085,76.7529621,30.7357635
1428392097,76.7491551,30.7357658
1428392110,76.7482789,30.7358077
1428392112,76.7523218,30.7358916
1428392114,76.7492616,30.7358324
1428392120,76.751397,30.7358981
1428392122,76.7525595,30.7359254
1428392125,76.7575352,30.7359983
1428392129,76.7445231,30.7360237
1428392130,76.7495691,30.7360248
1428392131,76.7463827,30.7360438
1428392133,76.7496934,30.7361026
1428392135,76.752841,30.7360906
1428392137,76.744452,30.7361192
1428392139,76.7479761,30.7361573
1428392140,76.758822,30.7361899
1428392142,76.7471993,30.7361271
1428392147,76.7489437,30.736226
1428392148,76.7519826,30.7363058
1428392149,76.7548166,30.7362491
1428392152,76.7469411,30.7364015
1428392156,76.7565744,30.7364782
1428392157,76.7493589,30.7364872
1428392162,76.7524308,30.7365829
1428392163,76.7584859,30.7365876
1428392164,76.7535561,30.7365262
1428392165,76.7486576,30.7365812
1428392167,76.7526891,30.7366384
1428392179,76.750693,30.7367282
1428392181,76.7507278,30.7367499
1428392182,76.7608882,30.7352034
1428392183,76.7444876,30.7368028
1428392184,76.7518757,30.73678
1428392190,76.7455484,30.7367964
1428392192,76.7490612,30.7368322
1428392196,76.7434721,30.7368343
1428392197,76.7483684,30.7369473
1428392199,76.7532023,30.7369448
1428392204,76.7521355,30.7369372
1428392211,76.7437543,30.7370031
1428392215,76.7459389,30.7370376
1428392216,76.7560871,30.7370475
1428392219,76.7513138,30.7371166
1428392223,76.7487583,30.7371901
1428392225,76.7545305,30.7371211
1428392231,76.745184,30.737239
1428392233,76.7462627,30.7372245
1428392237,76.7578903,30.7373015
1428392239,76.7432162,30.7373216
1428392246,76.7442844,30.7373325
1428392247,76.7528434,30.7373656
1428392259,76.7541856,30.7375411
1428392262,76.7551999,30.7375308
1428392275,76.7448414,30.7376785
1428392279,76.7483295,30.7377537
1428392282,76.7439296,30.7377623
1428392288,76.7524487,30.7378269
1428392307,76.7452366,30.7379241
1428392314,76.7548541,30.7379589
1428392316,76.7538303,30.737969
1428392327,76.7435353,30.7382311
1428392332,76.7447909,30.7382944
1428392335,76.7458699,30.7383175
1428392348,76.7433833,30.7384158
1428392350,76.7428336,30.7383872
1428392351,76.7544961,30.7384036
1428392357,76.7534357,30.7384403
1428392360,76.7567715,30.738485
1428392374,76.7463369,30.7386077
1428392384,76.7582885,30.7387079
1428392386,76.7475719,30.7386618
1428392398,76.7580497,30.738746
1428392420,76.7539444,30.7387628
1428392438,76.7585473,30.7388814
1428392442,76.7579001,30.7389088
1428392461,76.7578813,30.7389808
1428392463,76.7564154,30.7389085
1428392470,76.7480655,30.7389798
1428392484,76.7545223,30.7391063
1428392487,76.7585518,30.7391151
1428392489,76.7459773,30.73906
1428392501,76.7579294,30.7391561
1428392520,76.7584139,30.7392566
1428392526,76.7451319,30.7392147
1428392534,76.7582733,30.7393009
1428392546,76.7486076,30.7393291
1428392548,76.7560554,30.7393613
1428392552,76.754076,30.7394472
1428392556,76.7476909,30.7394489
1428392560,76.7456065,30.739507
1428392567,76.7556756,30.7398123
1428392570,76.7473452,30.7398775
1428392572,76.7537117,30.7398762
1428392574,76.7494597,30.7398734
1428392580,76.7573651,30.74003
1428392583,76.7559388,30.740078
1428392593,76.7498476,30.7401193
1428392596,76.7535021,30.7401257
1428392600,76.7553169,30.7402378
1428392605,76.746957,30.7403389
1428392607,76.7501954,30.7403348
1428392612,76.7567512,30.7405567
1428392616,76.7504926,30.7405298
1428392628,76.7529576,30.7407832
1428392767,76.7530602,30.7408526
1428392769,76.7548964,30.7409994
1428392770,76.7501214,30.7409909
1428392772,76.7484505,30.7411117
1428392774,76.7550752,30.7411114
1428392776,76.7552302,30.7412086
1428392779,76.753719,30.7412082
1428392780,76.7483476,30.7413075
1428392787,76.7480975,30.741412
1428392792,76.7479062,30.7414371
1428392796,76.7497613,30.7414124
1428392800,76.7482257,30.7414977
1428392804,76.7477984,30.7415758
1428392806,76.748254,30.7416477
1428392807,76.7534076,30.7415867
1428392808,76.7478258,30.7416994
1428392810,76.7543803,30.7416271
1428392817,76.75609,30.7417473
1428392818,76.748102,30.7417911
1428392819,76.7479666,30.7417944
1428392820,76.7523348,30.7417142
1428392825,76.7514007,30.7417985
1428392826,76.7493907,30.7418528
1428392828,76.7540772,30.7419836
1428392830,76.7529903,30.7421003
1428392831,76.75199,30.742146
1428392832,76.7544165,30.7421848
1428392833,76.7510446,30.7422205
1428392837,76.7506661,30.7426672
1428392838,76.7539814,30.7427038
1428392839,76.753339,30.7429646
1428392840,76.7536288,30.7431452
1428392842,76.7529574,30.7433999
1428392843,76.7525755,30.743857
1428392852,76.7530172,30.7446463
1428392854,76.7537038,30.7447868
1428392861,76.7534195,30.7448321
1428392874,76.753902,30.7448999
1428392879,76.7532713,30.7450424
1428392887,76.7539488,30.7451867
1428392894,76.7533299,30.7452505
1428392903,76.7537938,30.7453337
1428392909,76.7535844,30.7453806
1428392912,76.7530532,30.7456822
1428392919,76.7491924,30.7512251
1428392921,76.749263,30.751272
1428411668,76.7424101,30.7386201
1428411669,76.7431833,30.7388305
1428411670,76.7420931,30.7388137
1428411671,76.7430448,30.7390014
1428411672,76.743795,30.7391664
1428411680,76.7418374,30.7392016
1428411683,76.7428215,30.7392769
1428411687,76.743615,30.7393869
1428411689,76.7415961,30.7394775
1428411690,76.7425191,30.7396499
1428411691,76.7418462,30.739635
1428411693,76.7433736,30.7396843
1428411695,76.7423012,30.7399216
1428411696,76.7423803,30.7399729
1428411705,76.7438728,30.739986
1428411707,76.7415079,30.7400645
1428411710,76.7411457,30.7401548
1428411712,76.7413428,30.7402781
1428411713,76.7428682,30.7402787
1428411715,76.7443831,30.7402944
1428411717,76.7451416,30.7403307
1428411719,76.7415047,30.7403794
1428411727,76.7420457,30.7403914
1428411731,76.7408717,30.7404939
1428411735,76.7433655,30.740592
1428411736,76.7418646,30.7406045
1428411737,76.7449103,30.740613
1428411738,76.7425098,30.7406959
1428411739,76.7412246,30.7407176
1428411740,76.7435651,30.7407177
1428411741,76.7463807,30.7408211
1428411753,76.7458353,30.7407596
1428411756,76.7438566,30.7409013
1428411757,76.7423456,30.7409054
1428411759,76.7416833,30.7410084
1428411760,76.7462321,30.741005
1428411762,76.7469486,30.7411465
1428411763,76.7432061,30.7411377
1428411778,76.7443743,30.7412273
1428411780,76.7420627,30.7412489
1428411781,76.7406679,30.7413776
1428411782,76.7413953,30.7413665
1428411786,76.7424833,30.7415155
1428411803,76.7450696,30.7416653
1428411805,76.7400439,30.741695
1428411811,76.7411501,30.7416763
1428411813,76.7427606,30.7416913
1428411815,76.7439203,30.7417757
1428411827,76.7430028,30.7418448
1428411828,76.7455326,30.7418409
1428411832,76.7421864,30.7418617
1428411835,76.7404559,30.7419459
1428411839,76.7396352,30.7420821
1428411841,76.7446098,30.7422115
1428411843,76.7419345,30.7421622
1428411846,76.7426889,30.7422049
1428411847,76.743563,30.7421827
1428411850,76.7399053,30.7422435
1428411855,76.7401108,30.7423688
1428411859,76.744994,30.7424543
1428411863,76.742456,30.7424853
1428411869,76.743253,30.7425512
1428411871,76.744169,30.742562
1428411872,76.7392656,30.7426336
1428411874,76.7406044,30.7426699
1428411884,76.7455729,30.7428201
1428411886,76.7394798,30.7427589
1428411890,76.7408569,30.7428239
1428411898,76.7446507,30.7428636
1428411900,76.7396853,30.7428842
1428411902,76.7438657,30.7429274
1428411904,76.7420524,30.7429502
1428411906,76.749359,30.7429508
1428411910,76.7459868,30.7430817
1428411912,76.7399527,30.7430473
1428411918,76.7401789,30.7431852
1428411920,76.7443555,30.7432282
1428411922,76.7415671,30.7432571
1428411927,76.7388333,30.7432968
1428411931,76.7479906,30.7433112
1428411933,76.7417153,30.7433475
1428411935,76.7404294,30.743338
1428411939,76.7441984,30.743423
1428411940,76.7465228,30.7434145
1428411943,76.7402623,30.7435391
1428411945,76.7386681,30.7435643
1428411947,76.7392903,30.7435775
1428411951,76.7394393,30.743669
1428411953,76.7504655,30.743638
1428411963,76.7492814,30.7437796
1428411967,76.748717,30.743737
1428411971,76.7395993,30.7437672
1428411979,76.7390868,30.7438197
1428411981,76.738461,30.7438742
1428411985,76.7437413,30.7439325
1428411996,76.7409708,30.7439742
1428411998,76.747458,30.7439588
1428411999,76.7399126,30.7439597
1428412003,76.7491181,30.743972
1428412005,76.7510639,30.7440097
1428412007,76.7388496,30.7441112
1428412012,76.7500956,30.7440819
1428412020,76.7401508,30.7441059
1428412024,76.7518686,30.7442199
1428412026,76.7392784,30.7441532
1428412029,76.7386506,30.7443522
1428412030,76.7517527,30.7443577
1428412031,76.7418663,30.7443365
1428412036,76.7391492,30.7443086
1428412040,76.7507484,30.7443832
1428412042,76.7406211,30.7443948
1428412046,76.7517122,30.7444124
1428412047,76.7506881,30.7444616
1428412051,76.7398299,30.7444919
1428412053,76.7496665,30.744583
1428412060,76.7388895,30.7446209
1428412062,76.7423077,30.7445978
1428412067,76.7485646,30.7446536
1428412069,76.751215,30.7446689
1428412071,76.7523616,30.7447295
1428412073,76.7397007,30.7446473
1428412074,76.7411385,30.7447126
1428412077,76.751399,30.7447815
1428412084,76.7427364,30.7448494
1428412088,76.7414133,30.7448814
1428412090,76.7409899,30.7448888
1428412092,76.7515705,30.7448864
1428412094,76.750268,30.7449531
1428412097,76.740171,30.7449361
1428412098,76.7429505,30.7449648
1428412099,76.7492753,30.7450795
1428412100,76.7417466,30.7450861
1428412113,76.7418493,30.7451491
1428412114,76.7520518,30.745181
1428412115,76.7507443,30.7452461
1428412116,76.7423858,30.745271
1428412117,76.7433702,30.7451932
1428412118,76.7415981,30.7452623
1428412122,76.7406884,30.7452539
1428412124,76.7510147,30.7454125
1428412137,76.7510994,30.7454645
1428412138,76.7436651,30.745372
1428412139,76.7422716,30.7454085
1428412140,76.7498291,30.7454771
1428412141,76.7459287,30.7454465
1428412142,76.7414167,30.7454861
1428412149,76.7420914,30.7456252
1428412150,76.7439686,30.7455388
1428412159,76.7429947,30.7456449
1428412164,76.7412965,30.7456274
1428412165,76.7516146,30.7457816
1428412166,76.7496776,30.7458048
1428412167,76.7464418,30.7457689
1428412168,76.7506692,30.7458291
1428412180,76.7419417,30.7458085
1428412185,76.7532693,30.7457421
1428412186,76.7427002,30.7459991
1428412189,76.7418215,30.7459498
1428412190,76.7446224,30.7459281
1428412194,76.7512961,30.7462302
1428412204,76.7461037,30.7461751
1428412207,76.7503618,30.7461965
1428412208,76.7493772,30.7462424
1428412211,76.7424303,30.7463237
1428412212,76.7452199,30.7463094
1428412230,76.7478809,30.7465676
1428412231,76.7510287,30.7466158
1428412233,76.7457308,30.7466291
1428412236,76.7490132,30.7466934
1428412252,76.7447529,30.7468669
1428412253,76.748349,30.7468594
1428412254,76.7461628,30.7468898
1428412255,76.7494959,30.7469931
1428412256,76.7474967,30.7470332
1428412257,76.7507117,30.7470524
1428412260,76.7486954,30.747046
1428412262,76.7452671,30.7471817
1428412264,76.7453422,30.7472277
1428412266,76.745822,30.7472933
1428412268,76.7499932,30.7473019
1428412275,76.7467556,30.7472535
1428412278,76.7484772,30.7473378
1428412283,76.748649,30.7474466
1428412287,76.745697,30.747445
1428412291,76.7433028,30.7475576
1428412298,76.7471428,30.7474902
1428412299,76.7503762,30.7475397
1428412300,76.747687,30.7476628
1428412302,76.7455428,30.7476347
1428412304,76.7489499,30.7476347
1428412307,76.7464135,30.747656
1428412315,76.7492419,30.7478172
1428412321,76.7448589,30.7478265
1428412328,76.7462662,30.7478292
1428412330,76.7494466,30.7479453
1428412334,76.7461271,30.7479928
1428412336,76.7465692,30.7480143
1428412338,76.7452138,30.7480438
1428412340,76.7512423,30.7480775
1428412341,76.7498369,30.7481892
1428412346,76.7462768,30.748367
1428412347,76.7488959,30.7482268
1428412348,76.7471483,30.7483689
1428412349,76.7457822,30.7483986
1428412351,76.7477746,30.7484625
1428412353,76.7461016,30.7485874
1428412355,76.7476035,30.7486476
1428412357,76.7468559,30.7487216
1428412359,76.7459747,30.7487314
1428412361,76.7494935,30.7485972
1428412363,76.7483728,30.7488408
1428412368,76.7458009,30.748941
1428412369,76.7465538,30.749086
1428412371,76.7489668,30.7492165
1428412372,76.747103,30.7492505
1428412373,76.7463911,30.7492822
1428412377,76.7477094,30.7496299
1428412379,76.7483067,30.7500036
1428412393,76.7500293,30.7504974
1428412394,76.7496249,30.7506156
1428412395,76.7497124,30.7506506
1428425833,76.7739751,30.7393684
1428425843,76.7746678,30.7394825
1428425854,76.7747904,30.7398045
1428425858,76.7737014,30.7398094
1428425861,76.7737737,30.7400258
1428425869,76.7745755,30.7401551
1428425872,76.7741983,30.7402505
1428425884,76.7714273,30.7430898
1428425890,76.7713177,30.7432015
1428425891,76.7715491,30.7431792
1428425893,76.7715456,30.7432162
1428425894,76.7713264,30.7432294
1428425898,76.7714915,30.7432799
1428425901,76.7714202,30.7432892
1428425934,76.7693499,30.7455151
1428425941,76.7691112,30.7455537
1428425952,76.7695953,30.7456649
1428425957,76.7689604,30.7457159
1428425968,76.7696263,30.7458903
1428425975,76.7690143,30.7459919
1428425984,76.7694752,30.746064
1428425988,76.7692041,30.7460999
1428425994,76.7520647,30.7476806
1428425995,76.7522532,30.7482606
1428425996,76.7531699,30.7483591
1428425997,76.7514694,30.7485067
1428425999,76.7518827,30.7487365
1428426000,76.7537534,30.7487174
1428426003,76.7542041,30.7489941
1428426004,76.7524939,30.7492367
1428426005,76.7546552,30.7492711
1428426006,76.7530394,30.7495802
1428426007,76.7553155,30.7496765
1428426008,76.7534848,30.7498607
1428426009,76.7519899,30.7498278
1428426010,76.7539271,30.7501393
1428426011,76.752546,30.7501779
1428426014,76.7529902,30.7504577
1428426015,76.7534287,30.7507338
1428426019,76.7538691,30.7510111
1428426022,76.7517373,30.751154
1428426024,76.7540964,30.7511543
1428426026,76.7521851,30.7514265
1428426028,76.750701,30.7514211
1428426030,76.7640785,30.751516
1428426036,76.7646367,30.7515882
1428426040,76.7643446,30.7516149
1428426041,76.7640172,30.7516198
1428426050,76.7526232,30.7516931
1428426056,76.7648418,30.7517492
1428426058,76.7641938,30.7517765
1428426064,76.7512416,30.7517535
1428426072,76.7648595,30.7519508
1428426074,76.7503034,30.7519149
1428426075,76.7530743,30.7519677
1428426082,76.7642244,30.7520237
1428426090,76.7516867,30.7520271
1428426093,76.7533073,30.7521095
1428426094,76.7647084,30.7521249
1428426101,76.7644916,30.7521691
1428426104,76.7559221,30.752304
1428426105,76.7521194,30.7522932
1428426108,76.7525728,30.752572
1428426110,76.7515831,30.7527056
1428426111,76.7528035,30.7527138
1428426113,76.7551543,30.7532335
1428426121,76.753002,30.7535822
1428426124,76.7546238,30.7538331
1428426126,76.7590662,30.753942
1428426131,76.7576814,30.7542346
1428426135,76.754223,30.7543367
1428426136,76.7597871,30.7543945
1428426137,76.7493276,30.7544197
1428426139,76.758409,30.7546957
1428426142,76.7605584,30.7548787
1428426143,76.7622986,30.7549022
1428426145,76.7591419,30.7551602
1428426150,76.759915,30.7556501
1428426155,76.7584461,30.7559916
1428426158,76.7509175,30.7560695
1428426159,76.7606495,30.7561157
1428426161,76.752539,30.7563471
1428426165,76.7592294,30.7564783
1428426168,76.7599552,30.7569293
1428426171,76.7585295,30.7569975
1428426172,76.7602443,30.757109
1428426183,76.7600171,30.7579166
1428426187,76.743806,30.7582035
1428426203,76.7572951,30.7620181
1428426212,76.7550251,30.7650715
1428431675,76.7582801,30.7403037
1428431680,76.758508,30.7404428
1428431682,76.7590084,30.7407438
1428431684,76.7581356,30.7409037
1428431688,76.7577544,30.7409483
1428431692,76.7579916,30.7410915
1428431696,76.7598847,30.7412319
1428431699,76.7586328,30.7412061
1428431700,76.7582343,30.7412381
1428431703,76.7584767,30.7413844
1428431705,76.7603519,30.7414922
1428431713,76.7591418,30.7415172
1428431717,76.7587247,30.7415341
1428431722,76.7590012,30.741701
1428431724,76.7571418,30.7417043
1428431728,76.7561719,30.7417971
1428431730,76.7601095,30.7418068
1428431745,76.7576154,30.7419956
1428431747,76.7583942,30.7419899
1428431753,76.7567678,30.742143
1428431755,76.7598045,30.7421846
1428431765,76.7567928,30.7423238
1428431766,76.7588066,30.7422402
1428431768,76.7582106,30.7422485
1428431778,76.7581464,30.7423222
1428431794,76.7614635,30.7426138
1428431798,76.7594123,30.7426451
1428431800,76.7578106,30.7427081
1428431803,76.7606804,30.7427248
1428431814,76.7575791,30.7429741
1428431816,76.7611412,30.7430088
1428431823,76.7607957,30.7434322
1428431828,76.7600743,30.7434728
1428431832,76.7571808,30.7437369
1428431834,76.7612445,30.7437093
1428431838,76.7624824,30.7438358
1428431841,76.7604181,30.7438513
1428431843,76.763279,30.7439673
1428431845,76.7632369,30.7440179
1428431846,76.7626845,30.7439604
1428431848,76.7568391,30.7441328
1428431849,76.7631011,30.7441761
1428431851,76.7608847,30.7441464
1428431852,76.7621428,30.744264
1428431856,76.7551444,30.7443321
1428431859,76.7573574,30.7444522
1428431861,76.7564508,30.74456
1428431862,76.7597844,30.7445927
1428431863,76.7635855,30.7445379
1428431866,76.7604975,30.7446186
1428431867,76.7578145,30.7447338
1428431868,76.7557663,30.7447165
1428431871,76.7617448,30.7447014
1428431872,76.7548245,30.744721
1428431874,76.7603068,30.7448503
1428431875,76.7580072,30.7448525
1428431876,76.7639909,30.7447851
1428431883,76.7651399,30.7450897
1428431884,76.7584392,30.7451187
1428431885,76.7623222,30.7450834
1428431887,76.7554342,30.7450845
1428431888,76.7544656,30.7451661
1428431891,76.7567357,30.7452062
1428431895,76.7649179,30.7453502
1428431896,76.7628316,30.7453773
1428431904,76.7581357,30.7454792
1428431906,76.7635468,30.745449
1428431908,76.7601508,30.7455645
1428431910,76.7571985,30.7454859
1428431911,76.764018,30.745496
1428431913,76.7593434,30.7456824
1428431914,76.7573751,30.7455926
1428431917,76.7563426,30.7456444
1428431919,76.7633637,30.7456841
1428431922,76.7645053,30.7458254
1428431923,76.7624738,30.7458291
1428431925,76.7598151,30.7459657
1428431927,76.7578163,30.7458587
1428431928,76.7568262,30.745942
1428431929,76.7590573,30.7460284
1428431934,76.7657687,30.746136
1428431935,76.7560148,30.7460241
1428431937,76.7602737,30.7461914
1428431938,76.7669739,30.7462564
1428431944,76.756513,30.74633
1428431945,76.7574223,30.7463287
1428431946,76.7633625,30.7463722
1428431947,76.7607764,30.7464914
1428431950,76.7587371,30.7464157
1428431951,76.7566848,30.7464355
1428431953,76.7599071,30.7466441
1428431955,76.7666217,30.7466671
1428431957,76.7638261,30.7466556
1428431958,76.7592027,30.7466971
1428431959,76.7571109,30.746697
1428431960,76.7651502,30.7468509
1428431963,76.7683025,30.7470377
1428431964,76.7603975,30.7469474
1428431965,76.7663463,30.7469882
1428431966,76.7583477,30.74689
1428431968,76.7596778,30.7469934
1428431973,76.7601387,30.7472977
1428431974,76.7580352,30.7472645
1428431979,76.7644646,30.7476524
1428431980,76.7606161,30.7475882
1428431981,76.7626493,30.7477345
1428431982,76.7675403,30.7477494
1428431988,76.7587121,30.7481926
1428431989,76.7652662,30.7482478
1428431992,76.7586492,30.7482668
1428431993,76.7615978,30.748229
1428431994,76.7639707,30.7484319
1428431995,76.7655438,30.7484468
1428431997,76.7620288,30.7485028
1428431998,76.761258,30.7486037
1428432000,76.7605113,30.7486797
1428432005,76.7624086,30.7487446
1428432008,76.7609648,30.7489572
1428432010,76.7662996,30.7489888
1428432012,76.7649605,30.7490169
1428432014,76.7620955,30.7491155
1428432022,76.7666048,30.7492075
1428432041,76.7618011,30.7494688
1428432043,76.7658401,30.749545
1428432045,76.7645178,30.7495494
1428432049,76.7640999,30.750052
1428432050,76.765405,30.7500718
1428432052,76.764991,30.7505728
1428432054,76.7636463,30.7505977
1428443415,76.773639,30.720875
1428443417,76.7743064,30.7210029
1428443421,76.7741876,30.7210686
1428443423,76.7727149,30.7211335
1429026665,76.7627838,30.7336281
1429026670,76.7631055,30.7340722
1429026674,76.7635331,30.7343462
1429026689,76.7649885,30.7345165
1429026692,76.7653651,30.7347841
1429026694,76.7645625,30.7350137
1429026695,76.7657954,30.7350518
1429026696,76.7649539,30.7352666
1429026697,76.7661748,30.7352684
1429026715,76.7619233,30.7354855
1429026716,76.7653667,30.7355333
1429026717,76.7666334,30.7355385
1429026719,76.7655505,30.7356521
1429026722,76.7670807,30.735777
1429026725,76.7657427,30.7357774
1429026732,76.7677452,30.7359077
1429026741,76.7659555,30.7359138
1429026748,76.767687,30.7359779
1429026751,76.7661797,30.7360634
1429026754,76.7605843,30.7360727
1429026758,76.7658099,30.7360838
1429026760,76.7607697,30.7361847
1429026772,76.7674722,30.736237
1429026776,76.7666099,30.7363366
1429026781,76.7611337,30.7364046
1429026790,76.7664817,30.7364889
1429026802,76.765424,30.7365341
1429026810,76.7680501,30.7365999
1429026814,76.7657867,30.7367513
1429026816,76.7607805,30.7368377
1429026830,76.7661025,30.7369395
1429026833,76.7677396,30.7369653
1429026835,76.7606365,30.7370143
1429026838,76.7629595,30.7369847
1429026868,76.7653996,30.7372067
1429026873,76.7691235,30.737274
1429026886,76.7666799,30.7372846
1429026889,76.7626382,30.7373134
1429026891,76.7674234,30.7373372
1429026892,76.7660052,30.737369
1429026898,76.762518,30.7374885
1429026900,76.7667592,30.7377498
1429026918,76.7688129,30.7376393
1429026924,76.7642229,30.7376811
1429026941,76.7670629,30.7377741
1429026945,76.7656632,30.7378148
1429026951,76.7692068,30.7378867
1429026979,76.7647363,30.7379871
1429026998,76.7704941,30.7381348
1429027005,76.7597507,30.7381554
1429027006,76.7627377,30.7381874
1429027023,76.7688907,30.7382586
1429027027,76.7652551,30.7382968
1429027037,76.7709523,30.7384225
1429027057,76.7655173,30.7384531
1429027062,76.7631577,30.7384512
1429027065,76.7643508,30.7384457
1429027085,76.7701836,30.7385001
1429027100,76.7642405,30.7385703
1429027102,76.7595721,30.7386154
1429027114,76.7609423,30.7386163
1429027115,76.7604488,30.7385821
1429027117,76.7685323,30.7386802
1429027131,76.7653055,30.7387027
1429027144,76.7714363,30.7387265
1429027155,76.7660814,30.7387898
1429027162,76.7640308,30.7388167
1429027173,76.7628582,30.7388008
1429027181,76.7698674,30.738872
1429027182,76.7592138,30.7388806
1429027189,76.7593127,30.7389388
1429027191,76.7601304,30.7389616
1429027206,76.7651183,30.7389277
1429027208,76.7639312,30.738937
1429027212,76.7659588,30.7389238
1429027242,76.7711214,30.7390969
1429027245,76.7681762,30.7390991
1429027248,76.7604821,30.7391801
1429027253,76.7637236,30.7391784
1429027262,76.7625389,30.7391777
1429027267,76.7695851,30.7392041
1429027270,76.7684463,30.7392688
1429027290,76.7694684,30.7392681
1429027296,76.7647983,30.7392987
1429027300,76.7636317,30.7392866
1429027308,76.7665281,30.7392813
1429027325,76.7725126,30.7394024
1429027353,76.7708069,30.7394669
1429027354,76.7602354,30.7394823
1429027361,76.7700209,30.7394777
1429027394,76.7700433,30.7394918
1429027397,76.762229,30.7395437
1429027400,76.7611313,30.7395801
1429027410,76.7681305,30.7396402
1429027422,76.7644911,30.7396604
1429027424,76.7691123,30.739687
1429027445,76.7633124,30.7396635
1429027457,76.7614051,30.7397521
1429027466,76.7721955,30.7397715
1429027475,76.7661258,30.7397661
1429027492,76.7643992,30.7397685
1429027497,76.7599683,30.7398095
1429027503,76.7705273,30.7397958
1429027521,76.7695957,30.7399756
1429027539,76.7618251,30.7400158
1429027545,76.7687966,30.7400585
1429027575,76.7677627,30.7400566
1429027583,76.7718787,30.7401399
1429027593,76.7640799,30.7401454
1429027615,76.7728174,30.740162
1429027620,76.7606634,30.7402311
1429027629,76.7681993,30.7403308
1429027654,76.7692236,30.7404085
1429027667,76.7715893,30.7404626
1429027669,76.76377,30.7405115
1429027672,76.7684287,30.7404749
1429027679,76.7725121,30.7405377
1429027694,76.7604199,30.7405571
1429027698,76.7646105,30.7405676
1429027701,76.7685033,30.7405213
1429027707,76.7673756,30.7405467
1429027709,76.7672411,30.740701
1429027710,76.7689051,30.7407741
1429027724,76.7693455,30.741072
1429027726,76.7618533,30.7408863
1429027729,76.7651568,30.7409107
1429027733,76.7722353,30.7408684
1429027736,76.7676951,30.7409402
1429027753,76.7633662,30.7409836
1429027756,76.7680707,30.7409987
1429027764,76.7724149,30.7409741
1429027767,76.7648515,30.7412697
1429027782,76.7639586,30.7413556
1429027787,76.768986,30.7414906
1429027795,76.7644932,30.7416913
1429027821,76.7635144,30.7418924
1429027835,76.7661185,30.7420654
1429027842,76.7658589,30.7423363
1429027868,76.7676549,30.7428051
1429027870,76.7708757,30.7429119
1429027929,76.7709362,30.7429397
1429027953,76.7713585,30.743113
1429027967,76.7623831,30.7432596
1429027970,76.7623343,30.7433187
1429078117,76.7694035,30.7270458
1429078120,76.7676407,30.7272973
1429078123,76.7677874,30.7273877
1429078126,76.768266,30.7276825
1429078127,76.7688029,30.7280132
1429078131,76.7699309,30.7287408
1429078132,76.7681739,30.7287449
1429078134,76.7680291,30.7289133
1429078140,76.7706731,30.7292195
1429078141,76.7702835,30.7292262
1429078142,76.769731,30.7292357
1429078143,76.7691942,30.729245
1429078144,76.7686107,30.7292551
1429078145,76.7708102,30.7293079
1429078156,76.7728438,30.7293472
1429078161,76.7733693,30.7294952
1429078164,76.7732963,30.7295913
1429078165,76.7721518,30.7296584
1429078166,76.7658689,30.729738
1429078173,76.7697698,30.7299225
1429078174,76.7692083,30.729934
1429078175,76.7686463,30.7299451
1429078177,76.7723513,30.7299239
1429078178,76.7718993,30.7299762
1429078184,76.7663599,30.730024
1429078186,76.7724767,30.7300203
1429078199,76.7717138,30.7301884
1429078202,76.7681412,30.730327
1429078203,76.7713225,30.7302858
1429078205,76.7668478,30.7303081
1429078210,76.7707327,30.7303378
1429078216,76.7730128,30.7303588
1429078220,76.7660546,30.7303957
1429078221,76.7735495,30.7304643
1429078223,76.7721466,30.7304326
1429078227,76.7714097,30.730563
1429078228,76.7665554,30.7306649
1429078229,76.7733968,30.7306995
1429078235,76.7726985,30.730764
1429078236,76.7707703,30.7309505
1429078237,76.7715133,30.7309556
1429078238,76.7712292,30.7309691
1429078239,76.7703066,30.7309694
1429078242,76.7698299,30.7309888
1429078244,76.7707728,30.7309907
1429078245,76.7669805,30.7309989
1429078247,76.7723749,30.7311581
1429078248,76.7668076,30.7312064
1429078251,76.7703369,30.7314531
1429078252,76.7708173,30.7314427
1429078253,76.7698584,30.7314945
1429078254,76.7747586,30.7315351
1429078260,76.7664703,30.7316112
1429078261,76.7719928,30.7316097
1429078264,76.772899,30.7316372
1429078265,76.7676603,30.731738
1429078269,76.7648329,30.7318835
1429078273,76.7669628,30.7319236
1429078275,76.7744294,30.7319273
1429078277,76.7655552,30.7319315
1429078280,76.772353,30.7318451
1429078289,76.7725512,30.7321109
1429078297,76.767323,30.7321504
1429078298,76.7726634,30.7321425
1429078301,76.765342,30.7321869
1429078304,76.7684752,30.7322452
1429078305,76.7636116,30.7322595
1429078307,76.7655439,30.7323073
1429078309,76.7740988,30.7323213
1429078313,76.7723997,30.7325155
1429078317,76.7733458,30.7324489
1429078321,76.7670283,30.7325115
1429078326,76.7762703,30.7325806
1429078328,76.7681399,30.7326463
1429078339,76.768954,30.7326911
1429078340,76.7730405,30.7327902
1429078345,76.7801595,30.7328338
1429078348,76.780236,30.7328761
1429078351,76.7751732,30.7328835
1429078354,76.775349,30.7328913
1429078358,76.7754214,30.7329031
1429078364,76.766403,30.7329371
1429078367,76.7746172,30.7329452
1429078380,76.7791812,30.7330113
1429078381,76.7703955,30.7330021
1429078382,76.7678568,30.7330001
1429078393,76.779109,30.7330832
1429078400,76.7662539,30.733117
1429078403,76.7797687,30.7331288
1429078407,76.7795732,30.7331493
1429078412,76.7727182,30.7331659
1429078417,76.7661891,30.7331951
1429078427,76.7780686,30.7332742
1429078435,76.7800275,30.7333023
1429078440,76.7748787,30.7333317
1429078443,76.7687267,30.7332317
1429078445,76.7793687,30.7333595
1429078448,76.7689151,30.7333411
1429078451,76.7700525,30.7334248
1429078452,76.7671612,30.7334173
1429078464,76.7800449,30.7335037
1429078473,76.7793844,30.7335329
1429078475,76.7659063,30.7335363
1429078477,76.7778359,30.7335448
1429078492,76.7717668,30.7336003
1429078498,76.7769489,30.7336342
1429078501,76.7763082,30.7336473
1429078504,76.7652383,30.7336682
1429078506,76.7669466,30.7336748
1429078507,76.7798941,30.7336776
1429078517,76.7745513,30.7337213
1429078519,76.7796775,30.7337223
1429078520,76.7802986,30.7337598
1429078523,76.7662903,30.7337728
1429078529,76.7802572,30.7338159
1429078531,76.7685039,30.7338311
1429078542,76.7696778,30.7338869
1429078543,76.7656089,30.7338881
1429078545,76.7767245,30.7339028
1429078549,76.7791867,30.7339408
1429078550,76.7766838,30.7339516
1429078551,76.7792541,30.7339761
1429078554,76.7698491,30.7339993
1429078555,76.7666701,30.7340066
1429078556,76.7759912,30.7340268
1429078557,76.7683362,30.7340378
1429078561,76.7760705,30.7340764
1429078562,76.7665927,30.7340996
1429078564,76.7742208,30.7341146
1429078566,76.7660012,30.7341209
1429078568,76.7773171,30.7341481
1429078574,76.7725909,30.7342219
1429078577,76.7764049,30.7342854
1429078578,76.7772266,30.7342917
1429078589,76.7689489,30.7344035
1429078596,76.7671019,30.7344101
1429078598,76.7724055,30.7344364
1429078602,76.7757399,30.7344635
1429078606,76.7704998,30.7345342
1429078607,76.7714669,30.7345261
1429078608,76.7662357,30.7345281
1429078618,76.7693369,30.734635
1429078619,76.7661251,30.7346608
1429078621,76.7702184,30.7347264
1429078625,76.7760792,30.7346753
1429078637,76.7730892,30.7348546
1429078640,76.7754013,30.73486
1429078643,76.7720283,30.7348726
1429078645,76.7721694,30.7349597
1429078649,76.7681211,30.7349844
1429078660,76.7689839,30.7350619
1429078662,76.7757442,30.7350765
1429078674,76.7703819,30.7352382
1429078676,76.7727126,30.7352951
1429078677,76.7687443,30.7353562
1429078678,76.7705574,30.7353595
1429078682,76.7762519,30.735397
1429078692,76.7717251,30.7354894
1429078697,76.7704046,30.7355394
1429078706,76.771867,30.7355915
1429078712,76.7711347,30.735713
1429078716,76.7702119,30.7357662
1429078717,76.7713367,30.7358367
1429078724,76.7709784,30.7358909
1429078730,76.7757896,30.7359214
1429078736,76.7733566,30.7359467
1429078738,76.771549,30.7359667
1429078739,76.7700332,30.7359767
1429078742,76.7757286,30.7359905
1429078753,76.769557,30.7359331
1429078754,76.7732502,30.7360828
1429078757,76.7707823,30.7361144
1429078869,76.7698839,30.7361383
1429078877,76.7755104,30.736238
1429078880,76.7763244,30.7362586
1429078882,76.7706472,30.7362682
1429078886,76.7705981,30.7363241
1429078891,76.7762617,30.7363286
1429078893,76.7712324,30.7363402
1429078901,76.7708645,30.7363957
1429078903,76.7685596,30.7364117
1429078905,76.7724335,30.7364164
1429078910,76.7737785,30.7364176
1429078911,76.7770667,30.736421
1429078918,76.77668,30.7364828
1429078920,76.7684984,30.7364829
1429078929,76.7710788,30.7365214
1429078930,76.7760852,30.7365251
1429078931,76.7704438,30.7364895
1429078932,76.7766132,30.7365515
1429078933,76.7760514,30.7365628
1429078934,76.7705082,30.7365385
1429078939,76.776897,30.7366196
1429078942,76.7727957,30.736664
1429078943,76.7735682,30.736656
1429078945,76.776835,30.7366922
1429078946,76.7748316,30.7367059
1429078949,76.7708628,30.7367564
1429078952,76.7720331,30.7368521
1429078954,76.7764814,30.7368671
1429078956,76.7766568,30.7369008
1429078957,76.7701666,30.7369573
1429078959,76.773289,30.7369725
1429078962,76.772504,30.7370371
1429078963,76.776279,30.7370937
1429078964,76.7734966,30.7371045
1429078965,76.7762465,30.73713
1429078967,76.7743758,30.7371658
1429078968,76.7705228,30.7371773
1429078969,76.7763833,30.7372209
1429078974,76.7744917,30.7373933
1429078975,76.7739662,30.7374031
1429078976,76.7721971,30.7374297
1429078980,76.7731841,30.7374726
1429078982,76.774343,30.7376415
1429078988,76.7718472,30.7378183
1429078989,76.7728689,30.7378438
1429078990,76.7740495,30.7379919
1429078992,76.7730542,30.7379679
1429078996,76.7737072,30.7384005
1429078997,76.7727107,30.7383543
1429078998,76.7751114,30.7384007
1429078999,76.7752876,30.7385033
1429079000,76.7732623,30.738702
1429079008,76.773696,30.739146
1429079012,76.7743536,30.7393293
1429141339,76.7939773,30.7065278
1429141340,76.7943182,30.7065435
1429141341,76.7944027,30.706596
1429141343,76.79421,30.706672
1429141345,76.7923323,30.7089217
1429141348,76.7945464,30.7068803
1429141349,76.7940095,30.7069102
1429141350,76.7940868,30.7069779
1429141353,76.7956394,30.7073644
1429141354,76.7844719,30.7085181
1429141370,76.784494,30.7094997
1429141373,76.784523,30.7096021
1429141374,76.7833022,30.7096279
1429141379,76.8005672,30.7106098
1429141383,76.8010678,30.7107644
1429141384,76.8011464,30.7108136
1429141386,76.8009716,30.7108603
1429141387,76.8010503,30.710909
1429141392,76.8008059,30.7110254
1429141395,76.8008704,30.7110876
1429141396,76.8014455,30.7111565
1429141397,76.7901879,30.7126903
1429141399,76.7896544,30.712733
1429141400,76.7902633,30.712749
1429141403,76.7896134,30.7127996
1429141405,76.7899747,30.7129337
1429141407,76.7900579,30.7129858
1429141408,76.7899309,30.712999
1429141411,76.7900136,30.713051
1429141413,76.7904318,30.7132133
1429141416,76.7897401,30.7132274
1429141417,76.7903676,30.7132733
1429141418,76.7898183,30.7132826
1429141421,76.778807,30.7148069
1429141430,76.7792129,30.7151448
1429141447,76.7955188,30.7161076
1429141455,76.79528,30.7161457
1429141468,76.7957776,30.7162811
1429141473,76.7951188,30.7163383
1429141482,76.7958034,30.7164291
1429141486,76.7951345,30.7165118
1429141504,76.7955969,30.716678
1429141509,76.7954276,30.7167012
1429141513,76.7849887,30.7177636
1429141514,76.7846111,30.7181094
1429141515,76.7846976,30.7181447
1429141517,76.7840757,30.7182012
1429141520,76.7840311,30.7182582
1429141522,76.7843753,30.7183887
1429141525,76.7844529,30.7184373
1429141526,76.7843292,30.7184451
1429141528,76.7844061,30.7184934
1429141530,76.7847946,30.718655
1429141534,76.7841069,30.7187164
1429141535,76.7847627,30.7187169
1429141536,76.7841856,30.7187581
1429141554,76.7737833,30.7215735
1429141563,76.7901763,30.721706
1429141566,76.7898918,30.72173
1429141579,76.7903812,30.7218531
1429141585,76.7897422,30.7218928
1429141597,76.77444,30.7219819
1429141599,76.7904068,30.7220668
1429141607,76.7897715,30.7221403
1429141626,76.7902087,30.7222623
1429141632,76.7899847,30.7222774
1429141639,76.7740029,30.7225137
1429141642,76.7735255,30.7231072
1429141643,76.7763457,30.723167
1429141644,76.7709571,30.7233953
1429141645,76.7730449,30.723652
1429141647,76.7785842,30.7237211
1429141649,76.7759044,30.7237004
1429141650,76.7745509,30.7237382
1429141651,76.7786573,30.7237667
1429141652,76.7785267,30.7237914
1429141654,76.7786001,30.7238357
1429141658,76.771834,30.7239421
1429141662,76.7776337,30.7239679
1429141665,76.7791302,30.7241744
1429141666,76.7793318,30.7241836
1429141670,76.7794094,30.7242316
1429141671,76.7792812,30.7242614
1429141673,76.7740978,30.7243139
1429141676,76.7780776,30.7242439
1429141678,76.775434,30.7242816
1429141680,76.7793517,30.7243054
1429141687,76.7710451,30.7243246
1429141688,76.7791777,30.7243883
1429141690,76.7724771,30.7243387
1429141697,76.7795187,30.724419
1429141700,76.7792543,30.7244259
1429141704,76.777193,30.7245045
1429141706,76.7713512,30.724513
1429141712,76.7797779,30.7248595
1429141713,76.7719944,30.7249087
1429141715,76.7767274,30.7250843
1429141720,76.7795468,30.7251339
1429141721,76.7717623,30.7251871
1429141724,76.7784072,30.7253136
1429141726,76.7771795,30.7253739
1429141727,76.7784737,30.7253551
1429141729,76.7737278,30.7254724
1429141738,76.7762224,30.7256496
1429141739,76.7736004,30.7256298
1429141744,76.7790554,30.7257172
1429141745,76.7777475,30.7257378
1429141746,76.7712771,30.7257625
1429141747,76.7778194,30.7257839
1429141753,76.7760688,30.7258726
1429141759,76.7732223,30.7260972
1429141765,76.7694435,30.7261859
1429141767,76.7786583,30.7261835
1429141768,76.7708547,30.7262721
1429141770,76.7813448,30.7262533
1429141773,76.7697656,30.7263844
1429141781,76.7783228,30.7265787
1429141783,76.7752324,30.7266583
1429141784,76.7727578,30.7266714
1429141790,76.7704247,30.7267908
1429141791,76.7808534,30.7268366
1429141799,76.774859,30.727109
1429141802,76.7723396,30.7271882
1429141806,76.7843401,30.7272982
1429141807,76.7804563,30.7273029
1429141810,76.7852337,30.7272863
1429141813,76.7848887,30.7273664
1429141821,76.7846228,30.72742
1429141822,76.7831559,30.7273808
1429141826,76.7838854,30.7274608
1429141829,76.7727785,30.727459
1429141840,76.7851475,30.7275399
1429141844,76.7819441,30.7275156
1429141850,76.7844887,30.7275971
1429141855,76.7743896,30.7276757
1429141865,76.7836786,30.7277062
1429141867,76.7822753,30.7277218
1429141872,76.7801208,30.7276981
1429141874,76.7766416,30.7277689
1429141876,76.785152,30.7277828
1429141888,76.7845296,30.7278147
1429141906,76.7850141,30.7279152
1429141911,76.7748296,30.7279516
1429141912,76.7847428,30.7279518
1429141950,76.7765251,30.7279089
1429141951,76.7723359,30.7279824
1429141965,76.7826645,30.7279641
1429141968,76.781547,30.7279819
1429141981,76.7739608,30.7281883
1429141984,76.7769734,30.728188
1429141990,76.7753577,30.7282827
1429141993,76.7831872,30.7282895
1429141994,76.7754268,30.728325
1429142005,76.7812115,30.7283771
1429142010,76.775197,30.7284758
1429142015,76.7752677,30.7285198
1429142027,76.7766109,30.7286115
1429142028,76.7815426,30.7285833
1429142030,76.7776079,30.728583
1429142036,76.773517,30.7287188
1429142045,76.7757559,30.7288237
1429142046,76.7786557,30.7288706
1429142050,76.7772483,30.7290084
1429142052,76.7785167,30.7290348
1429142060,76.7762042,30.7291028
1429142065,76.7753261,30.7293362
1429142077,76.7781128,30.7295142
1429142079,76.7807828,30.7294927
1429142082,76.774703,30.7296111
1429142083,76.7797382,30.7297953
1429142089,76.781691,30.730062
1429142090,76.774065,30.729809
1429142091,76.7749603,30.7297713
1429142092,76.7741406,30.7298548
1429142093,76.7773815,30.7298357
1429142094,76.7739987,30.7298891
1429142095,76.7740691,30.7299352
1429142096,76.7795825,30.7299734
1429142098,76.7816092,30.73001
1429142100,76.7776854,30.7300249
1429142107,76.7800644,30.7303458
1429142109,76.7769517,30.7303482
1429142110,76.7822419,30.7304916
1429142111,76.7823174,30.7305387
1429142112,76.7798526,30.7305972
1429142116,76.7765859,30.7307833
1429142117,76.7809103,30.7308725
1429142119,76.7768553,30.730951
1429142120,76.7794252,30.731108
1429142121,76.7777012,30.7311433
1429142123,76.7792485,30.7313141
1429142127,76.7800945,30.7318408
1429142128,76.7788157,30.7318371
1429142129,76.7796617,30.7323637
1429142130,76.7794488,30.7326071
1429260140,76.7907913,30.7032424
1429260159,76.791113,30.7045341
1429260165,76.7897761,30.7046094
1429260167,76.7908909,30.7046159
1429260187,76.7893987,30.7047141
1429260206,76.7904761,30.7054359
1429260216,76.7903216,30.7056248
1429260221,76.7900039,30.7060132
1429260225,76.7896517,30.7064439
1429260228,76.7916435,30.7064471
1429260241,76.789353,30.7068091
1429260243,76.7913335,30.7068345
1429260259,76.7930584,30.7071282
1429260260,76.789916,30.7071621
1429260263,76.7919091,30.7071885
1429260267,76.7910021,30.7072486
1429260268,76.7929506,30.7072602
1429260283,76.7887751,30.7075155
1429260308,76.7906853,30.7076446
1429260309,76.7926356,30.7076458
1429260319,76.7894417,30.7077517
1429260327,76.7941867,30.7077567
1429260333,76.7905502,30.7078135
1429260339,76.7893485,30.7078643
1429260340,76.7884729,30.7078851
1429260355,76.7940339,30.7079361
1429260362,76.7890468,30.7082286
1429260366,76.7937476,30.7082692
1429260367,76.7881133,30.7083248
1429260377,76.7915436,30.7084369
1429260385,76.7925955,30.7085899
1429260388,76.791788,30.7085902
1429260389,76.7918383,30.7086218
1429260391,76.7926808,30.7086414
1429260394,76.7934622,30.7086012
1429260396,76.7886805,30.7086709
1429260415,76.790751,30.7088657
1429260425,76.7931809,30.7089438
1429260438,76.7923986,30.7089734
1429260445,76.7961941,30.7090019
1429260451,76.7910616,30.7090545
1429260456,76.7930011,30.7091614
1429260459,76.7964608,30.7091709
1429260472,76.7912962,30.709197
1429260476,76.7882339,30.7092101
1429260478,76.7960515,30.7091714
1429260485,76.7932342,30.7093027
1429260490,76.7967205,30.7093439
1429260512,76.7911633,30.709361
1429260521,76.7934035,30.7094104
1429260538,76.7927688,30.7094621
1429260545,76.7957952,30.7094681
1429260547,76.7969802,30.709535
1429260553,76.7957646,30.7095086
1429260573,76.7926398,30.7095987
1429260600,76.7960589,30.7096323
1429260609,76.7972516,30.7096919
1429260620,76.794586,30.7097931
1429260637,76.7963018,30.7097837
1429260646,76.796336,30.709805
1429260648,76.7975206,30.7098669
1429260651,76.7884152,30.7098714
1429260676,76.7954606,30.7098661
1429260682,76.7966023,30.7099709
1429260709,76.7943974,30.7100241
1429260710,76.7966272,30.7099864
1429260712,76.7886885,30.7100434
1429260732,76.7968417,30.71012
1429260734,76.7952044,30.7101816
1429260737,76.7968724,30.7101392
1429260741,76.7940018,30.7102085
1429260743,76.7959091,30.7102295
1429260749,76.7947589,30.7102509
1429260765,76.7954251,30.7103203
1429260768,76.797136,30.7103034
1429260771,76.7941574,30.710319
1429260773,76.7884278,30.7103654
1429260791,76.7962478,30.7104336
1429260796,76.7956948,30.7104836
1429260798,76.7952297,30.7105464
1429260803,76.7964758,30.7105711
1429260805,76.7945261,30.7105264
1429260824,76.7988123,30.7106708
1429260836,76.7881,30.7107703
1429260841,76.7968734,30.7108107
1429260848,76.7950098,30.7107985
1429260851,76.796291,30.7108643
1429260870,76.7933,30.7110207
1429260879,76.7875667,30.7110548
1429260881,76.796648,30.7110713
1429260882,76.7903233,30.7110718
1429260884,76.794716,30.7111408
1429260887,76.7932132,30.7111203
1429260890,76.7877704,30.7111774
1429260892,76.7914377,30.7111884
1429260895,76.7915091,30.7112333
1429260898,76.7905971,30.711245
1429260899,76.7900687,30.7113807
1429260905,76.7963908,30.7113639
1429260906,76.7936051,30.7113658
1429260910,76.791993,30.7115381
1429260911,76.792649,30.7115063
1429260912,76.7911185,30.711572
1429260916,76.7911924,30.7116186
1429260919,76.7928205,30.7116122
1429260921,76.7940242,30.7116284
1429260933,76.7917885,30.711781
1429260934,76.7978762,30.711806
1429260941,76.7943262,30.7118177
1429260951,76.7932112,30.7118534
1429260953,76.7948178,30.7119837
1429260954,76.7947355,30.7120741
1429260960,76.7976341,30.7120741
1429260964,76.791539,30.7120841
1429260966,76.7936277,30.7121105
1429260977,76.7896753,30.7123245
1429260979,76.7926677,30.7123253
1429260982,76.7939271,30.7122954
1429260984,76.7920055,30.7123748
1429260990,76.7954877,30.7124293
1429260992,76.797322,30.7124491
1429260997,76.7936736,30.7125964
1429261002,76.7943429,30.7125521
1429261005,76.7910577,30.7126494
1429261010,76.7923967,30.7126185
1429261013,76.7945061,30.7126528
1429261022,76.7970424,30.712771
1429261023,76.7979208,30.7128025
1429261036,76.7962251,30.7128931
1429261037,76.791531,30.7129383
1429261039,76.7980959,30.7129058
1429261040,76.7928602,30.7129072
1429261054,76.7954022,30.713057
1429261064,76.793229,30.713137
1429261066,76.7966828,30.7131809
1429261068,76.7912773,30.71325
1429261081,76.7980187,30.7133725
1429261085,76.7904087,30.7135216
1429261086,76.7957272,30.7134847
1429261089,76.7916628,30.7134918
1429261102,76.794941,30.7136083
1429261104,76.7902206,30.713754
1429261106,76.7964901,30.7138063
1429261107,76.7921411,30.7137916
1429261108,76.7907953,30.7137913
1429261113,76.795395,30.7138783
1429261115,76.7892322,30.7138403
1429261118,76.7893099,30.7138895
1429261119,76.7964188,30.7138964
1429261122,76.7905378,30.7139491
1429261124,76.7909999,30.7139268
1429261127,76.7978783,30.7139327
1429261128,76.7979498,30.7139776
1429261129,76.7969434,30.7140376
1429261130,76.7932884,30.714043
1429261135,76.7924967,30.7140146
1429261136,76.7908278,30.7141275
1429261140,76.7912792,30.7140969
1429261145,76.7968469,30.7141512
1429261148,76.7898429,30.7142267
1429261151,76.7950586,30.7142758
1429261153,76.7960984,30.714295
1429261155,76.7915573,30.7142663
1429261156,76.7906694,30.7143172
1429261160,76.7930329,30.7143509
1429261167,76.7901469,30.714419
1429261171,76.7909535,30.714493
1429261173,76.7965175,30.7145433
1429261176,76.7919692,30.7145172
1429261177,76.7941329,30.7145741
1429261178,76.7947891,30.7145943
1429261184,76.7904365,30.7146022
1429261188,76.7957708,30.7147038
1429261190,76.7912205,30.7146582
1429261201,76.7945724,30.7148504
1429261205,76.7916272,30.71491
1429261207,76.7926937,30.7149637
1429261209,76.790981,30.7149467
1429261210,76.7955069,30.7150331
1429261215,76.7918831,30.7150684
1429261222,76.7925299,30.7151663
1429261225,76.7943181,30.7151567
1429261238,76.7932365,30.7152903
1429261239,76.7952911,30.7153023
1429261244,76.7923564,30.7153809
1429261245,76.7916438,30.7153659
1429261246,76.7789063,30.7153818
1429261251,76.7930549,30.7155062
1429261253,76.7778578,30.7155281
1429261255,76.7956746,30.7155443
1429261264,76.793789,30.7156511
1429261266,76.795047,30.7155816
1429261268,76.7780636,30.7156597
1429261271,76.7958847,30.7156769
1429261272,76.7921266,30.7156713
1429261273,76.792879,30.7157152
1429261276,76.7948396,30.7158289
1429261277,76.7785803,30.7157734
1429261278,76.7936225,30.7158615
1429261281,76.7924553,30.7158793
1429261285,76.7915646,30.7159214
1429261291,76.7784207,30.715959
1429261293,76.791801,30.7160721
1429261294,76.7790532,30.7160702
1429261295,76.7940623,30.716133
1429261298,76.7786433,30.7160984
1429261304,76.7880076,30.7162145
1429261307,76.780192,30.7161869
1429261308,76.7929594,30.7161981
1429261312,76.7947598,30.716258
1429261314,76.7921155,30.7162726
1429261315,76.786239,30.7162721
1429261317,76.7793009,30.7162257
1429261318,76.7788959,30.7162566
1429261320,76.7939133,30.7163178
1429261328,76.793229,30.7163596
1429261334,76.7945912,30.7164594
1429261335,76.7878076,30.7164597
1429261338,76.7783543,30.7164388
1429261339,76.7914511,30.7164869
1429261345,76.786735,30.7165917
1429261347,76.7798649,30.7165796
1429261349,76.7944459,30.716633
1429261354,76.7786062,30.7165965
1429261355,76.7936678,30.7166225
1429261358,76.7917692,30.7166769
1429261359,76.7781674,30.7166571
1429261362,76.7790192,30.7167027
1429261366,76.7777497,30.7167601
1429261404,76.7911833,30.7168044
1429261408,76.7811177,30.7167666
1429261410,76.7924711,30.7167777
1429261411,76.7789408,30.7168065
1429261413,76.7900197,30.7168607
1429261415,76.7803435,30.71688
1429261417,76.7779723,30.7168995
1429261420,76.7941823,30.7169307
1429261421,76.7922915,30.7169888
1429261424,76.79276,30.7169517
1429261425,76.7873542,30.7170155
1429261428,76.7794987,30.7170088
1429261429,76.7775204,30.717013
1429261434,76.790968,30.7170598
1429261435,76.7863344,30.717069
1429261437,76.7787539,30.7170248
1429261438,76.7815746,30.7170527
1429261439,76.7897757,30.7171446
1429261441,76.7807955,30.7171637
1429261445,76.7931586,30.7171918
1429261447,76.7854339,30.7172291
1429261449,76.7907859,30.7172755
1429261451,76.7799852,30.717299
1429261461,76.7920169,30.7173157
1429261464,76.7878517,30.7173257
1429261465,76.7792305,30.7173228
1429261466,76.777214,30.7173721
1429261468,76.7919305,30.7174082
1429261475,76.7791239,30.7174503
1429261477,76.786012,30.7174691
1429261480,76.7894698,30.7175006
1429261486,76.7822461,30.7174732
1429261491,76.792881,30.7175049
1429261493,76.7763247,30.717558
1429261496,76.7937051,30.7175209
1429261503,76.7804432,30.7175858
1429261508,76.7905131,30.7176033
1429261513,76.7922257,30.7175938
1429261542,76.7864179,30.7177188
1429261544,76.7761693,30.7177276
1429261547,76.779644,30.7177044
1429261550,76.7874651,30.7177766
1429261552,76.7768767,30.7177657
1429261558,76.7915917,30.7178219
1429261570,76.7788494,30.7178051
1429261575,76.7808888,30.7178648
1429261577,76.7788227,30.7178285
1429261579,76.7925949,30.717826
1429261580,76.7934418,30.7178299
1429261582,76.7867001,30.7178924
1429261590,76.7819247,30.7178507
1429261603,76.7902118,30.7179653
1429261612,76.7879098,30.7180548
1429261618,76.7890371,30.718065
1429261627,76.7855033,30.7181003
1429261642,76.7792926,30.7181228
1429261644,76.7871359,30.7181605
1429261646,76.7860389,30.7181869
1429261647,76.7931477,30.7181736
1429261649,76.7785173,30.7181882
1429261658,76.7815659,30.7182888
1429261660,76.7805483,30.7182694
1429261662,76.7762512,30.7184002
1429261664,76.786925,30.7184065
1429261665,76.7763167,30.718441
1429261670,76.7807822,30.7184156
1429261672,76.7852077,30.7184676
1429261675,76.7910485,30.7184749
1429261677,76.7828346,30.7184197
1429261679,76.7897558,30.7185132
1429261680,76.788654,30.7185206
1429261681,76.7861871,30.7185246
1429261687,76.7789901,30.7184919
1429261689,76.7928066,30.7185913
1429261694,76.7781821,30.7185813
1429261700,76.7766598,30.7186521
1429261701,76.7908936,30.7186612
1429261702,76.7899963,30.7186632
1429261704,76.7913715,30.7186747
1429261709,76.7873802,30.718694
1429261720,76.7812292,30.7186949
1429261733,76.783294,30.718707
1429261736,76.7931009,30.7187776
1429261737,76.7866026,30.7187825
1429261749,76.7931779,30.7188264
1429261753,76.7765012,30.7188428
1429261754,76.782473,30.7188569
1429261755,76.7804238,30.7188312
1429261757,76.7923216,30.7188897
1429261762,76.7868308,30.718924
1429261763,76.7786502,30.7188738
1429261766,76.7845337,30.71897
1429261768,76.775714,30.7190043
1429261774,76.7846951,30.7190689
1429261779,76.7809232,30.7190546
1429261782,76.7909793,30.7191265
1429261785,76.7921156,30.7191351
1429261792,76.7881168,30.7191594
1429261796,76.77712,30.7191801
1429261798,76.7761876,30.7192199
1429261799,76.77763,30.7192504
1429261802,76.7801229,30.7192013
1429261810,76.7865145,30.7193012
1429261811,76.7821327,30.7192594
1429261816,76.7902672,30.7193977
1429261817,76.7806706,30.719362
1429261824,76.7844001,30.7194135
1429261825,76.7878058,30.7195291
1429261827,76.7743101,30.7195408
1429261829,76.7805671,30.7194794
1429261831,76.7834195,30.7195557
1429261836,76.790578,30.7195887
1429261840,76.7825923,30.7195466
1429261841,76.7834866,30.7195974
1429261843,76.7917209,30.7196051
1429261845,76.775865,30.7196079
1429261846,76.7744722,30.7196445
1429261851,76.7804115,30.7196561
1429261853,76.7919309,30.7197405
1429261854,76.7861542,30.7197868
1429261856,76.7771498,30.7198201
1429261858,76.7898944,30.7198361
1429261861,76.7860567,30.7199029
1429261866,76.7839884,30.7199092
1429261867,76.7874795,30.7199172
1429261869,76.7802286,30.71986
1429261870,76.7831469,30.719893
1429261872,76.7822875,30.7199071
1429261873,76.791197,30.7199693
1429261876,76.7832103,30.7199327
1429261886,76.7755364,30.720003
1429261888,76.7866309,30.7200292
1429261890,76.7741071,30.7200434
1429261899,76.7915284,30.720173
1429261901,76.7865248,30.7201505
1429261903,76.7768221,30.7202089
1429261907,76.7820338,30.7202171
1429261910,76.7857557,30.7202551
1429261913,76.7836995,30.7202527
1429261917,76.7894951,30.7203057
1429261930,76.7908149,30.7204197
1429261933,76.7848938,30.7204719
1429261936,76.7892973,30.7205383
1429261938,76.7817779,30.7205098
1429261945,76.7861977,30.7205372
1429261948,76.7764979,30.7205986
1429261954,76.790029,30.720639
1429261964,76.7833603,30.7206562
1429261966,76.7853438,30.7207516
1429261980,76.7898391,30.7208623
1429261983,76.7846049,30.7208154
1429261988,76.7890418,30.720838
1429261989,76.7904211,30.7208838
1429261992,76.7748079,30.7208868
1429261999,76.7905809,30.7209835
1429262002,76.7763221,30.7210064
1429262005,76.7857908,30.7210294
1429262008,76.7878743,30.7209883
1429262011,76.7830218,30.7210587
1429262018,76.7895763,30.7211669
1429262019,76.7842657,30.7212189
1429262024,76.7883452,30.7212806
1429262035,76.7894041,30.7213737
1429262038,76.7875471,30.7213749
1429262040,76.7866427,30.7215588
1429262053,76.780813,30.7215665
1429262055,76.7839272,30.7216213
1429262057,76.7808983,30.7216134
1429262059,76.7770467,30.7216943
1429262061,76.7880265,30.7216655
1429262067,76.7870137,30.721788
1429262068,76.7811168,30.7217597
1429262070,76.7871405,30.7218667
1429262091,76.7815614,30.7220357
1429262093,76.7886295,30.7220399
1429262096,76.7766988,30.722091
1429262102,76.7876114,30.722159
1429262103,76.7866734,30.7221931
1429262110,76.7890806,30.7223199
1429262117,76.7811838,30.7224666
1429262118,76.7871259,30.7224741
1429262121,76.7882145,30.7225334
1429262125,76.7804399,30.722548
1429262131,76.7824745,30.7226026
1429262134,76.7794949,30.7226138
1429262137,76.7795722,30.7226617
1429262139,76.7786457,30.7227256
1429262141,76.7787647,30.7228023
1429262143,76.7886609,30.7228105
1429262146,76.7808845,30.722824
1429262148,76.7867885,30.7228757
1429262151,76.7829088,30.7228722
1429262154,76.7878742,30.7229385
1429262160,76.7860035,30.7229906
1429262161,76.7800768,30.722975
1429262163,76.7791415,30.7230453
1429262166,76.7831533,30.723024
1429262173,76.7792163,30.7230936
1429262175,76.7783094,30.7231166
1429262179,76.7864561,30.7232715
1429262181,76.778154,30.7232878
1429262182,76.7805215,30.723251
1429262184,76.7835769,30.723287
1429262185,76.7875367,30.7233402
1429262187,76.7856553,30.7234052
1429262191,76.7817976,30.7233909
1429262193,76.7879745,30.7236119
1429262194,76.7788738,30.723506
1429262199,76.7801787,30.7236595
1429262201,76.7831908,30.7237279
1429262205,76.7793785,30.7238028
1429262206,76.7814346,30.7238179
1429262208,76.7844936,30.723856
1429262220,76.7798434,30.7240562
1429262226,76.782859,30.7241229
1429262227,76.7818689,30.7240875
1429262232,76.7850185,30.7241818
1429262243,76.7810805,30.7242399
1429262244,76.7821134,30.7242393
1429262245,76.7841076,30.724297
1429262246,76.7871303,30.7243209
1429262255,76.782537,30.7245022
1429262257,76.7876053,30.7246157
1429262258,76.7876609,30.7246502
1429262260,76.7807566,30.724623
1429262261,76.7837758,30.724692
1429262267,76.7811909,30.7248926
1429262268,76.7821422,30.7249762
1429262270,76.7814353,30.7250444
1429262272,76.7842091,30.7251267
1429262274,76.7834537,30.7250713
1429262279,76.7835116,30.7251072
1429262286,76.781859,30.7253074
1429262288,76.7838626,30.7254013
1429262296,76.7839387,30.7254485
1429262299,76.7840737,30.7255323
1429262301,76.7830589,30.7255453
1429262320,76.7845221,30.7258107
1429262322,76.7827757,30.7258764
1429262323,76.7829538,30.725987
1429262324,76.784168,30.7262322
1429262335,76.7854351,30.7263774
1429262339,76.7836418,30.726477
1429262342,76.7838538,30.7266062
1429262348,76.7850854,30.7268017
1429336561,76.8038195,30.6916727
1429336586,76.7994347,30.6954029
1429336653,76.7960112,30.7005356
1429336667,76.7956186,30.7010134
1429336676,76.7963226,30.7014563
1429336683,76.7926775,30.7015416
1429336692,76.7969959,30.7018798
1429336699,76.8005879,30.7018849
1429336710,76.7977199,30.7023352
1429336720,76.7943307,30.7025804
1429336727,76.7950017,30.7030021
1429336740,76.7992165,30.7032767
1429336749,76.7956698,30.7034219
1429336769,76.7964146,30.70389
1429336791,76.8074518,30.704107
1429336805,76.8067817,30.7045392
1429336807,76.7977631,30.7047373
1429336808,76.8030421,30.7048964
1429336813,76.8087104,30.7057395
1429336823,76.8020874,30.705821
1429336832,76.808023,30.7061437
1429336834,76.8037862,30.7059272
1429336852,76.8016046,30.706312
1429336864,76.8031268,30.7065827
1429336885,76.7955248,30.7068849
1429336893,76.7956235,30.7069355
1429336901,76.7950468,30.7069961
1429336917,76.8026291,30.7070667
1429336927,76.7952849,30.707142
1429336931,76.7953851,30.7072049
1429336943,76.7951745,30.707268
1429336946,76.7952737,30.7073309
1429336949,76.8040171,30.7073583
1429336953,76.8021883,30.7074954
1429336966,76.8053984,30.7077488
1429336968,76.8034305,30.7079626
1429336970,76.8032126,30.7081664
1429336987,76.8044742,30.7086785
1429336988,76.7991155,30.708843
1429336990,76.8060785,30.7088712
1429336996,76.8166542,30.7091172
1429337008,76.8163601,30.7093073
1429337019,76.8068218,30.7098339
1429337028,76.8012415,30.7101778
1429337057,76.8075815,30.7108003
1429337065,76.8023158,30.71085
1429337098,76.812708,30.7115159
1429337099,76.8123834,30.7117027
1429337100,76.8034409,30.7115536
1429337106,76.808315,30.7117067
1429337110,76.8042116,30.7120355
1429337119,76.8052841,30.7127062
1429337120,76.802112,30.7127164
1429337129,76.8020481,30.7127985
1429337132,76.8013045,30.7129561
1429337147,76.8017131,30.7132089
1429337149,76.8096032,30.7132867
1429337153,76.8063433,30.7133672
1429337160,76.8029064,30.7133339
1429337165,76.8034665,30.7135644
1429337176,76.800796,30.7136093
1429337177,76.8033981,30.7136449
1429337192,76.7981993,30.7137404
1429337197,76.8038737,30.7138156
1429337199,76.8025796,30.7137451
1429337203,76.8038096,30.713892
1429337213,76.8030602,30.7140333
1429337226,76.8022491,30.714161
1429337234,76.8034701,30.7142895
1429337240,76.8065484,30.7143715
1429337243,76.8069468,30.7144395
1429337244,76.7977965,30.7144065
1429337246,76.8081174,30.7144813
1429337257,76.8070422,30.7144984
1429337259,76.8037222,30.7144471
1429337260,76.8027111,30.714449
1429337262,76.8068496,30.7145599
1429337263,76.8156814,30.7145778
1429337264,76.815156,30.7146066
1429337274,76.7980394,30.7145533
1429337275,76.8069418,30.7146175
1429337291,76.8079444,30.7146809
1429337292,76.8018476,30.7146353
1429337293,76.8080091,30.7147106
1429337298,76.7998379,30.7147222
1429337309,76.807471,30.7147633
1429337310,76.8066769,30.7147739
1429337323,76.8067666,30.7148254
1429337324,76.8072842,30.7148317
1429337330,76.8077205,30.7149173
1429337331,76.7985599,30.7148678
1429337332,76.8033785,30.7148651
1429337336,76.8140226,30.714914
1429337338,76.8054633,30.7149151
1429337341,76.8078001,30.7149665
1429337345,76.8013043,30.7149285
1429337349,76.803516,30.7149508
1429337359,76.8076187,30.7150409
1429337363,76.8076953,30.7150888
1429337365,76.8014988,30.7150481
1429337367,76.8151328,30.7151149
1429337369,76.8081588,30.715188
1429337385,76.8051173,30.7153191
1429337394,76.797407,30.7153303
1429337396,76.7993214,30.7153215
1429337400,76.8031276,30.715412
1429337403,76.8031111,30.7154316
1429337411,76.8126346,30.7155188
1429337413,76.8045146,30.7155733
1429337417,76.806856,30.7156416
1429337418,76.8133108,30.715647
1429337430,76.7979294,30.715643
1429337433,76.80359,30.7156998
1429337437,76.8047729,30.7157343
1429337460,76.7969955,30.7158331
1429337462,76.8027738,30.7158321
1429337463,76.8122847,30.715862
1429337480,76.7988691,30.7158577
1429337489,76.8051688,30.7159811
1429337490,76.8033346,30.7160031
1429337505,76.8065503,30.7160245
1429337507,76.8041348,30.7160389
1429337529,76.798682,30.7160939
1429337531,76.8140351,30.7161874
1429337534,76.8127547,30.716207
1429337539,76.8054577,30.7161612
1429337542,76.8075209,30.7162076
1429337556,76.8055213,30.7162008
1429337562,76.8068656,30.7162227
1429337573,76.8069882,30.7162998
1429337575,76.8002858,30.71634
1429337580,76.8038855,30.716346
1429337581,76.8030291,30.7163657
1429337589,76.804214,30.7164276
1429337590,76.8051391,30.7164198
1429337593,76.8052061,30.7164565
1429337597,76.8062036,30.716467
1429337599,76.8072802,30.7164834
1429337603,76.8046091,30.7166398
1429337607,76.808123,30.7165905
1429337614,76.8000462,30.7166108
1429337625,76.8046934,30.7166907
1429337721,76.7987988,30.7166488
1429337723,76.7982585,30.716628
1429337727,76.8065129,30.7166655
1429337728,76.8035821,30.716701
1429337729,76.8008823,30.7167033
1429337734,76.8056759,30.7167289
1429337746,76.8034493,30.7168564
1429337748,76.7986304,30.7168599
1429337749,76.8058895,30.7168484
1429337756,76.8120101,30.7169569
1429337757,76.8069121,30.7169217
1429337760,76.8037881,30.7169873
1429337766,76.808764,30.7169924
1429337767,76.800626,30.7169825
1429337768,76.8014001,30.7170187
1429337769,76.8070792,30.717029
1429337781,76.8080405,30.7170859
1429337796,76.8128603,30.7173302
1429337802,76.8010995,30.7173827
1429337803,76.8084634,30.7173472
1429337804,76.8129864,30.7173855
1429337810,76.8125339,30.7173965
1429337814,76.8117454,30.7174032
1429337815,76.798211,30.7173645
1429337826,76.8115441,30.7174961
1429337828,76.8086593,30.7174682
1429337830,76.8095608,30.7174874
1429337839,76.8001645,30.7175238
1429337843,76.8049552,30.7176346
1429337850,76.810215,30.7177356
1429337858,76.8023317,30.7177452
1429337862,76.809136,30.7177627
1429337863,76.8017638,30.7178038
1429337868,76.8123585,30.7178184
1429337871,76.8073997,30.7178304
1429337873,76.8101283,30.7178398
1429337875,76.8040032,30.7178768
1429337877,76.8092625,30.7178409
1429337880,76.8124693,30.7178976
1429337881,76.8007058,30.7178584
1429337884,76.8122497,30.7179391
1429337892,76.8123584,30.7180075
1429337894,76.8021038,30.7180194
1429337896,76.8037763,30.7181574
1429337903,76.8088335,30.7181287
1429337911,76.8098391,30.7181971
1429337919,76.8080298,30.7182226
1429337944,76.8014122,30.718295
1429337945,76.8130211,30.7183415
1429337947,76.8032696,30.7183498
1429337950,76.812826,30.7182969
1429337970,76.8117514,30.7184434
1429337979,76.8035022,30.7184934
1429337981,76.811891,30.7184546
1429337983,76.8023678,30.718428
1429337987,76.8017191,30.7184847
1429337988,76.8024367,30.7184709
1429337989,76.8085118,30.71851
1429337997,76.8044405,30.7185762
1429338012,76.8087677,30.7186551
1429338014,76.8097703,30.7187007
1429338015,76.8080176,30.7187513
1429338023,76.8021619,30.7188184
1429338029,76.8022377,30.718849
1429338033,76.8041662,30.7189035
1429338042,76.8008076,30.7189957
1429338044,76.8084285,30.7190113
1429338046,76.8032586,30.7189813
1429338048,76.8094119,30.7190578
1429338052,76.8077392,30.719104
1429338060,76.8087127,30.7191912
1429338074,76.8038071,30.719322
1429338077,76.8074886,30.7193901
1429338081,76.8090578,30.7194105
1429338088,76.8084281,30.7195398
1429338089,76.8017462,30.7195726
1429338090,76.8018115,30.7195994
1429338092,76.808734,30.7197329
1429338106,76.8022619,30.7197629
1429338109,76.8024875,30.7199031
1429338111,76.8013912,30.7200501
1429338120,76.8084307,30.720035
1429338123,76.8014646,30.7200959
1429338125,76.8068884,30.7201196
1429338126,76.8013382,30.7201215
1429338137,76.8014022,30.720162
1429338143,76.8053403,30.7202741
1429338156,76.8008697,30.7207244
1429338160,76.8062679,30.7208503
1429338161,76.8094809,30.7208535
1429338169,76.8045743,30.7211998
1429338171,76.8070428,30.7214175
1429338185,76.806222,30.7230635
1429338197,76.8068239,30.7231692
1429338206,76.8065677,30.7232177
1429338226,76.8064355,30.7233702
1429338230,76.8071049,30.7234013
1429338235,76.8071085,30.7234908
1429338257,76.8064648,30.7236176
1429338273,76.8069493,30.7237181
1429338280,76.806678,30.7237547
1429380073,76.7956535,30.7169256
1429380079,76.7948258,30.7174564
1429380081,76.7967008,30.7175875
1429380084,76.7945275,30.7178016
1429380087,76.7964275,30.7179105
1429380095,76.7976741,30.718209
1429380098,76.7939923,30.7183482
1429380101,76.796141,30.7182456
1429380107,76.7960067,30.7184135
1429380114,76.7980632,30.7184575
1429380119,76.8117594,30.7186006
1429380123,76.7973826,30.7185595
1429380125,76.7937063,30.7186363
1429380128,76.7958305,30.7186126
1429380132,76.7972974,30.71866
1429380136,76.8117402,30.7188561
1429380138,76.7977273,30.7188509
1429380140,76.8123728,30.7188962
1429380144,76.7934628,30.7189473
1429380152,76.796984,30.7190363
1429380154,76.7929094,30.7191045
1429380156,76.7954032,30.7191137
1429380160,76.7953267,30.7192033
1429380162,76.7955572,30.7192057
1429380168,76.7983058,30.7192212
1429380174,76.7973994,30.7192356
1429380176,76.79548,30.7192996
1429380178,76.8129007,30.7193034
1429380180,76.7973661,30.7192797
1429380183,76.7932412,30.7193344
1429380203,76.7965947,30.7194718
1429380204,76.7960714,30.7195131
1429380216,76.7988396,30.7195709
1429380218,76.8110775,30.7194994
1429380224,76.7952415,30.7195947
1429380228,76.7979718,30.7196046
1429380234,76.7969849,30.719716
1429380240,76.799985,30.7196847
1429380247,76.8114615,30.7197687
1429380249,76.7927457,30.7198546
1429380254,76.7941503,30.7199645
1429380255,76.7949722,30.7199134
1429380258,76.7984824,30.7199972
1429380262,76.7996422,30.7200852
1429380264,76.8006199,30.7200901
1429380266,76.8120084,30.7201521
1429380271,76.7923645,30.7202428
1429380272,76.794649,30.7203102
1429380278,76.800274,30.7204901
1429380279,76.7992779,30.7205024
1429380284,76.793655,30.7204977
1429380287,76.7951012,30.7206236
1429380291,76.7919861,30.7206263
1429380293,76.7986566,30.7207544
1429380296,76.7941087,30.7208186
1429380298,76.7999091,30.7209033
1429380299,76.7989169,30.720916
1429380301,76.7932774,30.7208848
1429380303,76.8095967,30.7209421
1429380304,76.7915967,30.7210366
1429380305,76.7983269,30.7211483
1429380307,76.7946237,30.7211829
1429380310,76.8098995,30.7211736
1429380311,76.7937362,30.7212074
1429380312,76.7945216,30.721287
1429380313,76.7995504,30.7213096
1429380314,76.7928739,30.7212714
1429380315,76.792041,30.7213541
1429380316,76.7977742,30.7214026
1429380318,76.8164095,30.7214384
1429380321,76.8132748,30.7214934
1429380323,76.7979986,30.7215405
1429380325,76.8102909,30.7214729
1429380328,76.8162374,30.7216064
1429380330,76.8000939,30.7216471
1429380332,76.7933489,30.7216094
1429380335,76.799222,30.7216935
1429380338,76.7925004,30.7216823
1429380342,76.8175367,30.7217741
1429380344,76.7916713,30.7217435
1429380346,76.8099267,30.7218506
1429380348,76.8013623,30.7218538
1429380351,76.8159895,30.7218464
1429380355,76.7998262,30.7219656
1429380356,76.7938594,30.7219416
1429380362,76.7988862,30.722086
1429380363,76.8140254,30.7220678
1429380364,76.792134,30.7220734
1429380368,76.817081,30.7222169
1429380370,76.7912569,30.7221852
1429380375,76.7943728,30.72226
1429380381,76.8154889,30.7223379
1429380382,76.8107072,30.722406
1429380385,76.8184331,30.7224468
1429380386,76.7925944,30.7224017
1429380388,76.8174179,30.7224576
1429380389,76.7956401,30.7224581
1429380390,76.8185225,30.7225138
1429380391,76.8168225,30.7224637
1429380393,76.800763,30.7225436
1429380396,76.8121829,30.7225676
1429380398,76.811033,30.7226378
1429380399,76.8083972,30.7226855
1429380400,76.8131679,30.7226634
1429380401,76.8110813,30.7226722
1429380402,76.8027481,30.7227163
1429380403,76.794021,30.7226701
1429380406,76.8171471,30.7226881
1429380408,76.8089886,30.7227705
1429380412,76.8164863,30.7227946
1429380413,76.8149362,30.7227647
1429380414,76.807728,30.7228032
1429380415,76.7931853,30.7227632
1429380417,76.7922231,30.7227895
1429380418,76.8150052,30.7228176
1429380419,76.8074768,30.7228533
1429380422,76.7953184,30.7228464
1429380424,76.8113813,30.7228857
1429380432,76.8046073,30.722938
1429380433,76.8087854,30.7229697
1429380435,76.7944842,30.7229573
1429380437,76.8163249,30.7229508
1429380443,76.8168275,30.7230336
1429380447,76.8080419,30.7230384
1429380450,76.8127826,30.7230169
1429380451,76.8086735,30.7230794
1429380453,76.804869,30.7231012
1429380459,76.8116598,30.7230838
1429380463,76.8145448,30.7231396
1429380465,76.7936798,30.7230741
1429380473,76.8018219,30.7231971
1429380475,76.7928434,30.7231774
1429380486,76.7949725,30.7232602
1429380488,76.8084237,30.7233244
1429380490,76.8097605,30.7233482
1429380491,76.7970954,30.7233489
1429380492,76.8037888,30.723364
1429380508,76.7941455,30.7233667
1429380511,76.8158199,30.723441
1429380513,76.7962817,30.7234437
1429380520,76.8096369,30.7234698
1429380524,76.8040996,30.7235575
1429380531,76.795447,30.7235546
1429380539,76.8080986,30.7236432
1429380541,76.8094545,30.7236524
1429380549,76.797646,30.7236859
1429380558,76.801819,30.7237503
1429380567,76.8099917,30.723737
1429380569,76.809355,30.7237502
1429380571,76.7967638,30.7237427
1429380576,76.7938016,30.7237766
1429380580,76.813838,30.7238078
1429380585,76.7959347,30.7238571
1429380587,76.8091997,30.7239058
1429380591,76.8063934,30.7239271
1429380595,76.8074214,30.7239077
1429380604,76.8102748,30.7239501
1429380606,76.7951024,30.7239786
1429380611,76.7973422,30.7240393
1429380612,76.8096873,30.7239968
1429380620,76.7942914,30.724083
1429380622,76.8072163,30.7241562
1429380623,76.8014341,30.7242128
1429380624,76.8105638,30.7241678
1429380638,76.8060216,30.7242947
1429380641,76.8074471,30.7243108
1429380642,76.808582,30.7245346
1429380650,76.7955839,30.7242815
1429380654,76.8075499,30.7243796
1429380655,76.7979128,30.7243887
1429380658,76.7947704,30.7243825
1429380667,76.8102865,30.7244416
1429380673,76.796059,30.7245804
1429380681,76.809076,30.7246464
1429380683,76.8031778,30.7246824
1429380685,76.8010396,30.7246867
1429380696,76.7974851,30.7248936
1429380702,76.7989422,30.7250193
1429380704,76.7957184,30.7249788
1429380708,76.8028454,30.7250881
1429380717,76.8095666,30.7251534
1429380724,76.809504,30.7252064
1429380739,76.8004197,30.7254023
1429380741,76.7967283,30.7254162
1429380748,76.8022153,30.7254225
1429380753,76.7996877,30.7254759
1429380767,76.7985075,30.7255351
1429380768,76.7969334,30.7255448
1429380771,76.8024507,30.7255698
1429380781,76.795935,30.7256009
1429380784,76.7958778,30.7256728
1429380786,76.8028022,30.7257258
1429380797,76.8001203,30.7257685
1429380798,76.8010506,30.7257821
1429380815,76.8016315,30.7261318
1429380818,76.7979577,30.7261874
1429380826,76.8038246,30.7262272
1429380827,76.7996996,30.726283
1429380829,76.8041425,30.7264549
1429380833,76.8042476,30.7265412
1429380842,76.8003029,30.7266615
1429380844,76.8052974,30.7267263
1429380857,76.8008915,30.7270308
1429380859,76.8049892,30.7270474
1429380875,76.8129682,30.7272911
1429380879,76.8129076,30.7273643
1429380886,76.8131496,30.7274051
1429380887,76.8132379,30.7274606
1429380889,76.8130844,30.727475
1429380895,76.8131661,30.7275262
1429380904,76.8003502,30.7276884
1429380913,76.8078824,30.7278953
1429381071,76.8021068,30.7280551
1429381079,76.8020892,30.7282428
1429381080,76.8023614,30.7282962
1429381081,76.802546,30.7283022
1429381082,76.802156,30.7283029
1429381098,76.8007824,30.728633
1429381100,76.8033896,30.7287004
1429381113,76.8015391,30.7287776
1429381114,76.8011886,30.7287818
1429381132,76.801686,30.7289163
1429381137,76.801028,30.7289738
1429381146,76.8017149,30.7290647
1429381150,76.8010434,30.7291467
1429381171,76.8015526,30.7292922
1429381177,76.8112972,30.7293195
1429381179,76.801281,30.7293282
1429381205,76.8058983,30.7303031
1429381216,76.8050668,30.7312976
1429381241,76.8090752,30.7331783
1429381255,76.8152678,30.7335247
1429381257,76.8086597,30.7335527
1429381259,76.8087378,30.7336026
1429381260,76.8086007,30.7336203
1429381261,76.8086794,30.7336699
1429381283,76.811961,30.7357008
1429417828,76.7899748,30.7226884
1429417829,76.7896744,30.7230497
1429417837,76.7913678,30.7232435
1429417847,76.7893699,30.7234158
1429417849,76.7912056,30.7234434
1429417858,76.7910723,30.7236076
1429417860,76.7922216,30.7237771
1429417861,76.7890562,30.7237931
1429417862,76.7909172,30.7237987
1429417865,76.7884994,30.7239862
1429417868,76.7927242,30.7240943
1429417870,76.7919176,30.7241418
1429417871,76.7887609,30.7241481
1429417872,76.7906142,30.7241721
1429417874,76.7888952,30.7242313
1429417879,76.7905125,30.7242974
1429417880,76.7882126,30.7243571
1429417881,76.7924231,30.7244613
1429417883,76.7903042,30.7245477
1429417886,76.7885935,30.7245908
1429417887,76.7914706,30.724595
1429417888,76.7915162,30.7246233
1429417889,76.7879258,30.724728
1429417892,76.7889424,30.7248048
1429417896,76.7918989,30.724861
1429417897,76.7899987,30.7249147
1429417899,76.7920289,30.7249418
1429417900,76.7931966,30.7249502
1429417903,76.7911036,30.7250413
1429417905,76.7946123,30.7250916
1429417907,76.7886398,30.7251674
1429417909,76.7941265,30.7252049
1429417914,76.7897022,30.7252708
1429417916,76.7906075,30.7252871
1429417918,76.7915224,30.7252999
1429417920,76.7950619,30.7253471
1429417921,76.787219,30.7253627
1429417922,76.7943875,30.7253644
1429417924,76.7944357,30.7253939
1429417926,76.7908031,30.7254067
1429417931,76.7883608,30.7255017
1429417933,76.7927589,30.7255074
1429417934,76.794633,30.7255144
1429417935,76.7953073,30.7255248
1429417940,76.7942776,30.7255868
1429417943,76.7948277,30.7256334
1429417944,76.7893993,30.7256347
1429417946,76.791955,30.7256438
1429417947,76.7903093,30.7256486
1429417949,76.7912148,30.7256584
1429417950,76.788546,30.7256668
1429417951,76.7930314,30.7256744
1429417953,76.7944737,30.7257058
1429417956,76.7950856,30.725791
1429417962,76.7935092,30.725967
1429417963,76.7882703,30.7260017
1429417964,76.7890828,30.7260149
1429417965,76.7909052,30.7260193
1429417966,76.7916708,30.7260241
1429417968,76.7926895,30.7260951
1429417973,76.7938135,30.7261533
1429417976,76.7960685,30.7261502
1429417977,76.7907678,30.7261795
1429417979,76.7939653,30.7262463
1429417982,76.7962771,30.7262613
1429417986,76.7871122,30.7263228
1429417989,76.7914124,30.7264073
1429417992,76.7887515,30.7264119
1429417994,76.7923871,30.7264673
1429417995,76.7952254,30.7264588
1429417996,76.7944516,30.7265519
1429418001,76.7936167,30.7266649
1429418002,76.7959511,30.7266569
1429418007,76.7949097,30.726662
1429418008,76.7876932,30.7266959
1429418011,76.794713,30.726695
1429418013,76.7949729,30.7267328
1429418020,76.7920942,30.7268278
1429418022,76.7893496,30.7267888
1429418027,76.7949776,30.7268138
1429418031,76.7947072,30.7268469
1429418033,76.7950899,30.7269575
1429418035,76.7947409,30.7268777
1429418041,76.7949001,30.7268912
1429418058,76.7933073,30.7270365
1429418072,76.7976423,30.7271076
1429418074,76.7904908,30.7271534
1429418084,76.7864687,30.7271236
1429418088,76.7890304,30.727193
1429418090,76.7955115,30.7271769
1429418102,76.7930105,30.7273929
1429418103,76.7980894,30.7273847
1429418104,76.7902921,30.7273827
1429418117,76.7857558,30.7274395
1429418118,76.7929272,30.7274928
1429418127,76.7973127,30.7274911
1429418129,76.7882711,30.727368
1429418131,76.7983714,30.7275595
1429418133,76.7950921,30.7276075
1429418134,76.786066,30.7276319
1429418135,76.7886857,30.7276249
1429418140,76.7899787,30.7277542
1429418141,76.7977758,30.727757
1429418145,76.7853992,30.727964
1429418149,76.7980683,30.7279344
1429418150,76.7969532,30.7279086
1429418157,76.7896052,30.7282039
1429418158,76.7882036,30.7281947
1429418161,76.7995623,30.7282978
1429418171,76.801769,30.7285664
1429418176,76.8018636,30.7286218
1429418177,76.8014799,30.7286365
1429418182,76.8007174,30.728699
1429418183,76.7992561,30.7286548
1429418188,76.7905674,30.7287338
1429418189,76.7877802,30.728695
1429418192,76.7970226,30.7287882
1429418202,76.7891992,30.7289548
1429418203,76.7914441,30.728979
1429418212,76.7890098,30.729177
1429418221,76.7920186,30.7292095
1429418223,76.7918248,30.7292436
1429418224,76.7920765,30.7292581
1429418227,76.788771,30.7293042
1429418232,76.7888515,30.7293691
1429418236,76.7900601,30.7293408
1429418237,76.7920905,30.7293629
1429418240,76.8020905,30.7294253
1429418242,76.7894058,30.7294293
1429418244,76.8009046,30.7294461
1429418246,76.7922559,30.7295345
1429418248,76.7918443,30.7294225
1429418250,76.7890261,30.7294848
1429418251,76.7920209,30.7294378
1429418256,76.7899752,30.7294525
1429418257,76.7919733,30.7294529
1429418258,76.8020638,30.7295048
1429418259,76.8009886,30.7295127
1429418261,76.7964767,30.729518
1429418265,76.7896042,30.7295557
1429418277,76.7892405,30.7296227
1429418279,76.7889013,30.7296313
1429418284,76.7897832,30.7296698
1429418288,76.788586,30.7296811
1429418296,76.8004766,30.7297184
1429418298,76.7898745,30.729728
1429418309,76.7891176,30.7297664
1429418316,76.7887636,30.7297931
1429418318,76.7904589,30.7297627
1429418328,76.7970265,30.72984
1429418330,76.7893185,30.7298919
1429418336,76.7897245,30.7299039
1429418353,76.7902757,30.7299763
1429418365,76.7891795,30.7300554
1429418367,76.7895902,30.7300615
1429418379,76.7922552,30.7301024
1429418387,76.79013,30.7301463
1429418411,76.7946799,30.7302385
1429418420,76.7954619,30.730254
1429418437,76.7899875,30.7303125
1429418439,76.79209,30.7303134
1429418448,76.7976971,30.7303315
1429418489,76.7901937,30.7304989
1429418494,76.7944408,30.7305119
1429418496,76.7919243,30.730525
1429418502,76.7952183,30.7305422
1429418559,76.7953862,30.7306436
1429418562,76.7931932,30.7306554
1429418570,76.7972518,30.7307135
1429418578,76.7942167,30.7307688
1429418585,76.7898665,30.730821
1429418589,76.794965,30.730842
1429418592,76.7907908,30.7308813
1429418595,76.7930094,30.7308641
1429418597,76.7912858,30.7308759
1429418610,76.795136,30.7309496
1429418614,76.7959391,30.7309774
1429418615,76.7942824,30.7310783
1429418618,76.7903395,30.7309975
1429418623,76.7901578,30.7310092
1429418625,76.7915304,30.7310279
1429418638,76.792819,30.7310805
1429418652,76.789918,30.7311784
1429418669,76.7907202,30.731256
1429418693,76.7965811,30.7313786
1429418707,76.7935543,30.7315195
1429418714,76.7923933,30.7315642
1429418726,76.7984615,30.7314812
1429418764,76.7961186,30.731947
1429418768,76.7956113,30.7319769
1429418784,76.7931178,30.7320144
1429418813,76.7947166,30.7320724
1429418830,76.7959422,30.7321638
1429418840,76.7946318,30.7321769
1429418861,76.7945529,30.7322674
1429418875,76.7891054,30.7322763
1429418907,76.7955709,30.7326117
1429418932,76.7954121,30.732802
1429418960,76.7950613,30.7332221
1429418977,76.7965609,30.7341466
1429418979,76.7966384,30.7341787
1429418982,76.7954301,30.7342308
1429418986,76.7953504,30.7342825
1429418992,76.7962312,30.7344293
1429418996,76.7959303,30.7344486
1429419004,76.7963913,30.7345291
1429419007,76.7957927,30.7345812
1429419023,76.7964454,30.7347847
1429419032,76.7958101,30.7348577
1429419050,76.7963411,30.7349288
1429419062,76.7960226,30.7349949
1429419066,76.7967866,30.7350604
1429419069,76.7967866,30.735161
1429419070,76.7956537,30.7352573
1429419071,76.7954858,30.73531
1429419077,76.8077142,30.7408023
1429419087,76.8072101,30.7412846
1429419090,76.8069047,30.7412977
1429419098,76.8073673,30.7413972
1429419107,76.8067293,30.7414998
1429419118,76.8073938,30.7416873
1429419171,76.8067795,30.7417293
1429419195,76.8072707,30.7418132
1429419199,76.8069596,30.7418491
1429419216,76.8063803,30.7423883
1429434243,76.8024514,30.7301725
1429434246,76.8021689,30.7305118
1429434248,76.8018775,30.7308619
1429434251,76.8040017,30.7311354
1429434253,76.8015824,30.7312163
1429434255,76.8050266,30.7312723
1429434258,76.8051005,30.7313187
1429434259,76.8049719,30.7313384
1429434260,76.805044,30.7313841
1429434262,76.8008842,30.7314327
1429434263,76.8019737,30.7314596
1429434264,76.8037089,30.731475
1429434266,76.8049342,30.7317006
1429434267,76.8023767,30.7317103
1429434268,76.7990347,30.7318105
1429434270,76.800526,30.7318183
1429434272,76.8034065,30.7318257
1429434274,76.8016327,30.7318819
1429434275,76.7989511,30.7319053
1429434276,76.8044796,30.7319331
1429434280,76.8054628,30.7320215
1429434283,76.8020935,30.7320554
1429434284,76.8002912,30.7320711
1429434286,76.8031118,30.7321675
1429434288,76.8024408,30.7322771
1429434290,76.8012948,30.7323002
1429434292,76.8051701,30.7323645
1429434294,76.7999749,30.7324116
1429434296,76.7998996,30.7324927
1429434297,76.8028122,30.7325143
1429434300,76.8063148,30.7325415
1429434301,76.8016894,30.7325476
1429434302,76.8041831,30.7325526
1429434304,76.8029421,30.7325973
1429434308,76.7997172,30.732689
1429434309,76.8030866,30.7326895
1429434310,76.8048859,30.7326976
1429434313,76.805798,30.7327567
1429434314,76.8020275,30.7327595
1429434315,76.8037433,30.732818
1429434316,76.8013008,30.7328346
1429434318,76.8047274,30.7328833
1429434321,76.799489,30.7329347
1429434323,76.8024037,30.7329953
1429434329,76.805529,30.7330878
1429434336,76.7998045,30.7331294
1429434344,76.8044171,30.7332469
1429434346,76.8074002,30.7332649
1429434347,76.8066214,30.7332711
1429434352,76.805343,30.7333169
1429434354,76.8021177,30.733332
1429434361,76.8019532,30.7335259
1429434366,76.8078581,30.7335456
1429434373,76.8071833,30.7336221
1429434376,76.8050649,30.7336592
1429434377,76.8082561,30.7337896
1429434378,76.8061662,30.733813
1429434383,76.8029008,30.7338243
1429434388,76.8075783,30.7338688
1429434394,76.8087575,30.7339855
1429434398,76.8000293,30.7339975
1429434400,76.7990793,30.7339996
1429434402,76.8083369,30.7340347
1429434409,76.8082495,30.7341383
1429434414,76.8067714,30.7341693
1429434416,76.7983034,30.734211
1429434422,76.809173,30.7342432
1429434430,76.8085108,30.7342974
1429434434,76.8017117,30.7343067
1429434436,76.8025517,30.7343645
1429434448,76.7986943,30.7344615
1429434449,76.8007983,30.7344624
1429434452,76.8096401,30.734499
1429434453,76.8079439,30.7345009
1429434454,76.8064344,30.734531
1429434464,76.8089269,30.7345507
1429434467,76.8075552,30.7346446
1429434468,76.8023667,30.7346825
1429434480,76.8013182,30.7347766
1429434481,76.8093263,30.7347938
1429434483,76.7977387,30.7348104
1429434485,76.8093683,30.7348194
1429434486,76.807657,30.7348412
1429434495,76.8004481,30.7348721
1429434496,76.8034224,30.7348747
1429434499,76.810345,30.734929
1429434502,76.7976112,30.7349458
1429434513,76.8026548,30.7350183
1429434516,76.8079981,30.7350537
1429434525,76.8097782,30.7350689
1429434526,76.8038796,30.7350713
1429434527,76.8027637,30.7350854
1429434531,76.8074003,30.7351458
1429434540,76.8090334,30.7351649
1429434545,76.8100825,30.7352541
1429434549,76.8030862,30.7352843
1429434558,76.8000543,30.7353329
1429434559,76.8077642,30.7353386
1429434586,76.808751,30.7355227
1429434588,76.8015243,30.735572
1429434590,76.8034933,30.7355461
1429434602,76.805341,30.7355731
1429434613,76.8023145,30.7356516
1429434619,76.807495,30.7356667
1429434641,76.8091964,30.7358001
1429434643,76.808521,30.7358141
1429434648,76.8026277,30.7358429
1429434652,76.8040722,30.7358772
1429434653,76.8084707,30.7358778
1429434658,76.8021043,30.7359164
1429434662,76.8070493,30.7359165
1429434666,76.8011534,30.7359494
1429434674,76.8050012,30.736
1429434676,76.8072088,30.7360155
1429434686,76.7994347,30.7360579
1429434690,76.8030446,30.7360976
1429434697,76.8082685,30.7361341
1429434705,76.8015972,30.7362189
1429434707,76.8064809,30.7362438
1429434709,76.8026242,30.7362574
1429434716,76.80921,30.7363218
1429434718,76.8047115,30.7363641
1429434720,76.802815,30.7363799
1429434722,76.7999712,30.736385
1429434723,76.8018804,30.7363899
1429434728,76.8024663,30.7364456
1429434733,76.8079829,30.7364958
1429434735,76.809013,30.7365856
1429434738,76.8061088,30.7366952
1429434743,76.8016058,30.7367175
1429434751,76.8044125,30.7367397
1429434754,76.8060539,30.7367618
1429434755,76.8167619,30.7367622
1429434760,76.8029914,30.7367841
1429434762,76.8021722,30.7367962
1429434767,76.8003876,30.736855
1429434769,76.8086868,30.7369326
1429434770,76.8020256,30.736971
1429434776,76.8074467,30.7369847
1429434778,76.8013342,30.7370416
1429434781,76.8025447,30.7370434
1429434782,76.8058188,30.737047
1429434784,76.8000689,30.7371096
1429434785,76.8041166,30.7371114
1429434795,76.8008457,30.7371485
1429434797,76.8001394,30.7371536
1429434799,76.8027266,30.7371644
1429434800,76.8000051,30.7371821
1429434801,76.8057072,30.7371823
1429434808,76.8024058,30.7372006
1429434811,76.8000761,30.7372267
1429434814,76.8011086,30.7373108
1429434826,76.8060376,30.7373874
1429434829,76.8055238,30.7374048
1429434830,76.8070998,30.7374093
1429434831,76.8038407,30.737458
1429434843,76.8021222,30.7375216
1429434846,76.810394,30.7376064
1429434859,76.8284876,30.7375109
1429434861,76.8043928,30.7377696
1429434862,76.801885,30.73779
1429434863,76.8052037,30.7377931
1429434864,76.8056942,30.7377935
1429434865,76.8067543,30.7378321
1429434878,76.8022389,30.7380083
1429434881,76.8049845,30.7380512
1429434882,76.8049545,30.7380866
1429434891,76.8111745,30.7381014
1429434895,76.8037999,30.7382095
1429434896,76.8088987,30.7382183
1429434897,76.8064298,30.738229
1429434904,76.8053084,30.7382497
1429434905,76.8039621,30.7383054
1429434907,76.8066222,30.7383428
1429434908,76.8091107,30.738357
1429434910,76.80264,30.7385417
1429434913,76.8044993,30.7386228
1429434914,76.8095428,30.7386395
1429434919,76.8032407,30.7388887
1429434921,76.8041774,30.7390021
1429434922,76.8085282,30.7390514
1429434925,76.8038043,30.7394416
1429434927,76.8037344,30.739524
1429434928,76.8079561,30.7397336
1430552614,76.7846421,30.7290292
1430552616,76.7866409,30.7295119
1430552618,76.7841997,30.7295615
1430552620,76.7873075,30.7299382
1430552625,76.78622,30.7300137
1430552627,76.7874806,30.7300489
1430552629,76.7837772,30.73007
1430552631,76.7851058,30.7301075
1430552637,76.7871317,30.7304553
1430552644,76.7857936,30.730522
1430552655,76.7833387,30.7305977
1430552662,76.784666,30.730628
1430552674,76.7865628,30.730618
1430552684,76.7866765,30.7306883
1430552693,76.7885737,30.7307479
1430552695,76.7847827,30.7307546
1430552698,76.7855579,30.730803
1430552699,76.7868422,30.7307907
1430552713,76.78566,30.7308613
1430552714,76.788881,30.7309484
1430552717,76.7870544,30.7309218
1430552719,76.7893289,30.7310625
1430552731,76.7882463,30.7311348
1430552733,76.7854239,30.7311372
1430552735,76.7842292,30.7311452
1430552747,76.7828097,30.7312343
1430552750,76.7843856,30.7312413
1430552752,76.7885973,30.7313487
1430552756,76.7866315,30.7314512
1430552758,76.7879547,30.7314782
1430552763,76.7889369,30.7315558
1430552764,76.7850069,30.7316242
1430552768,76.7883058,30.7316951
1430552769,76.7836942,30.7317784
1430552771,76.7818274,30.7317303
1430552772,76.7839426,30.7317913
1430552773,76.7901447,30.7318401
1430552775,76.7838673,30.7318848
1430552778,76.7822403,30.7319792
1430552780,76.784565,30.7321382
1430552781,76.7878732,30.7322113
1430552783,76.7840879,30.7322693
1430552787,76.7882383,30.7324347
1430552789,76.7831415,30.7325184
1430552791,76.7838297,30.7325691
1430552793,76.7832778,30.7325999
1430552795,76.788533,30.7326151
1430552796,76.7889227,30.7327106
1430552798,76.7914923,30.7326708
1430552801,76.7888977,30.7328129
1430552807,76.7835916,30.7328456
1430552821,76.783434,30.7330286
1430552822,76.7846757,30.7330602
1430552837,76.7823409,30.7331605
1430552852,76.7825225,30.7332715
1430552853,76.7808065,30.7332773
1430552856,76.7843446,30.7333201
1430552858,76.7907409,30.7332668
1430552875,76.7810275,30.7334183
1430552882,76.7909064,30.733367
1430552891,76.782971,30.733546
1430552899,76.7848236,30.7336286
1430552909,76.793314,30.7337926
1430552911,76.7869765,30.7339369
1430552913,76.7901465,30.7339815
1430552918,76.7824156,30.7341921
1430552920,76.7899521,30.7342143
1430552924,76.7866978,30.734272
1430552926,76.7882343,30.7342718
1430552927,76.7842218,30.7343272
1430552931,76.7880133,30.7345368
1430552933,76.7945006,30.7345357
1430552934,76.7927426,30.7345214
1430552935,76.7863998,30.7346305
1430552940,76.7935133,30.7349234
1430552945,76.7874939,30.7351402
1430552949,76.7921924,30.7352572
1430552955,76.7865839,30.7352258
1430552957,76.7858195,30.7353286
1430552958,76.7955576,30.735366
1430552959,76.7879088,30.7354002
1430552960,76.7872625,30.735409
1430552961,76.7864971,30.7355819
1430552963,76.7859909,30.735436
1430552965,76.7863452,30.7355889
1430552975,76.7955088,30.7356524
1430552980,76.7928678,30.7356367
1430552981,76.7862682,30.7356949
1430552982,76.7951297,30.7357162
1430552985,76.7868819,30.7357545
1430552988,76.7969921,30.7357834
1430552990,76.7865095,30.7358274
1430552995,76.795304,30.735883
1430552996,76.7863887,30.7358417
1430553002,76.7873287,30.7360717
1430553005,76.7924841,30.7361752
1430553007,76.7913816,30.7362311
1430553010,76.7862811,30.7362614
1430553013,76.791149,30.7365103
1430553015,76.7848574,30.7365828
1430553016,76.7847892,30.7366553
1430553018,76.7867684,30.7367546
1430553020,76.7944902,30.7367999
1430553021,76.7908992,30.7368103
1430553024,76.7987581,30.7368833
1430553025,76.7997318,30.7368991
1430553028,76.7917846,30.7369719
1430553029,76.7996718,30.7369728
1430553031,76.7856413,30.7370807
1430553038,76.7906457,30.7371148
1430553039,76.7855813,30.7371521
1430553041,76.7915794,30.7372215
1430553042,76.7867141,30.737259
1430553044,76.7946192,30.7373412
1430553047,76.7933557,30.7374647
1430553050,76.7937021,30.7376877
1430553052,76.7900696,30.7378067
1430553055,76.7978749,30.7379589
1430553057,76.8003306,30.738051
1430553063,76.7907633,30.7382144
1430553066,76.7947054,30.738324
1430553068,76.7883823,30.7383027
1430553070,76.7985151,30.7383543
1430553078,76.7895076,30.7384981
1430553080,76.794293,30.7386163
1430553083,76.7990001,30.7386486
1430553085,76.7943878,30.7386769
1430553089,76.7892169,30.7388557
1430553094,76.7995552,30.7389854
1430553098,76.7919516,30.7390618
1430553101,76.798658,30.7390646
1430553107,76.7950575,30.7390963
1430553109,76.7896245,30.7391035
1430553111,76.8020827,30.7391457
1430553117,76.8034805,30.7392395
1430553121,76.8034113,30.7393211
1430553134,76.798388,30.7393928
1430553136,76.7992047,30.7394077
1430553142,76.7957397,30.7395236
1430553144,76.7975328,30.7395274
1430553150,76.7982255,30.7395904
1430553154,76.7919537,30.7396572
1430553159,76.7963982,30.7397107
1430553161,76.7989309,30.7397376
1430553163,76.7916505,30.7397438
1430553169,76.7980249,30.7398344
1430553173,76.7933393,30.7398418
1430553175,76.7962736,30.7398579
1430553178,76.791425,30.7398844
1430553180,76.7987819,30.7399173
1430553190,76.7914303,30.7399975
1430553194,76.7903312,30.7400111
1430553198,76.7977223,30.7400678
1430553200,76.7902647,30.7400833
1430553209,76.7967527,30.7401581
1430553222,76.801168,30.7402319
1430553224,76.796918,30.7402616
1430553230,76.7927356,30.740322
1430553233,76.7974819,30.7403699
1430553241,76.7928423,30.7403939
1430553243,76.7909695,30.7404109
1430553244,76.7982929,30.7404222
1430553246,76.794197,30.7404249
1430553248,76.7910385,30.7404541
1430553261,76.7909057,30.7404846
1430553265,76.790975,30.740528
1430553273,76.7966015,30.7406395
1430553281,76.7947336,30.7407217
1430553291,76.80411,30.7406957
1430553292,76.7980474,30.7407184
1430553306,76.8021446,30.7408273
1430553309,76.7917784,30.7409144
1430553314,76.7953247,30.7409801
1430553315,76.7904694,30.7409888
1430553316,76.7917202,30.740993
1430553319,76.7942739,30.7412161
1430553320,76.792898,30.741149
1430553324,76.7975912,30.7412689
1430553328,76.7959697,30.7413941
1430553331,76.8030604,30.7414071
1430553334,76.7949233,30.7414548
1430553336,76.8032477,30.7415257
1430553337,76.8000748,30.7415302
1430553342,76.8033439,30.7415867
1430553346,76.7938179,30.7417166
1430553359,76.7972034,30.7417368
1430553363,76.7990006,30.7417846
1430553375,76.7976529,30.7420175
1430553377,76.7943988,30.742075
1430553378,76.7995726,30.742129
1430553379,76.8042185,30.7421404
1430553390,76.7966793,30.7423691
1430553392,76.7984646,30.7424007
1430553403,76.7971259,30.7426347
1430553405,76.8051452,30.7427272
1430553407,76.7957208,30.7427225
1430553409,76.7990418,30.7427634
1430553411,76.8077842,30.7427924
1430553413,76.7947982,30.7427933
1430553418,76.7947367,30.7428657
1430553423,76.7961609,30.7429947
1430553424,76.7979544,30.7430473
1430553425,76.79764,30.7430499
1430553426,76.7987831,30.7430726
1430553428,76.8084673,30.7432244
1430553432,76.7985119,30.7433967
1430553436,76.7971693,30.7436225
1430553438,76.7997496,30.7436749
1430553439,76.8092121,30.7436953
1430553455,76.7979279,30.7440948
1430553457,76.8059501,30.7441258
1430553462,76.8006655,30.7442457
1430553466,76.7982791,30.7443134
1430553468,76.8102511,30.7443467
1430553469,76.8008763,30.744377
1430553470,76.8038183,30.7443813
1430553474,76.8064047,30.7444091
1430553476,76.8009554,30.7444263
1430553482,76.8045046,30.7446359
1430553484,76.8044114,30.7447476
1430553485,76.8071043,30.7448451
1430553492,76.8018227,30.7449667
1430553495,76.8051674,30.7450684
1430553502,76.7984983,30.7451626
1430553509,76.8078475,30.7453083
1430553512,76.8001868,30.7453538
1430553530,76.802767,30.7455552
1430553552,76.8059161,30.7457401
1430553574,76.7861418,30.7459903
1430553592,76.7857524,30.7462063
1430553598,76.7853716,30.7462553
1430553603,76.8054543,30.7463147
1430553618,76.786161,30.7465261
1430553621,76.8068025,30.7465435
1430553625,76.7850946,30.7466061
1430553627,76.805197,30.7466351
1430553631,76.7861854,30.7466912
1430553635,76.8037652,30.7467571
1430553641,76.8026625,30.7468541
1430553649,76.7852096,30.7469606
1430553661,76.7858029,30.7471161
1430553663,76.7855948,30.7471365
1430553670,76.8078653,30.7471981
1430553675,76.8022384,30.7472251
1430553679,76.8020122,30.7472452
1430553680,76.8062046,30.7472502
1430553691,76.80239,30.7473267
1430553697,76.8018796,30.7473941
1430553708,76.8024267,30.7475054
1430553713,76.8019047,30.7475705
1430553738,76.8022592,30.7476719
1430553739,76.8020731,30.747687
1430553755,76.8028112,30.7478566
1430553756,76.8056418,30.7479154
1430553763,76.8016523,30.7480415
1430553768,76.8052304,30.7484017
1430553776,76.8123292,30.7489473
1430553778,76.814213,30.7490446
1430553779,76.8062984,30.749066
1430553787,76.8057777,30.7496889
1430553791,76.8035065,30.7523994
1430574893,76.7904549,30.7411539
1430574897,76.7905358,30.7412467
1430574912,76.7891999,30.7428041
1430574917,76.790618,30.7429469
1430574931,76.7883563,30.7437875
1430574934,76.7965896,30.7439068
1430574943,76.7950018,30.7439541
1430574944,76.7965271,30.7439773
1430574945,76.7897079,30.7440149
1430574958,76.7893613,30.7444216
1430574971,76.7958844,30.7446073
1430574998,76.7938599,30.7449465
1430575002,76.7907168,30.7452197
1430575028,76.7971349,30.7453551
1430575058,76.7866988,30.7455442
1430575062,76.7868384,30.7456214
1430575079,76.7933724,30.7457823
1430575096,76.7966735,30.7459374
1430575121,76.7899604,30.7460939
1430575125,76.7944378,30.7461168
1430575151,76.7931749,30.7462668
1430575155,76.7877731,30.7462909
1430575160,76.7876872,30.746392
1430575200,76.7942312,30.7466546
1430575203,76.7962283,30.7466647
1430575236,76.7890806,30.7471107
1430575270,76.7957693,30.7473913
1430575280,76.7921193,30.7474504
1430575292,76.7872129,30.7475811
1430575353,76.796957,30.7481503
1430575358,76.7999712,30.7484816
1430575373,76.8026899,30.7487071
1430575378,76.7979694,30.7489002
1430575380,76.7995867,30.7489424
1430575388,76.8018515,30.7490295
1430575391,76.7924037,30.7491943
1430575396,76.8022446,30.7492721
1430575405,76.7923221,30.7492896
1430575409,76.7957954,30.749524
1430575410,76.8041061,30.7495745
1430575431,76.7989532,30.749701
1430575434,76.7907347,30.7497685
1430575435,76.8044519,30.7497863
1430575438,76.800127,30.7498861
1430575439,76.7936381,30.7499682
1430575443,76.803637,30.7501315
1430575445,76.8006141,30.7502019
1430575446,76.7968588,30.7502143
1430575448,76.7915208,30.7502614
1430575449,76.7997813,30.750299
1430575450,76.7914553,30.7503409
1430575452,76.8009524,30.7504212
1430575454,76.7919119,30.7505066
1430575462,76.801686,30.7509537
1430575472,76.8023131,30.7517036
1430575479,76.7970002,30.7520388
1430575483,76.7993023,30.752405
1430575485,76.8034168,30.7525052
1430575488,76.8000571,30.7528719
1430575490,76.7986963,30.7531336
1430575501,76.8008944,30.7533898
1430575503,76.7965133,30.753397
1430575521,76.7968234,30.7536071
1430575522,76.7970073,30.7536072
1430575543,76.7967644,30.7537054
1430575551,76.7970649,30.7537271
1430575555,76.7968234,30.753813
1430575556,76.7969819,30.7538264
1430575564,76.8002987,30.7540978
1430575566,76.8058588,30.7546828
1430575579,76.8004507,30.7558352
1430575582,76.800634,30.7558576
1430575586,76.8003788,30.7559171
1430575593,76.8006353,30.7560372
1430575594,76.8004336,30.7560511
1430575601,76.8024252,30.7574682
1430575631,76.7956736,30.7617123
1431038882,76.7792024,30.7340367
1431038885,76.7806748,30.7340777
1431038899,76.7811243,30.734465
1431038949,76.7804804,30.7352208
1431038956,76.7803981,30.7353168
1431039076,76.779598,30.7362515
1431039131,76.7799554,30.7364756
1431039150,76.7827083,30.7366088
1431039166,76.782813,30.7366741
1431039179,76.7826273,30.7367057
1431039180,76.7827319,30.7367708
1431039187,76.7769149,30.7369658
1431039207,76.7844768,30.7370189
1431039243,76.7840897,30.7374695
1431039259,76.7840072,30.7375654
1431039271,76.7818345,30.7376541
1431039287,76.7819378,30.7377189
1431039369,76.7786324,30.7380554
1431039495,76.7853635,30.7382631
1431039530,76.7852828,30.7383601
1431039652,76.7754043,30.7387226
1431039681,76.7753229,30.7388173
1431039697,76.7863308,30.7388657
1431039715,76.7862471,30.738961
1431039742,76.7749066,30.7390781
1431039839,76.7775404,30.7393594
1431039859,76.7791665,30.739431
1431039862,76.7890211,30.7394443
1431039905,76.784268,30.7395805
1431039983,76.7789707,30.7396615
1431039997,76.7795872,30.7396954
1431040040,76.7771565,30.7398178
1431040058,76.7783703,30.7398666
1431040061,76.7847422,30.7398684
1431040084,76.7770774,30.7399123
1431040090,76.7793901,30.7399261
1431040130,76.7786509,30.740038
1431040166,76.7884021,30.7401546
1431040213,76.7883321,30.74026
1431040215,76.7903311,30.7402649
1431040221,76.7790738,30.7402965
1431040318,76.7794389,30.7405196
1431040338,76.77954,30.7405814
1431040557,76.779041,30.7409956
1431040604,76.7791407,30.741058
1431040623,76.7789628,30.7410891
1431040643,76.790358,30.7411175
1431040667,76.7790625,30.7411513
1431040681,76.7900632,30.7411909
1431040721,76.7899807,30.741287
1431040786,76.7883446,30.7414496
1431040807,76.7796033,30.7414888
1431040825,76.7798889,30.7415256
1431040842,76.7799727,30.741578
1431040861,76.779811,30.7416184
1431040883,76.7798946,30.7416706
1431040913,76.780078,30.741785
1431040936,76.779601,30.7418686
1431040948,76.7796909,30.7419122
1431040976,76.7893203,30.7420569
1431041027,76.779389,30.7422703
1431041284,76.7875431,30.7424089
1431041296,76.7790829,30.7424858
1431041307,76.779164,30.7425371
1431041312,76.7794843,30.7425598
1431041313,76.7790175,30.7425638
1431041329,76.7790986,30.7426147
1431041344,76.781706,30.7426614
1431041373,76.7816295,30.7427534
1431041375,76.7795204,30.7427625
1431041628,76.7847151,30.7445421
1431041637,76.7846263,30.7446237
1431041667,76.7840134,30.7453728
1431041680,76.7863251,30.7455484
1431041684,76.7862494,30.7456366
1431041718,76.7847296,30.746015
1431063301,76.7752457,30.7400941
1431063415,76.7829189,30.7421936
1431063441,76.7837082,30.7426923
1431063458,76.7822482,30.7430003
1431063461,76.782172,30.7430919
1431063465,76.7869585,30.7435371
1431063489,76.7856257,30.7451113
1431063490,76.7855501,30.7452002
1431072845,76.7806456,30.7526535
1431072850,76.7803535,30.7526802
1431072860,76.7808144,30.7527605
1431072871,76.7801929,30.752872
1431072884,76.7808556,30.7530485
1431072893,76.7802617,30.753124
1431072898,76.7807173,30.7531901
1431072904,76.7804458,30.7532261
1431072913,76.776401,30.7582918
1431072917,76.7759495,30.7586385
1431072923,76.7756574,30.7586652
1431072933,76.7761183,30.7587456
1431072939,76.7755066,30.7588268
1431072952,76.7761723,30.7590011
1431072960,76.7755372,30.759074
1431072972,76.776068,30.7591451
1431072978,76.7757497,30.7592112
1431072983,76.7754201,30.7593616
1431072991,76.7916486,30.7597976
1431072993,76.7918157,30.7598073
1431072999,76.7915771,30.7598795
1431073004,76.7918744,30.7599145
1431073013,76.7916319,30.7600129
1431073014,76.7917899,30.7600265
1431073023,76.7953165,30.7620495
1431073044,76.7874185,30.7650328
1431073045,76.7873706,30.7650898
1431073049,76.7912372,30.7670607
1431073050,76.7911906,30.7671168
1431073051,76.7915936,30.7672874
1431073055,76.7690047,30.768149
1431105222,76.8150252,30.7530061
1431105289,76.8027608,30.7532876
1431105299,76.8037888,30.7533009
1431105380,76.7960537,30.7547321
1431105413,76.8128886,30.755557
1431105431,76.7976806,30.7557293
1431105505,76.7972927,30.7561907
1431105538,76.7965419,30.7566187
1431105563,76.7938716,30.7573378
1431105566,76.7992769,30.7574262
1431105593,76.7940607,30.7583066
1431105612,76.7943425,30.7588646
1431105617,76.7946332,30.7590619
1431105624,76.7951316,30.7593467
1431105632,76.7928651,30.7597323
1431105648,76.7926496,30.7599892
1431105682,76.7962842,30.7603888
1431105714,76.7942121,30.7605688
1431105716,76.7966219,30.7605911
1431105728,76.7960875,30.7606234
1431105905,76.7915189,30.7613082
1431105923,76.7911857,30.7617078
1431105934,76.7931893,30.7617486
1431105938,76.795001,30.7619233
1431105948,76.7949615,30.7619674
1431105955,76.7937181,30.7620785
1431105956,76.7908628,30.762095
1431105965,76.7928702,30.7621349
1431105971,76.7895462,30.7624979
1431105973,76.7925263,30.7625512
1431105974,76.7944757,30.7625512
1431105982,76.7909423,30.7626961
1431105988,76.7902784,30.7627959
1431106002,76.7922167,30.762926
1431106003,76.7907544,30.762933
1431106015,76.7915162,30.7630424
1431106035,76.7913154,30.763296
1431106037,76.7897042,30.7634849
1431106051,76.7916372,30.7636273
1431106052,76.792411,30.7636444
1431106065,76.7917571,30.7637327
1431106080,76.7893205,30.7639452
1431106108,76.7889696,30.7643663
1431106109,76.7911864,30.7644149
1431106110,76.7929176,30.7644233
1431106112,76.7933429,30.7645279
1431106120,76.7932603,30.7646273
1431106129,76.7886067,30.7648018
1431106133,76.7908234,30.7648489
1431106140,76.788265,30.7652118
1431106142,76.7904573,30.7652865
1431106147,76.7900788,30.765739
1431106176,76.7995471,30.7683527
1431135404,76.7798944,30.7429976
1431135406,76.7798302,30.7430744
1431135418,76.7718089,30.7434487
1431135419,76.7731898,30.7434742
1431135422,76.7720038,30.7435756
1431135423,76.7727049,30.7440654
1431135424,76.7725555,30.7442476
1431135434,76.7731418,30.7446194
1431135436,76.7711095,30.7446539
1431135441,76.7736596,30.7449478
1431135450,76.773855,30.7450717
1431135453,76.7717945,30.7451754
1431135456,76.7706044,30.74526
1431135471,76.7730533,30.7454301
1431135484,76.7776949,30.74563
1431135485,76.7732281,30.7456332
1431135496,76.7742414,30.7458406
1431135508,76.7724188,30.7459496
1431135509,76.7744648,30.7459801
1431135514,76.7715538,30.746165
1431135515,76.7786103,30.7461902
1431135525,76.7734906,30.7464035
1431135527,76.7710741,30.7464685
1431135529,76.7739888,30.7465419
1431135530,76.7719292,30.7465545
1431135541,76.7731425,30.7468327
1431135542,76.7716938,30.7468452
1431135543,76.7780577,30.7468505
1431135549,76.7719744,30.7470157
1431135551,76.7727128,30.7470979
1431135552,76.7750653,30.747113
1431135555,76.7752078,30.7472026
1431135559,76.7770274,30.7473193
1431135561,76.7731302,30.7473567
1431135562,76.7755769,30.7474349
1431135565,76.7768634,30.7475188
1431135567,76.7741141,30.7475205
1431135571,76.7723226,30.7475706
1431135572,76.7735249,30.7476013
1431135574,76.7759702,30.7476824
1431135576,76.7799492,30.7477395
1431135578,76.7738679,30.7478139
1431135579,76.7727339,30.7478329
1431135582,76.774665,30.7478792
1431135583,76.779802,30.7479132
1431135585,76.784751,30.7481399
1431135586,76.7764675,30.7480003
1431135588,76.7731153,30.7480894
1431135589,76.7750199,30.7481102
1431135593,76.7753283,30.7482941
1431135594,76.7735598,30.7483403
1431135595,76.7755484,30.7484298
1431135596,76.7747037,30.7484935
1431135598,76.779237,30.7485801
1431135600,76.779001,30.7488587
1431135601,76.7742528,30.7489297
1431135602,76.7818704,30.7489486
1431135603,76.7743754,30.7490066
1431135604,76.7741878,30.7490139
1431135605,76.7750372,30.7490244
1431135606,76.7743049,30.7490873
1431135608,76.7800868,30.749111
1431135609,76.7837175,30.7491166
1431135611,76.7749351,30.7491432
1431135616,76.7785824,30.7493527
1431135619,76.7832995,30.7494788
1431135620,76.7833856,30.7495226
1431135622,76.7809238,30.7496339
1431135623,76.7829625,30.7496359
1431135625,76.7811598,30.7497814
1431135629,76.7780544,30.7499759
1431135630,76.7778218,30.7502504
1431135632,76.7786948,30.7507866
1431135636,76.781526,30.7520627
1431135637,76.7811889,30.7520746
1431135638,76.7812422,30.7521446
1431135641,76.7809223,30.7524025
1431135643,76.7810084,30.7524306
1431135645,76.7799664,30.7525147
1431135646,76.7799183,30.7526029
1431135647,76.7811236,30.7532533
1431135648,76.7811008,30.7533266
1431135649,76.7800535,30.7534515
1431135650,76.7801602,30.7534946
1431156143,76.7909316,30.749892
1431156145,76.783277,30.7498988
1431156150,76.7908668,30.74997
1431156187,76.7842948,30.7503012
1431156525,76.789783,30.7512806
1431156687,76.788761,30.7525022
1431156691,76.7881318,30.7525975
1431156716,76.7884645,30.7527316
1431156722,76.788436,30.7527401
1431156744,76.7883786,30.7527925
1431156749,76.7885754,30.7528136
1431156754,76.7883718,30.7528262
1431156759,76.7885705,30.752842
1431156788,76.7885175,30.7528973
1431156798,76.78848,30.7529058
1431156824,76.787371,30.7529605
1431156832,76.7888004,30.7530369
1431156844,76.7876936,30.7531642
1431156859,76.7881729,30.7531942
1431156902,76.7880249,30.7533734
1431156972,76.7898972,30.753677
1431157009,76.7866631,30.753813
1431157028,76.7857723,30.7540458
1431157034,76.787336,30.7541441
1431157066,76.7862279,30.754337
1431157117,76.7870069,30.7545285
1431157122,76.7865539,30.7545452
1431157128,76.789493,30.754608
1431157157,76.7879045,30.7546895
1431157180,76.7888644,30.754746
1431157193,76.7893744,30.7548814
1431157210,76.7916491,30.7548965
1431157218,76.7862202,30.7549462
1431157271,76.7905848,30.7552307
1431157293,76.7903067,30.755318
1431157294,76.7887373,30.7553494
1431157318,76.7858038,30.7554468
1431157361,76.7908667,30.7557716
1431157384,76.791021,30.7559902
1431157403,76.7872599,30.7563562
1431157411,76.791521,30.7565235
1431157425,76.7871483,30.7564944
1431157428,76.7870412,30.7565588
1431157431,76.7871098,30.756593
1431157433,76.786517,30.756621
1431157452,76.7935403,30.7566956
1431157458,76.7868306,30.7568168
1431157462,76.786893,30.7568558
1431157490,76.7913444,30.7566837
1431157492,76.7871776,30.7570335
1431157493,76.7941208,30.7570403
1431157515,76.792919,30.7574411
1431157532,76.7904093,30.7576586
1431157537,76.7913104,30.7576966
1431157539,76.7895217,30.7577684
1431157542,76.7910442,30.7580351
1431157545,76.7909704,30.7581289
1431157557,76.7914071,30.7583545
1431157559,76.7915769,30.7590515
1431157560,76.7914404,30.7592153
1431218672,76.7692311,30.7466033
1431218680,76.770533,30.747427
1431218682,76.7689047,30.7474433
1431218684,76.7693736,30.7477236
1431218687,76.769981,30.7480866
1431218689,76.7698401,30.748255
1431218703,76.7677536,30.7488403
1431218704,76.7727823,30.7488501
1431218711,76.7668637,30.74901
1431218712,76.7681984,30.7491144
1431218719,76.7673676,30.7493086
1431218721,76.773571,30.7493491
1431218736,76.7688089,30.7494906
1431218745,76.7752325,30.7496682
1431218746,76.7753129,30.7497186
1431218747,76.7714521,30.7497465
1431218754,76.772998,30.7499212
1431218755,76.7684336,30.7499402
1431218774,76.7706567,30.7501008
1431218797,76.7758878,30.7503437
1431218799,76.7737716,30.7503926
1431218805,76.7739731,30.7505153
1431218807,76.7719262,30.7505285
1431218815,76.7662105,30.7505534
1431218816,76.7750326,30.7505823
1431218819,76.7673361,30.7506342
1431218820,76.7756293,30.7506521
1431218833,76.7742769,30.7507737
1431218835,76.7743545,30.7508223
1431218838,76.7754606,30.7508534
1431218850,76.7691819,30.7509743
1431218851,76.7723067,30.7509784
1431218852,76.7762522,30.7510482
1431218860,76.7731342,30.7511723
1431218863,76.7764895,30.751199
1431218869,76.7696474,30.7512599
1431218876,76.7673328,30.7512615
1431218882,76.7664433,30.7513192
1431218884,76.7742467,30.7513889
1431218888,76.7736957,30.7514461
1431218890,76.7737758,30.7514886
1431218893,76.7744471,30.7515146
1431218899,76.7668517,30.7515696
1431218908,76.7680083,30.7515418
1431218912,76.7718054,30.751635
1431218914,76.7670005,30.7516608
1431218918,76.7661061,30.751743
1431218926,76.7716165,30.7518705
1431218927,76.7759611,30.7518295
1431218929,76.768486,30.7518326
1431218933,76.7741257,30.7519146
1431218948,76.7665181,30.7520012
1431218950,76.7676083,30.7520334
1431218961,76.7757122,30.7521265
1431218963,76.76895,30.752115
1431218965,76.7713321,30.7522205
1431218977,76.7756127,30.7522453
1431218981,76.7680476,30.7523027
1431218983,76.7738101,30.7523075
1431218985,76.7693962,30.7523865
1431218993,76.7736947,30.75246
1431218994,76.7672586,30.7524652
1431218995,76.7754083,30.7524891
1431218996,76.7770511,30.7525128
1431218998,76.7752948,30.7526245
1431219000,76.7765511,30.7526597
1431219009,76.7677132,30.7527115
1431219019,76.7791034,30.7528606
1431219028,76.7757993,30.752732
1431219029,76.766914,30.7528904
1431219031,76.7680236,30.752907
1431219032,76.7767279,30.7529112
1431219033,76.7690727,30.7529311
1431219035,76.7793151,30.7529952
1431219045,76.7749561,30.7530287
1431219046,76.7762851,30.7530338
1431219050,76.7765995,30.7530694
1431219065,76.7673443,30.7531622
1431219066,76.7705955,30.7531164
1431219067,76.7684421,30.7531707
1431219069,76.7781242,30.7531856
1431219074,76.7728751,30.7533437
1431219076,76.7753602,30.7532537
1431219087,76.7687224,30.7533473
1431219097,76.7676411,30.7533495
1431219117,76.7785969,30.7534818
1431219135,76.7778083,30.7535722
1431219137,76.7710567,30.7535882
1431219147,76.7701864,30.7536139
1431219148,76.7680761,30.7536242
1431219149,76.7711357,30.7536363
1431219153,76.7798929,30.7536585
1431219170,76.779996,30.7537038
1431219180,76.7704164,30.7537549
1431219193,76.7724935,30.7538149
1431219259,76.7707494,30.753959
1431219271,76.7716797,30.7539671
1431219303,76.7708274,30.7540069
1431219388,76.7710968,30.7542387
1431219394,76.7721426,30.7542486
1431219431,76.7713164,30.7543717
1431219525,76.7736881,30.7545394
1431219567,76.7696534,30.754648
1431219588,76.7718063,30.7546684
1431219593,76.7769011,30.7546824
1431219623,76.7709843,30.7547745
1431219634,76.7768136,30.7547895
1431219636,76.774101,30.7547899
1431219702,76.7773734,30.7549832
1431219708,76.7703808,30.7550004
1431219724,76.7745397,30.755056
1431219758,76.7706575,30.7551709
1431219760,76.7697422,30.7551745
1431219776,76.7698171,30.7552212
1431219807,76.7729549,30.755364
1431219834,76.7741802,30.7554875
1431219847,76.7782292,30.7555282
1431219869,76.7733676,30.755614
1431219905,76.7746285,30.7557601
1431219908,76.7726176,30.7557823
1431220032,76.7758801,30.755869
1431220033,76.7738378,30.7558987
1431220071,76.7730213,30.7560388
1431220075,76.7783365,30.7560887
1431220081,76.7763208,30.7561363
1431220098,76.7856878,30.7561795
1431220099,76.7722966,30.7561805
1431220101,76.7742773,30.7562003
1431220118,76.7765666,30.7562854
1431220126,76.7755281,30.7563071
1431220138,76.7734926,30.7563179
1431220145,76.7859935,30.7563697
1431220155,76.7860631,30.7564129
1431220158,76.7726968,30.756427
1431220180,76.7747203,30.7564707
1431220206,76.7792348,30.7565519
1431220221,76.7863442,30.7565878
1431220224,76.7858001,30.7566073
1431220229,76.7739653,30.7565978
1431220234,76.785873,30.756651
1431220254,76.7751742,30.7567478
1431220258,76.7857249,30.7567631
1431220286,76.7743419,30.7569119
1431220306,76.7736353,30.757005
1431220341,76.7748187,30.7571902
1431220345,76.7852672,30.7572229
1431220358,76.7740454,30.7572576
1431220372,76.7752646,30.7574504
1431220423,76.7749646,30.7578237
1431220442,76.7862656,30.7578587
1431220470,76.7751819,30.7579576
1431220527,76.7764068,30.7581533
1431220529,76.7823177,30.7581584
1431220538,76.7875999,30.7581648
1431220544,76.7764857,30.7581764
1431220579,76.785535,30.7583467
1431220584,76.7821419,30.7583764
1431220597,76.7853798,30.7585302
1431220599,76.7829591,30.7585479
1431220601,76.7837431,30.7586004
1431220613,76.7827992,30.7587408
1431220624,76.7831037,30.7588771
1431220633,76.7834442,30.7589513
1431220635,76.7834037,30.758977
1431220637,76.7835747,30.7589991
1431220643,76.7835834,30.7590249
1431220645,76.7833778,30.7590446
1431220646,76.7849314,30.7590608
1431220650,76.7835576,30.7590957
1431220651,76.7834116,30.7591023
1431220653,76.7835285,30.7591151
1431220662,76.7838369,30.7591803
1431220669,76.7822908,30.7593435
1431220673,76.7895413,30.759398
1431220674,76.7846373,30.7594088
1431220679,76.7833677,30.7594935
1431220680,76.7884415,30.759495
1431220684,76.782644,30.7595635
1431220685,76.7844557,30.7596237
1431220689,76.7852399,30.7597838
1431220691,76.7891909,30.7598171
1431220714,76.7850545,30.7600056
1431220736,76.7898572,30.7602178
1431220748,76.7847972,30.7603134
1431220749,76.7814525,30.7603371
1431220755,76.7903438,30.7605104
1431220760,76.7863861,30.7605156
1431220764,76.787621,30.7605015
1431220766,76.7818139,30.7605501
1431220771,76.7885386,30.7605971
1431220777,76.781597,30.7608105
1431220778,76.7843746,30.760819
1431220779,76.7882774,30.7609096
1431220782,76.7892123,30.7610086
1431220783,76.785967,30.7610372
1431220800,76.7896864,30.7612983
1431220803,76.7839196,30.761363
1431220810,76.7828349,30.7615414
1431220812,76.785528,30.761558
1431220817,76.7824729,30.7616273
1431220824,76.7876237,30.7616914
1431220826,76.7826623,30.7617457
1431220829,76.7892125,30.7618663
1431220832,76.7814907,30.7618847
1431220840,76.78345,30.7619247
1431220842,76.7814425,30.7619441
1431220847,76.7850928,30.7620744
1431220855,76.7897803,30.7622189
1431220866,76.7869766,30.7624653
1431220872,76.7869358,30.7625141
1431220876,76.7846099,30.7626474
1431220878,76.7865449,30.7629816
1431220881,76.7864999,30.7630354
1431220885,76.7880914,30.7632305
1431220892,76.7860658,30.7635546
1431220894,76.7876372,30.7637535
1431998342,76.7767264,30.7596626
1431998353,76.777848,30.7602601
1431998375,76.7802724,30.7612377
1431998376,76.7802263,30.7612987
1431998379,76.7738065,30.761546
1431998382,76.7799149,30.7617014
1431998385,76.7743933,30.7618719
1431998387,76.7804351,30.762353
1431998396,76.7795298,30.7637407
1431998397,76.7721062,30.7637772
1431998398,76.7781866,30.763983
1431998403,76.7790529,30.7644782
1431998408,76.7737129,30.7648331
1431998412,76.774315,30.7651745
1431998413,76.7734158,30.7652508
1431998419,76.7732426,30.7654861
1431998422,76.7740316,30.7655729
1431998425,76.7730769,30.7657112
1431998427,76.7738498,30.7658161
1431998428,76.7718271,30.7658413
1431998429,76.7738238,30.7658509
1431998433,76.7729091,30.7659392
1431998438,76.7736779,30.7660419
1431998442,76.771584,30.7661694
1431998443,76.7745504,30.7661967
1431998444,76.7726427,30.7663012
1431998447,76.7718652,30.7663279
1431998453,76.7724008,30.7666299
1431998459,76.7711452,30.7667621
1431998460,76.7722988,30.7667685
1431998461,76.777397,30.7668616
1431998463,76.7735659,30.7668273
1431998465,76.7714278,30.7669157
1431998466,76.7709793,30.7669861
1431998468,76.7727611,30.7670266
1431998470,76.7712143,30.7671187
1431998473,76.7719725,30.7672118
1431998475,76.770808,30.7672164
1431998477,76.773229,30.7672878
1431998485,76.7710404,30.767345
1431998494,76.7717857,30.7674411
1431998496,76.7724391,30.7674655
1431998498,76.7730758,30.7674973
1431998500,76.77214,30.767641
1431998502,76.7729112,30.7677222
1431998513,76.7736123,30.7677944
1431998518,76.7727279,30.7679728
1431998521,76.7717693,30.7681355
1431998525,76.7741851,30.7680991
1431998527,76.7702786,30.7683369
1431998529,76.7723528,30.7684589
1431998530,76.7714612,30.7685463
1431998535,76.7708645,30.7686602
1431998539,76.7712262,30.7688598
1431998540,76.7720402,30.7688641
1431998541,76.7758768,30.7689128
1431998614,76.7697583,30.7717936
1431998615,76.7701096,30.77165
1432141726,76.8237449,30.6898366
1432143358,76.8175191,30.6986726
1432144141,76.8375725,30.7074028
1432144143,76.837936,30.707498
1432144150,76.8202857,30.7075477
1432144151,76.8201894,30.707567
1432144162,76.8376522,30.7076722
1432144170,76.8365081,30.707876
1432144171,76.8361714,30.7078773
1432144185,76.8373374,30.7081383
1432144189,76.8375274,30.7082038
1432144194,76.8372971,30.7082646
1432144200,76.8374831,30.7083392
1432144211,76.8383049,30.7085979
1432144213,76.8206085,30.7086036
1432144215,76.8205097,30.7086267
1432144222,76.8383248,30.7087429
1432144228,76.8370343,30.7090088
1432144232,76.8371067,30.7090327
1432144237,76.8290711,30.7092489
1432144238,76.8291282,30.7092979
1432144239,76.8289724,30.7093084
1432144244,76.8290289,30.7093565
1432144246,76.8369,30.7093768
1432144258,76.8367788,30.709657
1432144270,76.830375,30.7103686
1432144271,76.8302625,30.7104067
1432144274,76.830466,30.7104467
1432144277,76.8303545,30.710485
1432144280,76.8362132,30.7109956
1432144305,76.8434366,30.7114898
1432144319,76.84396,30.7116738
1432144322,76.844072,30.7117273
1432144325,76.8439161,30.7117535
1432144326,76.8360502,30.7117882
1432144327,76.844027,30.7118029
1432144333,76.8215472,30.7116777
1432144334,76.8215009,30.711832
1432144347,76.844433,30.7120258
1432144356,76.8437558,30.712093
1432144361,76.843869,30.7121171
1432144370,76.8223735,30.7121746
1432144375,76.8224578,30.7123004
1432144376,76.8217589,30.7123438
1432144377,76.821649,30.7123681
1432144384,76.8217929,30.712454
1432144386,76.8211049,30.7124609
1432144389,76.8216798,30.7124812
1432144392,76.8465676,30.7125399
1432144395,76.8210402,30.7126323
1432144403,76.8340225,30.7126979
1432144409,76.8440081,30.7130125
1432144410,76.8220294,30.7130419
1432144412,76.8438664,30.7130483
1432144415,76.8218998,30.7130386
1432144423,76.8440425,30.713113
1432144425,76.8348513,30.7131294
1432144427,76.8438987,30.7131514
1432144430,76.8346994,30.7131666
1432144437,76.8434506,30.7131587
1432144448,76.8440501,30.713331
1432144454,76.843252,30.7132991
1432144474,76.8414339,30.7152224
1432144505,76.8342424,30.7160226
1432144562,76.8302384,30.7197501
1432144568,76.8327174,30.7199424
1432144583,76.8422378,30.7206394
1432144584,76.8427266,30.7207268
1432144586,76.8424216,30.7208848
1432144594,76.8196979,30.7213976
1432144633,76.8447197,30.7231191
1432144686,76.8304606,30.7304474
1432227953,76.8297752,30.6852857
1432256385,76.8082369,30.6702913
1432256386,76.8109848,30.6705845
1432256397,76.8076944,30.671516
1432256398,76.80718,30.6717886
1432256401,76.8075206,30.6718923
1432256403,76.8083923,30.6721978
1432256420,76.806486,30.6733095
1432256430,76.8066686,30.6736338
1432256436,76.8062292,30.6738269
1432256439,76.807565,30.6739004
1432256444,76.808642,30.6742199
1432256466,76.8018641,30.675432
1432256469,76.7976105,30.6754664
1432256471,76.8018148,30.6755141
1432256475,76.8050365,30.6763773
1432256476,76.8050004,30.6764572
1432256479,76.807195,30.6768545
1432256484,76.808518,30.6773966
1432256485,76.8086592,30.6774377
1432256487,76.8084702,30.6774924
1432256488,76.8086099,30.6775342
1432256548,76.8027097,30.6913274
1432256549,76.8028585,30.6913785
1433031171,76.8333281,30.701263
1433031172,76.833066,30.7012483
1433031212,76.8275772,30.7024134
1433031297,76.8349457,30.7075728
1435289762,76.8298691,30.7021059
1435289766,76.8293633,30.7022165
1435289781,76.8286897,30.7023637
1435289793,76.8283182,30.702445
1435289799,76.8274499,30.7026326
1435289802,76.8329118,30.7025988
1435289882,76.8297421,30.7034769
1435289902,76.8230016,30.7035706
1435289923,76.8293388,30.7035767
1435289980,76.8294429,30.7039174
1435289982,76.8291794,30.7039783
1435289987,76.8288136,30.7040628
1435290018,76.8281995,30.7042047
1435290237,76.8379397,30.7064535
1435290249,76.8388124,30.7065176
1435290275,76.8394208,30.7068462
1435290303,76.837966,30.7071629
1435290304,76.8400757,30.7071452
1435290322,76.8382311,30.7073061
1435290343,76.840692,30.7074819
1435290358,76.8415066,30.7076272
1435290360,76.8388488,30.70764
1435290385,76.8413381,30.707835
1435290389,76.8394638,30.7079723
1435290404,76.8426124,30.7080894
1435290409,76.8418617,30.7081294
1435290417,76.8434006,30.7080535
1435290419,76.8392764,30.7082318
1435290430,76.842372,30.7084164
1435290448,76.8398945,30.7085684
1435290449,76.8428892,30.7087072
1435290450,76.8437026,30.7084738
1435290465,76.8420509,30.7088649
1435290471,76.8405616,30.7089316
1435290475,76.8412829,30.7089702
1435290477,76.8433805,30.7089835
1435290489,76.8425821,30.7091427
1435290498,76.8403338,30.709234
1435290500,76.8438931,30.7092439
1435290508,76.8417793,30.7092362
1435290509,76.8411069,30.7092281
1435290513,76.8430935,30.7094101
1435290521,76.8423071,30.7095219
1435290522,76.8400535,30.7095628
1435290524,76.8401267,30.7096025
1435290525,76.8400024,30.7096334
1435290526,76.8400748,30.7096728
1435290531,76.8421227,30.7097806
1435290532,76.8428173,30.7098109
1435290533,76.8442343,30.709823
1435290543,76.843314,30.7100774
1435290544,76.8426467,30.7100655
1435290550,76.8438348,30.7103567
1435290554,76.8451277,30.7105092
1435290556,76.8436584,30.7106157
1435290558,76.8441477,30.7108818
1435290560,76.8454999,30.710959
1435290565,76.8446509,30.7111554
1435290570,76.8451691,30.7114372
1435290572,76.8455229,30.7116297
1435290578,76.8453002,30.7119457
1435305314,76.8306078,30.7105684
1435305315,76.8305099,30.7106173
1435305323,76.8424218,30.710944
1435305336,76.8287841,30.7114676
1435305343,76.8289627,30.7116028
1435305346,76.8418034,30.7117767
1435305349,76.8324414,30.7118798
1435305350,76.8293067,30.7118631
1435305351,76.8323506,30.7119537
1435305364,76.8283363,30.7122256
1435305366,76.8289584,30.7122215
1435305368,76.8333884,30.7122896
1435305370,76.8299743,30.7123682
1435305371,76.8333331,30.7124171
1435305379,76.8286949,30.7124908
1435305385,76.8280322,30.7125403
1435305387,76.8303264,30.7126346
1435305391,76.8296527,30.7126998
1435305403,76.8283869,30.7128029
1435305411,76.8264054,30.7129437
1435305413,76.8293746,30.7129842
1435305415,76.8300088,30.7129674
1435305416,76.8404566,30.7131154
1435305421,76.831002,30.7131459
1435305423,76.8280889,30.713113
1435305426,76.8467957,30.7132045
1435305428,76.8303403,30.7132051
1435305437,76.8290562,30.7132985
1435305451,76.8306963,30.7134602
1435305452,76.8271259,30.7134614
1435305454,76.8306786,30.7134751
1435305455,76.8433238,30.7135554
1435305456,76.8469268,30.7135865
1435305457,76.8294325,30.7135771
1435305458,76.8450251,30.7136464
1435305459,76.8287514,30.7136052
1435305465,76.8462819,30.7137453
1435305466,76.8424355,30.7137537
1435305467,76.8275012,30.7137351
1435305468,76.8267968,30.7137914
1435305469,76.8297498,30.7138121
1435305470,76.8442098,30.71385
1435305471,76.8434429,30.7139204
1435305472,76.8291254,30.713883
1435305474,76.8451523,30.7140236
1435305476,76.8463941,30.7140753
1435305477,76.8301048,30.7140749
1435305478,76.8425542,30.7141139
1435305479,76.8294517,30.7141254
1435305482,76.8281596,30.7142152
1435305484,76.8299154,30.7142697
1435305486,76.8274863,30.7142892
1435305487,76.8452664,30.714362
1435305489,76.8262489,30.7143713
1435305490,76.8298105,30.7143775
1435305493,76.8436245,30.7144764
1435305496,76.8285411,30.7144934
1435305498,76.8278424,30.7145463
1435305500,76.8444772,30.7146553
1435305502,76.8427382,30.7146723
1435305504,76.8288631,30.7147282
1435305505,76.8466301,30.7147699
1435305506,76.8454056,30.7147746
1435305507,76.8324703,30.7147698
1435305508,76.8437475,30.714853
1435305509,76.840568,30.7148448
1435305510,76.8275963,30.7148056
1435305511,76.8269206,30.7148698
1435305512,76.8437914,30.7149875
1435305513,76.8445879,30.7149922
1435305514,76.8292214,30.7149895
1435305515,76.8428613,30.7150455
1435305516,76.8454991,30.715052
1435305517,76.8285403,30.7150403
1435305518,76.8266809,30.7151243
1435305519,76.8290537,30.7151586
1435305520,76.8428959,30.7151505
1435305522,76.8467659,30.7151696
1435305523,76.8272801,30.7151338
1435305524,76.8429058,30.7151805
1435305528,76.8289588,30.7152547
1435305530,76.8439016,30.7153247
1435305531,76.8282859,30.7153017
1435305533,76.8326762,30.7154123
1435305534,76.8419393,30.7154686
1435305535,76.8456396,30.7154686
1435305537,76.8418599,30.7155125
1435305538,76.8430196,30.7155258
1435305540,76.8439739,30.7155462
1435305543,76.8316784,30.7155888
1435305547,76.8324629,30.7156359
1435305548,76.8271295,30.7156446
1435305549,76.8279503,30.7156332
1435305552,76.8315944,30.7156687
1435305555,76.8430904,30.7157405
1435305556,76.8326228,30.7157507
1435305557,76.8469751,30.7157852
1435305559,76.833178,30.7158095
1435305560,76.844063,30.7158225
1435305562,76.8328116,30.715881
1435305564,76.846479,30.7159064
1435305566,76.828316,30.7159056
1435305567,76.8282569,30.7159666
1435305568,76.8276092,30.7159819
1435305569,76.8329805,30.716007
1435305570,76.8431786,30.7160083
1435305571,76.843193,30.716052
1435305572,76.8458399,30.7160626
1435305573,76.8281514,30.7160916
1435305574,76.8311967,30.7160831
1435305578,76.8331469,30.7161266
1435305579,76.8432271,30.7161552
1435305581,76.831952,30.7161711
1435305585,76.8333357,30.7162568
1435305586,76.8450068,30.7162662
1435305589,76.8321161,30.7162888
1435305596,76.8335507,30.7164078
1435305597,76.8466338,30.7163867
1435305598,76.831628,30.7164003
1435305600,76.8323049,30.7164191
1435305602,76.8316899,30.7164458
1435305603,76.8308549,30.7164247
1435305605,76.8324738,30.7165451
1435305606,76.8443073,30.7165792
1435305607,76.8307695,30.7165175
1435305610,76.8442613,30.7166417
1435305612,76.8326452,30.7166796
1435305613,76.8313268,30.7167061
1435305616,76.8321364,30.7167741
1435305620,76.832834,30.7168099
1435305622,76.8314815,30.7168173
1435305624,76.8322074,30.7168264
1435305628,76.8449361,30.7168655
1435305631,76.8275575,30.7168964
1435305632,76.8330029,30.716917
1435305634,76.8316703,30.7169476
1435305639,76.8297493,30.7169681
1435305642,76.8318364,30.7170769
1435305643,76.8296191,30.7170668
1435305644,76.8326497,30.717145
1435305649,76.8327309,30.7172035
1435305650,76.8308386,30.71719
1435305653,76.8328654,30.7173103
1435305658,76.8309867,30.7172999
1435305660,76.8460285,30.717372
1435305666,76.8311755,30.7174302
1435305669,76.8313342,30.717575
1435305673,76.8315075,30.7176994
1435305674,76.8289994,30.7177537
1435305678,76.8316963,30.7178296
1435305680,76.8289107,30.7178695
1435305683,76.8318641,30.71794
1435305690,76.827092,30.7187758
1435305707,76.8402854,30.7201669
1435305710,76.8429814,30.7202465
1435305711,76.8432507,30.7204055
1435305712,76.8417452,30.7205202
1435305713,76.8430178,30.7205483
1435305716,76.8438071,30.720713
1435305717,76.8435827,30.7208503
1435305718,76.8406385,30.7209036
1435305719,76.843364,30.720984
1435305720,76.8437281,30.7210254
1435305721,76.8441208,30.7210874
1435305722,76.842265,30.72111
1435305723,76.8430829,30.7211559
1435305724,76.843519,30.7211608
1435305725,76.8438932,30.7212242
1435305727,76.8408283,30.7212994
1435305728,76.8418511,30.721307
1435305730,76.8432381,30.7213427
1435305731,76.843675,30.7213553
1435305732,76.8446864,30.7213792
1435305733,76.8414415,30.7215019
1435305734,76.8444617,30.7215171
1435305735,76.843839,30.72156
1435305737,76.8442519,30.7216459
1435305738,76.8410231,30.7217057
1435305739,76.8435675,30.7217394
1435305740,76.8454067,30.7218212
1435305741,76.8444126,30.721842
1435305742,76.8447581,30.7218896
1435305743,76.8411347,30.7219024
1435305744,76.8437477,30.7219552
1435305746,76.8451711,30.7219679
1435305747,76.8442074,30.7219681
1435305748,76.8445548,30.7220156
1435305749,76.8455855,30.7220411
1435305750,76.8438617,30.7220918
1435305751,76.8449645,30.7220966
1435305752,76.8449365,30.722114
1435305753,76.8428957,30.7221151
1435305754,76.8443484,30.7221436
1435305755,76.8439107,30.7221505
1435305756,76.8453266,30.7221808
1435305757,76.8447453,30.722233
1435305759,76.844023,30.7222849
1435305760,76.8424865,30.7223127
1435305761,76.8412933,30.7223237
1435305764,76.8445288,30.7223678
1435305765,76.8454744,30.7223831
1435305767,76.8449085,30.7224391
1435305769,76.8441783,30.7224708
1435305770,76.8452803,30.7225012
1435305771,76.8420829,30.7225077
1435305772,76.8442416,30.7225467
1435305773,76.8435993,30.7225499
1435305774,76.8446938,30.7225792
1435305775,76.8405296,30.7225918
1435305776,76.8439786,30.722593
1435305777,76.8414125,30.72261
1435305778,76.8450626,30.7226337
1435305780,76.8454254,30.7226871
1435305781,76.8411127,30.7227107
1435305782,76.8416573,30.7227133
1435305783,76.8437235,30.722749
1435305784,76.8444144,30.7227535
1435305785,76.844846,30.7227654
1435305786,76.8414908,30.7227983
1435305787,76.8407757,30.7228239
1435305788,76.8406421,30.7228687
1435305789,76.8442065,30.7228793
1435305790,76.8445651,30.722934
1435305791,76.8449966,30.7229496
1435305792,76.8439149,30.7230557
1435305793,76.8416634,30.7231741
1435305794,76.8440412,30.7232581
1435305795,76.8413642,30.7232795
1435305796,76.8410329,30.7233962
1435305797,76.8409487,30.7234259
1435305798,76.841795,30.7234453
1435305801,76.8411389,30.7236761
1435305802,76.841945,30.7237544
1435305803,76.8416444,30.7238535
1435305805,76.8412514,30.723983
1435305806,76.8421079,30.7240903
1435305808,76.8418092,30.7241926
1435305809,76.8413588,30.7243468
1435305810,76.842244,30.7243707
1435305811,76.8427501,30.7244087
1435305813,76.8423788,30.7246486
1435305814,76.8414408,30.72465
1435417511,76.8237176,30.6892575
1435417518,76.8228352,30.6898445
1435417519,76.8202141,30.6898605
1435417523,76.8228347,30.6901203
1435417525,76.8221682,30.6901247
1435417527,76.8215149,30.6901289
1435417529,76.8208648,30.6901332
1435417531,76.8202136,30.6901358
1435417533,76.8195275,30.6901419
1435417585,76.8228398,30.6906954
1435417588,76.8221733,30.6907274
1435417591,76.82152,30.6907317
1435417594,76.8208699,30.6907359
1435417598,76.8202187,30.6907386
1435417601,76.8195326,30.6907446
1435417605,76.8187572,30.6907497
1435417666,76.8237631,30.6913026
1435417667,76.822845,30.6913086
1435417670,76.8221785,30.6913129
1435417673,76.8215251,30.6913172
1435417675,76.8208751,30.6913214
1435417677,76.8202239,30.6913241
1435417680,76.8195377,30.6913302
1435417682,76.8188988,30.6913343
1435417716,76.8228503,30.6919083
1435417719,76.8221838,30.6919126
1435417722,76.8215304,30.6919169
1435417724,76.8208744,30.6919212
1435417726,76.8202292,30.6919238
1435417729,76.819543,30.6919298
1435417731,76.8190973,30.6919327
1435417780,76.8228554,30.6924918
1435417782,76.8221889,30.6924962
1435417784,76.8215356,30.6925004
1435417786,76.8208795,30.6925047
1435417788,76.8202343,30.6925073
1435417792,76.8195482,30.6925134
1435417793,76.8193408,30.6925147
1435417795,76.8238486,30.6926363
1435417838,76.8215407,30.6930812
1435417841,76.8208846,30.6930854
1435417843,76.8202394,30.6930881
1435417845,76.8195608,30.6930941
1435417846,76.8215409,30.6931049
1435417847,76.8208861,30.6932523
1435417872,76.8281622,30.6954973
1435417874,76.8275236,30.6956576
1435417877,76.8283569,30.6960529
1435417878,76.8277209,30.6962182
1435417880,76.8266355,30.6965002
1435417881,76.8285449,30.6965894
1435417883,76.8279091,30.6967527
1435417887,76.8268112,30.6970345
1435417889,76.8305661,30.6971492
1435417891,76.8281058,30.6973115
1435417893,76.8290303,30.6975498
1435417894,76.8306296,30.6975829
1435417896,76.8288956,30.69759
1435417897,76.8269748,30.697611
1435417899,76.8282626,30.697757
1435417900,76.8172555,30.6978528
1435417904,76.8155672,30.697892
1435417905,76.8309837,30.6978771
1435417907,76.8291718,30.6979498
1435417910,76.83156,30.6981783
1435417912,76.8293005,30.6983217
1435417916,76.8272237,30.6984426
1435417918,76.830126,30.6985608
1435417923,76.8294483,30.6987312
1435417925,76.8273545,30.6988343
1435417927,76.8288352,30.6988977
1435417929,76.8302617,30.698973
1435417934,76.8282663,30.6990479
1435417936,76.8274852,30.6992421
1435417938,76.8289776,30.6993081
1435417939,76.8303913,30.6993664
1435417940,76.8284139,30.699457
1435417948,76.8276236,30.6996461
1435417949,76.8291089,30.6996865
1435417951,76.8305128,30.699733
1435417952,76.8285502,30.6998349
1435417953,76.8298342,30.6999063
1435417954,76.8277685,30.700046
1435417955,76.8292401,30.7000612
1435417957,76.832457,30.7001174
1435417966,76.8286855,30.7002059
1435417967,76.8299845,30.7003312
1435417968,76.832969,30.7004196
1435417969,76.827896,30.700409
1435417972,76.8301235,30.7007208
1435417973,76.8280457,30.7008377
1435417975,76.8327759,30.7008908
1435417985,76.8302656,30.701119
1435417986,76.8281705,30.7012063
1435417987,76.8304109,30.7015262
1436037849,76.8074677,30.6800929
1436037856,76.816815,30.6819226
1436037859,76.8151985,30.6823741
1436037861,76.8170503,30.6824675
1436037865,76.8161416,30.6827259
1436037866,76.8176508,30.6828049
1436037867,76.8166833,30.6830125
1442626382,76.7357207,30.7478156
1442626390,76.7368704,30.7480711
1442626394,76.7354447,30.7481412
1442626400,76.7366263,30.7483714
1442626420,76.7351832,30.7485216
1442626425,76.7376292,30.7486601
1442626430,76.7370247,30.7486159
1442626446,76.7363352,30.7487266
1442626458,76.7381029,30.7488368
1442626464,76.7374482,30.7488758
1442626482,76.735049,30.7489561
1442626486,76.7367129,30.7489948
1442626490,76.7360549,30.7490651
1442626504,76.7378083,30.7491955
1442626507,76.7371518,30.7492531
1442626509,76.7364564,30.7493154
1442626512,76.7347651,30.7493084
1442626532,76.7357819,30.7493974
1442626534,76.738963,30.7495199
1442626535,76.7375625,30.7494948
1442626539,76.7374521,30.7496292
1442626542,76.7361997,30.7496542
1442626556,76.73448,30.7496805
1442626561,76.7394184,30.7498169
1442626563,76.7387428,30.7497872
1442626565,76.7354774,30.7497681
1442626568,76.7372854,30.7498322
1442626591,76.7347857,30.7498705
1442626596,76.7358881,30.7500248
1442626599,76.7392004,30.7500767
1442626613,76.7351891,30.7501212
1442626618,76.7370199,30.7501554
1442626628,76.7384095,30.750209
1442626632,76.7380336,30.7502988
1442626633,76.7404184,30.7505772
1442626645,76.7396442,30.7503471
1442626656,76.7355985,30.7503756
1442626665,76.7382306,30.7504216
1442626676,76.7384018,30.7505283
1442626681,76.7367074,30.7505359
1442626685,76.734189,30.7506347
1442626696,76.7401008,30.7506253
1442626700,76.7359885,30.750618
1442626715,76.7386784,30.7507008
1442626718,76.7402964,30.7507445
1442626720,76.7345781,30.7508738
1442626723,76.7381311,30.7508598
1442626746,76.7364198,30.7508861
1442626752,76.7341304,30.7508929
1442626768,76.7391271,30.7509805
1442626774,76.7374164,30.7510433
1442626777,76.734998,30.7511318
1442626790,76.7344953,30.751116
1442626801,76.7368067,30.7511265
1442626802,76.7386578,30.7511892
1442626813,76.737793,30.751276
1442626838,76.7353718,30.7513614
1442626840,76.7396787,30.7513244
1442626841,76.73487,30.7513407
1442626842,76.737159,30.7513454
1442626844,76.7336951,30.7514174
1442626846,76.739025,30.7514189
1442626872,76.7352253,30.7515549
1442626874,76.7375169,30.7515679
1442626876,76.7383093,30.751595
1442626878,76.7392932,30.7515866
1442626894,76.734069,30.7516475
1442626898,76.7341872,30.7517235
1442626904,76.7361978,30.751869
1442626907,76.7378835,30.7517957
1442626908,76.7344257,30.7518669
1442626913,76.7380429,30.7518947
1442626927,76.7332806,30.7520695
1442626931,76.7341959,30.752017
1442626935,76.7346594,30.7520107
1442626941,76.7365531,30.7520873
1442626950,76.738237,30.7520154
1442626953,76.7348015,30.7520961
1442626956,76.7360426,30.7520393
1442626963,76.7384051,30.7521199
1442626966,76.7384898,30.7521725
1442626969,76.7369034,30.7523025
1442626973,76.7363961,30.752273
1442626980,76.7351916,30.7523382
1442626984,76.7332969,30.7524581
1442626994,76.7342122,30.7524118
1442626997,76.7372784,30.7525329
1442626999,76.7367349,30.752522
1442627003,76.7355886,30.7525825
1442627011,76.7376698,30.7527734
1442627017,76.7371117,30.7527193
1442627019,76.7342244,30.7527751
1442627031,76.7332936,30.7528327
1442627033,76.7359474,30.7528033
1442627038,76.7361475,30.7529304
1442627043,76.7377623,30.7530017
1442627067,76.7363056,30.7530173
1442627068,76.7361503,30.7530404
1442627070,76.7357026,30.7530605
1442627072,76.7353561,30.75307
1442627074,76.7346623,30.7530927
1442627076,76.7345613,30.7530935
1442627080,76.7342464,30.7530961
1442627095,76.7333058,30.7531036
1442627097,76.7364508,30.753113
1442627104,76.7361416,30.7533153
1442627106,76.7356925,30.7533259
1442627108,76.7353576,30.7533873
1442627121,76.735042,30.7533843
1442627123,76.7345664,30.7533861
1442627127,76.7342473,30.7533947
1442627129,76.7339217,30.7534008
1442627131,76.7333457,30.7534114
1442627164,76.7361417,30.7534953
1442627165,76.7356915,30.7535112
1442627169,76.7339302,30.7537089
1442627187,76.7333776,30.7537269
1442627193,76.7350443,30.7537643
1442627195,76.734573,30.7537666
1442627216,76.7339353,30.7538915
1442627218,76.7353601,30.7538851
1442627219,76.7364459,30.7538895
1442627221,76.7350451,30.7539007
1442627223,76.7331533,30.7539716
1442627227,76.737393,30.7539693
1442627256,76.7431409,30.7545125
1442627262,76.7453315,30.7549606
1442627275,76.7453927,30.7550099
1442627278,76.7418124,30.7550551
1442627281,76.7393098,30.7550492
1442627282,76.7373874,30.7550446
1442627311,76.7393161,30.7561425
1442627314,76.7373981,30.7561687
1442627318,76.7332198,30.7562553
1442627339,76.7352237,30.7572023
1442627350,76.7332742,30.7589805
1442627379,76.7350823,30.7592657
1442701157,76.7273877,30.7466393
1442701392,76.7417675,30.753096
1442701397,76.7397293,30.7531381
1442701401,76.7331222,30.7532905
1442701419,76.7321052,30.7534699
1442701427,76.7327588,30.7541817
1442701428,76.7321216,30.7541961
1442701431,76.7327751,30.754573
1442701433,76.7321305,30.7545872
1442701439,76.7327954,30.7550413
1442701440,76.732141,30.7550521
1442701448,76.7294295,30.7555605
1442785389,76.7455941,30.7598977
1442785410,76.7448518,30.7599405
1442785413,76.7447247,30.7600038
1442785419,76.7457274,30.7600959
1442785421,76.7445239,30.7601038
1442785425,76.7454005,30.7602609
1442785429,76.7462718,30.7602464
1442785432,76.7458744,30.7603143
1442785463,76.7450408,30.7604425
1442785466,76.7455436,30.7604738
1442785469,76.7460394,30.7605597
1442785471,76.7468455,30.7605534
1442785472,76.7451872,30.7606456
1442785473,76.7457061,30.7607156
1442785474,76.7465787,30.7606918
1442785476,76.7474742,30.7608173
1442785477,76.7453557,30.7608794
1442785494,76.7462499,30.7608582
1442785498,76.7468891,30.76112
1442785501,76.7445872,30.7612252
1442785504,76.7464856,30.7612228
1442785508,76.7465503,30.7613044
1442785513,76.7461554,30.7613842
1442785524,76.7466913,30.7615286
1442785527,76.7458047,30.7615129
1442785530,76.7485537,30.7616516
1442785532,76.7473884,30.7617038
1442785534,76.7461015,30.7618092
1442785535,76.7481088,30.7618702
1442785537,76.7476452,30.762098
1442785539,76.7463469,30.7622441
1442785542,76.7478968,30.7624845
1442785557,76.7465911,30.7626159
1442785559,76.7505714,30.7627211
1442785563,76.7481481,30.7628704
1442785568,76.7500361,30.7629849
1442785571,76.7468514,30.7630123
1442785572,76.7511854,30.7632033
1442785575,76.7495536,30.7632189
1442785578,76.7484232,30.7632927
1442785586,76.7493282,30.7633282
1442785589,76.7471007,30.7633919
1442785591,76.7491112,30.7634334
1442785597,76.7504194,30.7635988
1442785599,76.748658,30.7636533
1442785602,76.751881,30.7637655
1442785603,76.7473649,30.7637942
1442785621,76.7506862,30.764026
1442785623,76.7489052,30.7640329
1442785626,76.747607,30.7641628
1442785627,76.7521499,30.7641831
1442785628,76.750853,30.7642816
1442785630,76.7499996,30.7643683
1442785632,76.7491586,30.764422
1442785634,76.7497033,30.7645161
1442785635,76.7523824,30.7645444
1442785637,76.7478709,30.7645647
1442785650,76.7511164,30.7646852
1442785653,76.7493383,30.764698
1442785655,76.7498979,30.7648111
1442785658,76.7506681,30.764903
1442785660,76.7526539,30.7649223
1442785662,76.7481215,30.7649463
1442785663,76.7486531,30.7650396
1442785665,76.7513631,30.7650631
1442785667,76.7493451,30.7650809
1442785680,76.7501308,30.7651641
1442785683,76.7482988,30.7652163
1442785687,76.7488445,30.7653252
1442785689,76.7529089,30.7652914
1442785691,76.7503022,30.7654238
1442785693,76.7516184,30.7654542
1442785694,76.7474546,30.7656118
1442785697,76.7497679,30.7657136
1442785698,76.7531833,30.76568
1442785708,76.7518691,30.7658384
1442785711,76.7506016,30.7658777
1442785713,76.7492816,30.7659774
1442785718,76.7514047,30.7660684
1442785723,76.7521344,30.7662449
1442785726,76.7508943,30.7663212
1442785728,76.7535813,30.7663004
1442785740,76.7495366,30.7663545
1442785741,76.7503722,30.7665797
1442785743,76.7498565,30.766835
1442785745,76.7525396,30.7668656
1442785748,76.7520865,30.7670746
1442785752,76.7517819,30.7672192
1442785755,76.7515563,30.7673245
1442785772,76.7510315,30.7675694
1442785774,76.7535742,30.7674584
1442785872,76.7786607,30.772974
1442785991,76.7675887,30.7773613
1442786063,76.7597154,30.7830755
1442835603,76.829059,30.7565318
1508734509,76.7616543,30.7041163
1508734511,76.7617328,30.7041679
1508734532,76.7698037,30.7551003
1508734536,76.7698787,30.7551472
1683062799,76.7900449,30.763076
1683063179,76.7915381,30.7639945
1683064060,76.7919794,30.765553
1683064136,76.7923222,30.7657557
1683064226,76.7897564,30.7661251
1683064282,76.7910037,30.7667564
1685895399,76.7985188,30.7556718
1685895420,76.7975775,30.7558519
1685895426,76.7994043,30.7559043
1685895432,76.79889,30.7559142
1685895530,76.7998296,30.756164
1685895567,76.7976944,30.7564408
1685895582,76.7989366,30.7563802
1685895639,76.7992217,30.7568861
1685895700,76.7989424,30.7572179
1685895931,76.7938525,30.7585615
1685896033,76.7932097,30.7593237
1685896095,76.7956527,30.7597464
1685896099,76.7940185,30.7598109
1685896135,76.7958554,30.760005
1685896144,76.7952341,30.7602352
1685896159,76.7945328,30.7601191
1687021505,76.7995913,30.753999
1687021531,76.8001112,30.7543242
1687021540,76.7991883,30.7545328
1687021555,76.8004412,30.7546494
1691768392,76.8110972,30.7475206
1691768502,76.8112063,30.74868
1691824328,76.8093142,30.7389099
1691824360,76.810536,30.739183
1691824375,76.8105961,30.7392876
1691824410,76.8102423,30.7394626
1691824559,76.8082182,30.7402062
1691824760,76.8095169,30.7413873
1691824797,76.809274,30.7416691
1691824844,76.8091215,30.7421536
1691824879,76.8097606,30.742263
1691824893,76.8087224,30.742309
1691824945,76.8086076,30.7425136
1691824953,76.8095964,30.7424584
1691824963,76.8105429,30.7424805
1691825003,76.8104504,30.7425769
1691825044,76.8104229,30.7426061
1691825081,76.8093948,30.742701
1691825083,76.8096995,30.7427424
1691825102,76.8094928,30.7430648
1822504743,76.8105963,30.7438729
1835214815,76.7467118,30.7013783
1835214835,76.7459938,30.702689
1877209174,76.8142393,30.7192452
1877209176,76.8141702,30.7193119
1877209178,76.814993,30.7198032
1877209190,76.8149211,30.7198644
1877319924,76.8296689,30.7012733
1877319926,76.8294625,30.7019591
1877319938,76.8220364,30.7135152
1877319940,76.8221687,30.713585
1877320127,76.8233876,30.7186048
1877320130,76.8237048,30.7186627
1877320133,76.8235593,30.7187261
1877320142,76.8238987,30.719285
1877320173,76.8247847,30.7197668
1877320198,76.8240454,30.7197775
1877320224,76.8239037,30.7197839
1877320228,76.824786,30.7198525
1877320233,76.8229564,30.7198448
1877320236,76.8240766,30.7199033
1877320245,76.823941,30.7199133
1877320279,76.8231485,30.7199746
1877320312,76.8242222,30.7204144
1877320313,76.8241302,30.7205398
1877320314,76.8218193,30.720761
1877320315,76.8242515,30.7209811
1877320316,76.8243638,30.720996
1877320423,76.8441802,30.7246653
1877320451,76.8463321,30.7255532
1877320584,76.8364353,30.7272654
1877320585,76.8361855,30.7272937
1877320587,76.835407,30.7274431
1877320588,76.8399486,30.7278556
1877320589,76.8398482,30.7279026
1877320591,76.8379787,30.7281016
1877320592,76.8365692,30.7282483
1877320594,76.8355285,30.7283468
1877320666,76.8401883,30.7301642
1877320670,76.8394345,30.7302809
1877320684,76.8368093,30.7304761
1877320721,76.8366708,30.7305659
1877320731,76.8298031,30.7306739
1877320732,76.8295164,30.7306881
1877320735,76.8358378,30.730647
1877320736,76.8296707,30.7306988
1877320738,76.8351625,30.7307145
1877320749,76.8301157,30.7308747
1877320755,76.8300272,30.7309157
1877320757,76.8303661,30.7309387
1877320760,76.8299567,30.731003
1877320763,76.8317458,30.7310407
1877320764,76.8304234,30.7310576
1877320765,76.8299529,30.7311345
1877320770,76.8303384,30.7312319
1877320776,76.8301228,30.731274
1877320786,76.8305611,30.73192
1877320792,76.8278647,30.7336242
1877320793,76.8275208,30.7336962
1877320799,76.8253532,30.7339223
1877320800,76.8251829,30.7339998
1877320808,76.8233984,30.7355521
1877320820,76.830604,30.7371251
1877320826,76.8314081,30.7387295
1877320828,76.8314303,30.7391566
1877863712,76.8171218,30.7156028
1877863714,76.817687,30.7160159
1877863715,76.8163259,30.716408
1877863719,76.8168741,30.7168147
1877863725,76.8175051,30.7172829
1877863728,76.834566,30.7174863
1877863729,76.8348756,30.7175258
1877863730,76.8356136,30.7176274
1877863732,76.8160144,30.7176704
1877863733,76.8466463,30.7176605
1877863737,76.8467716,30.717719
1877863748,76.8385174,30.7180165
1877863752,76.8347082,30.718066
1877863758,76.816169,30.7186187
1877863763,76.8136923,30.7189454
1877863769,76.8171253,30.7193344
1877863771,76.8153942,30.7193933
1877863773,76.8172485,30.7194265
1877863782,76.8179487,30.7199506
1877863786,76.8180951,30.7200602
1877863787,76.8163367,30.7201044
1877863788,76.8340977,30.7200543
1877863792,76.8161329,30.7203035
1877863801,76.817299,30.7208304
1877863804,76.8170747,30.7210474
1877863818,76.8181692,30.7214978
2210728530,76.7299248,30.7430063
2210728531,76.7307378,30.7420054
2210729124,76.7303479,30.7424877
2210729127,76.7326693,30.7441083
2210729128,76.7315969,30.7434228
2210729129,76.7314029,30.7436518
2210729130,76.7316678,30.7433393
2210729131,76.732397,30.74444
2210736474,76.7320719,30.7428624
2210741533,76.7293823,30.7433713
2457404675,76.7975878,30.6772304
2457404684,76.7982043,30.6774993
2457404719,76.8005881,30.6776144
2457404731,76.7988695,30.6767448
2457404736,76.7997904,30.6792386
2457404740,76.7998385,30.6797875
2457404742,76.7992511,30.6797598
2457404744,76.7992497,30.6800516
2457404750,76.7998356,30.6795245
2457404752,76.7993703,30.6794945
2457404755,76.7994185,30.6791695
2457404771,76.8000531,30.6788976
2457404775,76.7996653,30.6786544
2457404777,76.7995236,30.678859
2457404778,76.7989309,30.6789465
2457404782,76.7991106,30.6785429
2457404807,76.8004463,30.6781185
2457404808,76.8006226,30.6781297
2457764873,76.7980125,30.6777191
2457764877,76.7995185,30.6770802
2457764879,76.7993506,30.6774366
2457764892,76.7986777,30.6769607
2457764893,76.7986828,30.6782561
2457764895,76.7988169,30.6779607
2457764900,76.7981036,30.6776201
2457764901,76.7991561,30.677405
2457764908,76.799897,30.6791003
2457764911,76.8003675,30.679315
2457764912,76.8000501,30.679799
2457764913,76.8003049,30.6799607
2457764915,76.8007479,30.6794977
2457764916,76.8006727,30.6794659
2457764917,76.8009392,30.6790856
2457764919,76.8006361,30.6789657
2457764922,76.8012342,30.6781507
2457764925,76.8009754,30.67879
2457764926,76.8009976,30.6781523
2457764927,76.800675,30.6787554
2621942760,76.7408135,30.7090028
2795623882,76.765432,30.7295182
2795623883,76.7676648,30.7259429
2795623888,76.7678407,30.7268848
2796287790,76.7634358,30.7322733
2917342567,76.7586765,30.7081867
2917342568,76.7588163,30.7082617
2917342569,76.7592849,30.7088002
2917342570,76.7598347,30.7091291
2917342572,76.7611275,30.7093059
2917342573,76.7615948,30.7093159
2917342574,76.7615729,30.7098433
2917342575,76.7617541,30.7090843
2917342577,76.7634354,30.7071716
2917342582,76.7619529,30.7063172
2917342583,76.7620843,30.7058682
2917342584,76.761955,30.7058561
2917342586,76.7610588,30.7073161
2917342597,76.7593509,30.7046398
2917342598,76.7596121,30.7060566
2917342702,76.7585533,30.7076574
2917342703,76.7593556,30.7048455
3027424418,76.7300771,30.7428196
3230974787,76.7739061,30.7616035
3265022006,76.7858444,30.6915021
3265023701,76.7815985,30.6922745
3265027376,76.7889446,30.6902721
3265027377,76.7909188,30.6913375
3265027378,76.7894949,30.6932804
3265027381,76.7892426,30.6933412
3265027382,76.7873971,30.6923587
3265027383,76.7879696,30.6916056
3265027384,76.79,30.6926477
3265034883,76.7928119,30.6888172
3265034885,76.7898599,30.6907661
3265034886,76.7908498,30.6894022
3265034887,76.7917689,30.6882008
3265034888,76.7884085,30.6880506
3436450315,76.74698,30.708946
3436450316,76.7460053,30.7083443
3436453905,76.7323091,30.7142157
3436454114,76.7441002,30.7050533
3436455362,76.7417951,30.7039174
3436455639,76.7426584,30.7067917
3436455640,76.7419195,30.7063376
3436455641,76.7405202,30.7054969
3436455642,76.7433701,30.7045387
3436457154,76.7394922,30.6995951
3436457155,76.739821,30.6994932
3436457254,76.739264,30.6991989
3436457256,76.7392818,30.6994782
3610846861,76.7467656,30.715274
3786407353,76.7873788,30.689427
3786407354,76.7919253,30.6899976
3786407355,76.7863956,30.6907446
3786407358,76.7950992,30.6917547
3786407359,76.7888807,30.6920938
3786407360,76.7815022,30.6922698
3805731650,76.8236827,30.688107
3805731655,76.8283572,30.6841832
3805731657,76.8236983,30.6883136
3805731664,76.828259,30.6842945
3815275023,76.7545517,30.751441
3815275024,76.7557854,30.749965
3815275025,76.7549939,30.7517052
3815275026,76.7562326,30.7502396
3815275027,76.7554402,30.7520006
3815275028,76.7566707,30.7505085
3815275029,76.754662,30.7529339
3815275030,76.7541655,30.7535513
3815275031,76.7542163,30.7526627
3815275032,76.7537037,30.7532674
3815275033,76.7537599,30.7523849
3815275034,76.7532591,30.752994
3815275035,76.7569159,30.7503303
3815275036,76.7522375,30.7474322
3815275037,76.7584288,30.7512641
3815275038,76.7601412,30.7492081
3815275040,76.7566733,30.745277
3815275043,76.7593531,30.7419135
3815541667,76.7417786,30.7534508
3815541670,76.7361421,30.7539693
3815541672,76.736142,30.7537892
3826575981,76.7200615,30.7595194
3826575982,76.723406,30.7613355
3826575983,76.7220537,30.760565
3826575990,76.7190376,30.7526546
3826575995,76.7178964,30.7517455
3826575997,76.7246426,30.7641274
3826576013,76.7222536,30.7564543
3826576014,76.7190852,30.7552653
3826576015,76.7213855,30.7552563
3826576018,76.720783,30.7585135
3826576019,76.7227774,30.7595424
3826576021,76.7170159,30.7520813
3826576025,76.7146237,30.7536057
3832525502,76.7399123,30.6994895
3832525510,76.7378667,30.6981872
3832525522,76.7456313,30.7029189
3832525523,76.7454079,30.7031718
3832525524,76.745833,30.7030002
3832525525,76.7457712,30.7032992
3832525526,76.7454423,30.7032401
3832525536,76.7458727,30.7031821
3832525538,76.7457077,30.7029266
3838463161,76.7524103,30.7741885
3838463162,76.7453184,30.7748137
3838463163,76.7504857,30.7721659
3838463164,76.7520213,30.7743702
3838463166,76.749784,30.769145
3838463187,76.7326355,30.7604665
3838463188,76.7451163,30.7697751
3838463189,76.7460299,30.7710913
3838463190,76.7477491,30.7735682
3838463191,76.7495629,30.7756299
3838463192,76.7480269,30.7734259
3838463193,76.7464232,30.7764054
3838463194,76.7491322,30.7750118
3838463195,76.7515881,30.7737483
3838463196,76.7460675,30.775893
3838463197,76.7484934,30.7746404
3838463198,76.7488491,30.7751529
3838463200,76.7457053,30.7753712
3838463201,76.7481312,30.7741186
3838463202,76.7478294,30.775682
3838463203,76.7467228,30.7740941
3838463204,76.7471094,30.7746488
3838463205,76.7474727,30.7751701
3838463206,76.7507226,30.7741936
3838463207,76.7503615,30.7736755
3838463208,76.7500001,30.773157
3838463209,76.749619,30.7726101
3838463210,76.751155,30.7748141
3838463211,76.7484078,30.7739724
3838463212,76.7508669,30.772713
3838463213,76.7487711,30.7744937
3838463214,76.7512271,30.7732301
3838463215,76.7491878,30.772831
3838463217,76.7457343,30.769927
3838463219,76.7487949,30.7722836
3838463220,76.7500945,30.7716042
3838463221,76.7473879,30.7723044
3838463222,76.7484353,30.7717666
3838463223,76.7497345,30.7710875
3838463224,76.7470336,30.7717951
3838463225,76.748081,30.7712573
3838463226,76.7493799,30.7705784
3838463227,76.7466578,30.7712545
3838463228,76.7477096,30.7707232
3838463229,76.7490198,30.7700615
3838463230,76.7462994,30.7707393
3838463231,76.7473512,30.770208
3838463232,76.7486611,30.7695465
3838463233,76.7459445,30.7702292
3838463234,76.7469918,30.7696914
3840384033,76.7657874,30.6886491
3842171124,76.7687507,30.7214261
3842171140,76.7597044,30.7725425
3842171152,76.7548794,30.7652657
3842171155,76.7552587,30.7652956
3842295780,76.7542491,30.7109896
3849212557,76.7329599,30.7194873
3849212558,76.7345372,30.7175187
3859425679,76.7602672,30.701691
3859425688,76.7606551,30.701938
3859425689,76.7596458,30.7019513
3859425706,76.7599045,30.7021145
3859425719,76.7593527,30.7023044
3859425720,76.7602992,30.7023635
3859431626,76.7611419,30.7036488
3869425717,76.7317868,30.7085022
3869425718,76.7316553,30.7086713
3869445927,76.7295158,30.711975
3869445928,76.7309463,30.7128592
3895167234,76.7329359,30.7098691
3895167235,76.7328158,30.7100164
3895167236,76.7325249,30.710066
3895167237,76.7329579,30.7101049
3895167239,76.7326883,30.7101678
3895167240,76.7331301,30.710212
3895167241,76.7328309,30.7102566
3895167242,76.7333176,30.7103239
3895167243,76.733002,30.7103646
3895167244,76.7326937,30.7104204
3895167245,76.733464,30.7104151
3895167246,76.7331866,30.7104795
3895167247,76.7336252,30.7105155
3895167248,76.733333,30.7105707
3895167249,76.7331967,30.7107325
3895167250,76.7338152,30.7183963
3895168559,76.7348644,30.7218087
3896079781,76.735873,30.7295655
3896079782,76.7343471,30.7296922
3896079784,76.7353261,30.7302738
3896079785,76.7357055,30.7305032
3896082376,76.7242149,30.7355408
3896471647,76.7508539,30.6973248
3896471651,76.7509515,30.6973555
3896471656,76.7509633,30.6973899
3896472358,76.750803,30.6974165
3896472359,76.750909,30.6974588
3896472364,76.7508573,30.6974602
3896472381,76.7560853,30.7005946
3896472383,76.7560853,30.7006339
3896472388,76.7559922,30.7006905
3896500062,76.722898,30.7437211
3896500066,76.7218675,30.7438829
3896500072,76.7265038,30.7460011
3896500074,76.7274451,30.7465581
3896500085,76.7336051,30.7504648
3896500087,76.7336494,30.750405
3896587999,76.7413158,30.7091611
3896588000,76.7421585,30.7097021
3896588001,76.742648,30.7100269
3896588002,76.7394737,30.7104972
3896588003,76.741834,30.7106037
3896588004,76.741668,30.7108044
3896588005,76.7421148,30.7110743
3896588006,76.7425783,30.7113543
3896588007,76.7411061,30.7114836
3896588008,76.7430554,30.7116425
3896588009,76.7416027,30.7116742
3896588010,76.7420674,30.7119514
3896588017,76.7422132,30.712645
3896593359,76.7505246,30.6981131
3896593360,76.7501128,30.6983492
3896593361,76.7502615,30.6984437
3896593362,76.750352,30.6985013
3896593363,76.7521508,30.6987075
3896593365,76.7519218,30.6989879
3896593366,76.7516469,30.6993246
3896593367,76.7535753,30.6995917
3896593368,76.7513818,30.6996496
3896593369,76.7533568,30.6998549
3896593370,76.7511649,30.6999149
3896593371,76.7530659,30.7002054
3898121560,76.7600441,30.6877576
3909471390,76.8027703,30.6912032
3909471391,76.8029128,30.6912486
3909471537,76.8118944,30.6899414
3909480741,76.8252014,30.6809753
3912635662,76.7568114,30.7236349
3912639597,76.7616239,30.7228152
3912639780,76.7605917,30.7240947
3931785712,76.7680451,30.7291129
3933503642,76.7248112,30.7423153
3933503643,76.7245332,30.7426504
3933503644,76.7255083,30.7427627
3933503645,76.7252471,30.7430826
3933513587,76.7270182,30.7364435
3933513588,76.7270856,30.7365997
3933513589,76.7261332,30.7367368
3933513590,76.7260991,30.7368505
3933513591,76.7260913,30.7372962
3933513592,76.7270939,30.7374208
3933513593,76.7272845,30.7374062
3933513594,76.7261123,30.7376969
3933513595,76.7262299,30.73775
3933513596,76.7259764,30.7379049
3933513597,76.7255706,30.7380064
3933513599,76.7285016,30.7387081
3933513601,76.7282375,30.7390439
3933513602,76.7240474,30.7402079
3933513604,76.722638,30.7421802
3933513605,76.7227072,30.7425143
3933513606,76.7225425,30.7427599
3933513608,76.722171,30.7428631
3933513611,76.7216387,30.7430007
3933522956,76.7317704,30.7313985
3933524558,76.7311796,30.7314378
3933524561,76.7304558,30.731699
3933524566,76.7351547,30.7334082
3933524567,76.7290219,30.7343323
3933524569,76.7270159,30.736019
3933524571,76.7266263,30.7365734
3933524573,76.7271513,30.7369039
3933563520,76.7565982,30.7548432
3933563521,76.7569659,30.7550717
3933563522,76.7563578,30.7551161
3933563523,76.7562209,30.7552715
3933563524,76.7567415,30.7553567
3933815131,76.7821978,30.7209923
3941039056,76.7953775,30.7277996
3941039057,76.7974116,30.728214
3941039062,76.7978673,30.728764
3941039063,76.7975546,30.729129
3941039067,76.7978339,30.7299222
3941090070,76.7995965,30.7163225
3941121875,76.7891961,30.7288073
3941121876,76.7884758,30.7296502
3942873859,76.8189506,30.7206925
3942884019,76.8165965,30.7161343
3942884020,76.8171468,30.7165467
3942884024,76.8165567,30.7182311
3942884025,76.8169489,30.7185254
3942884026,76.8180289,30.7186522
3942884027,76.8176311,30.7190469
3942884028,76.8167317,30.7197187
3942884029,76.8177009,30.7204416
3942884030,76.8214488,30.7210264
3942884031,76.8185384,30.721117
3942884032,76.8226273,30.7210991
3942884033,76.821494,30.7212037
3942884034,76.8216118,30.7216658
3942884035,76.8210675,30.7216989
3942884036,76.8208817,30.7217102
3942884038,76.8231434,30.7220662
3942884039,76.8217491,30.7222046
3942884040,76.8211386,30.7222199
3942884041,76.8209485,30.7222295
3942884042,76.8206795,30.7222421
3942884043,76.8231854,30.7222607
3942884045,76.8218036,30.7223985
3942884046,76.8245181,30.7224353
3942884048,76.8219309,30.7226834
3942900071,76.8072687,30.6772847
3942900076,76.8080694,30.6783
3942900086,76.7972398,30.6789202
3942900092,76.797055,30.6793457
3942900100,76.7968568,30.6802165
3942900102,76.7988917,30.6802838
3942900103,76.7996874,30.6805778
3942900104,76.8064541,30.6807999
3942900105,76.8066723,30.6808745
3942900106,76.7983191,30.6809787
3942900112,76.7978152,30.6815902
3942900118,76.8011645,30.6831114
3942900124,76.7999138,30.6845043
3942900129,76.8023677,30.6851626
3942900131,76.8017574,30.6858785
3942900134,76.8044923,30.6863535
3942900137,76.7900465,30.6872246
3942900139,76.8024364,30.6875598
3942900141,76.7908948,30.687704
3942900143,76.8037535,30.6883674
3942900144,76.7891306,30.6884504
3942900145,76.7899662,30.6889129
3942900146,76.8034681,30.6891617
3942900147,76.7923339,30.6894535
3942900148,76.7936221,30.6896828
3942900149,76.7882432,30.6898935
3942900150,76.7943733,30.6899364
3942900151,76.7933573,30.6900366
3942900152,76.7935349,30.6901393
3942900257,76.794173,30.6905084
3942900258,76.7929583,30.6905695
3942900260,76.7933389,30.6907802
3942900261,76.7939513,30.690867
3942900262,76.7912753,30.6908733
3942900264,76.7952303,30.6909642
3942900265,76.7936078,30.690929
3942900266,76.7951467,30.6910714
3942900267,76.7872681,30.6912219
3942900269,76.795606,30.6914099
3942900270,76.8030078,30.691417
3942900271,76.7923073,30.6914392
3942900278,76.7919639,30.6918978
3942900280,76.7922914,30.6920991
3942900281,76.7903735,30.6921146
3942900284,76.7944665,30.6925981
3942900285,76.7913923,30.6926613
3942900288,76.7941061,30.6930915
3942900289,76.7909915,30.6931966
3942900294,76.7918551,30.6936512
3942900295,76.7919944,30.6937274
3942900299,76.799896,30.6939601
3942900301,76.8002942,30.6940813
3942900303,76.7999028,30.6942099
3942900306,76.7991904,30.694272
3942900307,76.793351,30.6943096
3942900311,76.7984714,30.694422
3942900314,76.7983426,30.6944743
3942900316,76.7988289,30.6946477
3942900317,76.7982894,30.6951503
3942900319,76.7982922,30.6953213
3942900326,76.7945967,30.6987968
3942907837,76.7650653,30.6967464
3942907838,76.7648419,30.6969893
3942915104,76.7979241,30.696084
3943241619,76.7433626,30.7474856
3943241623,76.7492455,30.7511503
3943241624,76.749316,30.751198
3943241626,76.7503333,30.7518654
3943241630,76.7542687,30.7542792
3943241633,76.7585801,30.7569347
3943241634,76.7600677,30.7578494
3943276235,76.7451276,30.7415967
3943276239,76.7460978,30.7421816
3943276241,76.746457,30.7433677
3943282238,76.8185155,30.7223647
3943282239,76.8186082,30.7224285
3943285743,76.8155385,30.72505
3943298896,76.8237367,30.7192508
3943298898,76.8236946,30.719437
3943298902,76.8236223,30.719802
3943307780,76.8423395,30.7134704
3943307788,76.8405289,30.7148013
3943307789,76.8405124,30.7148211
3943307803,76.8384618,30.718009
3943307807,76.8274811,30.7196169
3943307813,76.8374247,30.7200379
3943307815,76.8337565,30.7200324
3943307819,76.8373016,30.7200984
3943307823,76.8376668,30.7201316
3943307834,76.8366049,30.7203115
3943307837,76.8373099,30.7203783
3943307844,76.8375209,30.7204266
3943307845,76.8373932,30.7204217
3943307851,76.8373254,30.7206701
3943307855,76.8451631,30.7211355
3943307856,76.8331023,30.7211275
3943311257,76.8219163,30.7211647
3943311264,76.8219948,30.7217196
3943311266,76.832566,30.7219955
3943311277,76.8306369,30.7228142
3943311278,76.8312155,30.7229576
3943311280,76.8320241,30.7231425
3943311283,76.8324044,30.7231279
3943311287,76.8352705,30.7239636
3943344677,76.7933835,30.690348
3943344678,76.7934757,30.6905975
3943344679,76.7944503,30.6906792
3943344680,76.7940234,30.690714
3943344681,76.7928451,30.6907208
3943344682,76.7937402,30.6907518
3943344683,76.7930534,30.6908362
3943344684,76.7943046,30.6908703
3943344685,76.7932256,30.6909315
3943344686,76.794467,30.6909734
3943344687,76.7929227,30.69102
3943344689,76.7930812,30.6911059
3943344690,76.7943844,30.6910915
3943344691,76.793481,30.6910989
3943344692,76.7947178,30.6911175
3943344694,76.7907364,30.6912391
3943344695,76.7933762,30.6912497
3943344696,76.7927544,30.6912356
3943344697,76.7946243,30.6912399
3943344698,76.7949995,30.6912625
3943344699,76.794243,30.6912807
3943344701,76.7929287,30.6913321
3943344702,76.7935615,30.6913364
3943344705,76.7948973,30.6913952
3943344706,76.7906174,30.6913997
3943344707,76.7944888,30.6914168
3943344708,76.7941221,30.6914423
3943344709,76.7903466,30.6914408
3943344710,76.7928353,30.6914568
3943344711,76.7938489,30.6914697
3943344712,76.7932005,30.6914958
3943344713,76.7905149,30.6915381
3943344715,76.7933829,30.6915756
3943344716,76.7943723,30.6915779
3943344717,76.7931128,30.6916078
3943344718,76.7952929,30.6916203
3943344719,76.7907022,30.6916464
3943344720,76.7926452,30.6916432
3943344722,76.7942815,30.6917036
3943344723,76.7936695,30.6917096
3943344725,76.792971,30.6917977
3943344727,76.7945449,30.6918518
3943344729,76.7937476,30.6919651
3943344730,76.7940917,30.6919672
3943344731,76.7939895,30.6921026
3943344732,76.7943583,30.6921055
3943344733,76.7936134,30.6921447
3943344735,76.7926142,30.6922635
3943344736,76.7938673,30.6922933
3943344737,76.7924898,30.6924281
3943344738,76.7895856,30.6924539
3943344740,76.7923839,30.6925683
3943344741,76.791438,30.6926002
3943344742,76.7925713,30.6926753
3943344743,76.7918299,30.6928069
3943344744,76.792205,30.6928224
3943344745,76.7923883,30.6929202
3943344746,76.7914405,30.692975
3943344747,76.7920833,30.6929795
3943344748,76.7916337,30.6930727
3943344750,76.7913459,30.6931017
3943344751,76.7918933,30.6932245
3943344752,76.7912023,30.6932939
3943344754,76.7919881,30.6934633
3943348257,76.7900946,30.6908927
3943348258,76.7899761,30.6910551
3943348261,76.7900546,30.691291
3943348263,76.7898687,30.6915457
3943348264,76.7895982,30.6915712
3943348266,76.7893943,30.6918507
3943348269,76.7894799,30.6920771
3943348270,76.7893083,30.6923122
3943352790,76.784013,30.6968869
3943352791,76.7833001,30.6976915
3945270423,76.8205771,30.7186277
3945270427,76.8224457,30.7196003
3945278376,76.7442333,30.6937132
3945284023,76.7335256,30.7109366
3945284024,76.7334101,30.7110742
3945284025,76.7331057,30.7111344
3945284026,76.7335561,30.7111648
3945284027,76.7332726,30.711238
3945284028,76.7337309,30.7112733
3945284029,76.7334186,30.7113286
3945284030,76.7332841,30.7114888
3945284087,76.7339156,30.7104765
3945284088,76.7337887,30.7106275
3945284089,76.7334961,30.7106693
3945284090,76.7339344,30.7107182
3945284091,76.733665,30.7107744
3945284092,76.7341067,30.7108256
3945284093,76.7338106,30.7108651
3945284094,76.7336733,30.7110282
3945290492,76.8183002,30.6825956
3945290493,76.8150014,30.6827753
3945290501,76.8192032,30.6838472
3945290506,76.8194745,30.6841704
3945301397,76.8051714,30.6760834
3945303543,76.7897537,30.6876165
3945303544,76.790601,30.6880865
3945303545,76.7912692,30.688854
3945304143,76.7841105,30.6895845
3945304144,76.7889445,30.6921264
3945304145,76.783942,30.6921495
3945304147,76.7883641,30.6928816
3945338948,76.8300342,30.7169536
3945338949,76.8291395,30.71791
3945338952,76.8280638,30.7195404
3945338953,76.8326836,30.7199398
3945338954,76.8329183,30.7199598
3945338955,76.8332217,30.7199861
3945345682,76.8376673,30.7203352
3945346660,76.8319438,30.7210287
3945346663,76.831885,30.7215326
3945346664,76.8319296,30.7215594
3945346665,76.8321231,30.7216753
3945346666,76.8326923,30.722149
3945346667,76.8311731,30.7225914
3945382471,76.8317679,30.7526284
3945420895,76.8157875,30.7190001
3945431864,76.8119039,30.6961109
3945431867,76.8149722,30.6969798
3945431868,76.8133374,30.6970197
3945431869,76.811899,30.6970431
3945431870,76.8116521,30.6970604
3945433400,76.8126001,30.6970375
3945433402,76.8159104,30.697884
3945433407,76.8156411,30.6992091
3945433410,76.8133451,30.6992554
3945433411,76.8126689,30.6992563
3945433413,76.8158874,30.6995471
3945433415,76.8126744,30.6996342
3945433417,76.8151464,30.6997337
3945433422,76.8157631,30.6999871
3945433432,76.8148727,30.7009801
3945433434,76.8183143,30.7013271
3945435333,76.8267746,30.6893614
3945435334,76.8263928,30.6896921
3945435335,76.8258846,30.6900653
3945435344,76.8248215,30.6909677
3945435345,76.823759,30.69097
3955010467,76.7489377,30.6902545
3955010468,76.7502227,30.6903587
3955010474,76.7483123,30.6910334
3955010475,76.7488635,30.6913726
3955010476,76.7491795,30.6915748
3955011682,76.7467351,30.6906467
3955011684,76.7485333,30.6917618
3955011685,76.7491262,30.6921309
3955011686,76.7477609,30.6937594
3955015891,76.7474568,30.6910915
3955015892,76.7478511,30.691337
3955015893,76.7481778,30.6915404
3955015895,76.7497758,30.691957
3955015896,76.7475954,30.6922367
3955015899,76.7467838,30.6926167
3955015901,76.7471103,30.6928172
3955015902,76.7485471,30.6928204
3955015903,76.7488858,30.693028
3955015904,76.7480601,30.6934002
3955024858,76.7487904,30.690438
3955024859,76.7493569,30.6907911
3955024860,76.7473446,30.6925368
3955024861,76.748293,30.693123
3955086923,76.7539918,30.6865305
3955086924,76.7568567,30.6871393
3965879358,76.7741333,30.6954583
3965879359,76.7739358,30.6956867
3965890836,76.7568935,30.7152692
3965903027,76.7475151,30.6930656
3965903029,76.7472919,30.6934803
3965903030,76.7470221,30.6938082
3965903039,76.7512604,30.6952729
3965903042,76.7446656,30.6957244
3965903043,76.7506418,30.6960068
3965903045,76.7455758,30.6963003
3965903046,76.7500422,30.6967259
3970745307,76.7414426,30.7090068
3970745317,76.7419259,30.7093107
3987373881,76.7516393,30.6936969
3987373884,76.7502972,30.6946861
3987373887,76.7506336,30.6948911
3987373894,76.7496985,30.6954145
3987857332,76.7568271,30.7420851
3987857335,76.7637373,30.7457711
3987857338,76.7651309,30.7462478
3994804172,76.7841944,30.7059228
3994804251,76.7837397,30.7064578
3994807848,76.7868526,30.7026977
3994807849,76.7863333,30.7032975
3994807850,76.781904,30.7035818
3994808374,76.782852,30.7067301
3994808413,76.783275,30.7070044
3994808437,76.7822662,30.7074186
3994808438,76.7827024,30.7076949
3994808439,76.7820145,30.7077191
3994808558,76.782449,30.7079834
3994808824,76.7740621,30.7144084
3994808926,76.7878652,30.721857
3994809330,76.7855685,30.7204807
3994809515,76.7860054,30.7207698
3994809709,76.7873987,30.7215544
3997182875,76.7680309,30.7109526
4008821691,76.7479546,30.7482526
4008821736,76.7485598,30.748617
4008821771,76.749154,30.7489919
4008821780,76.7356948,30.7516778
4008821781,76.735769,30.7516785
4008821787,76.7356622,30.7517336
4008821992,76.7356823,30.7517707
4008821993,76.7357689,30.7517786
4112120623,76.7325443,30.7103277
4112120624,76.7324379,30.7104548
4112120625,76.7321446,30.7105191
4112120626,76.7325894,30.7105486
4112120627,76.7323022,30.7106167
4112120628,76.7330488,30.7106407
4112120629,76.7327593,30.7106537
4112120630,76.7324537,30.7107106
4112120631,76.7329323,30.7107795
4112120632,76.7321562,30.7107889
4112120633,76.7326229,30.7108162
4112120634,76.7330878,30.710876
4112120635,76.7323088,30.7108836
4112120636,76.7320528,30.7109121
4112120637,76.7328061,30.7109299
4112120638,76.7312924,30.7109366
4112120639,76.7317685,30.7109672
4112120640,76.7332422,30.7109717
4112120641,76.7322097,30.7110095
4112120642,76.7329616,30.7110264
4112120643,76.731925,30.7110643
4112120644,76.7311829,30.7110671
4112120645,76.7326554,30.7110987
4112120646,76.7323747,30.7111119
4112120647,76.7308844,30.7111304
4112120648,76.7320819,30.7111617
4112120649,76.7313379,30.7111632
4112120650,76.7328168,30.7111988
4112120651,76.7310457,30.7112305
4112120652,76.7325431,30.7112325
4112120653,76.731778,30.7112379
4112120654,76.7322458,30.7112655
4112120655,76.7315128,30.7112718
4112120656,76.7312007,30.7113266
4112120657,76.7327016,30.7113308
4112120658,76.7319358,30.7113358
4112120659,76.7324231,30.7113755
4112120660,76.73166,30.7113784
4112120661,76.730903,30.7114001
4112120662,76.733142,30.7114006
4112120663,76.7328589,30.7114284
4112120664,76.7313698,30.7114422
4112120665,76.7325815,30.7114738
4112120666,76.7318144,30.7114742
4112120667,76.7310582,30.7114964
4112120668,76.7330265,30.7115383
4112120669,76.7315254,30.7115388
4112120670,76.7307805,30.7115461
4112120671,76.7322871,30.7115538
4112120672,76.7319828,30.7115787
4112120673,76.7327168,30.7115989
4112120674,76.7304776,30.711615
4112120675,76.7331721,30.7116286
4112120676,76.7316798,30.7116346
4112120677,76.7309328,30.7116406
4112120678,76.7324365,30.7116465
4112120679,76.7321732,30.7116893
4112120680,76.7328876,30.7117049
4112120681,76.7313849,30.7116992
4112120682,76.7306387,30.7117149
4112120683,76.7318546,30.7117315
4112120684,76.7333434,30.7117349
4112120685,76.7311106,30.7117509
4112120686,76.7323197,30.7117802
4112120687,76.7330332,30.7117953
4112120688,76.7315432,30.7117974
4112120689,76.730791,30.7118094
4112120690,76.7327565,30.711845
4112120691,76.7320409,30.711847
4112120692,76.7312603,30.7118476
4112120693,76.73248,30.7118797
4112120694,76.7309778,30.7119091
4112120695,76.7321873,30.7119379
4112120696,76.7314082,30.7119393
4112120697,76.7329103,30.7119405
4112120698,76.730656,30.7119703
4112120699,76.7326349,30.7119898
4112120700,76.7311296,30.7120033
4112120701,76.7318868,30.7120106
4112120702,76.7323382,30.7120486
4112120703,76.731587,30.7120503
4112120704,76.7327796,30.7120796
4112120705,76.7312774,30.7120951
4112120706,76.7320443,30.7121083
4112120707,76.7325008,30.7121496
4112120708,76.7317569,30.7121654
4112120709,76.73296,30.7121915
4112120710,76.731451,30.7122122
4112120711,76.7326455,30.7122393
4112120712,76.7319037,30.7122565
4112120713,76.7311334,30.7122666
4112120714,76.7323634,30.7123063
4112120715,76.7316262,30.712321
4112120716,76.7320747,30.7123626
4112120717,76.7325119,30.7123985
4112120718,76.7317731,30.7124121
4112120719,76.7322256,30.7124705
4112120720,76.7319316,30.712533
4112120721,76.7323749,30.7125631
4112120722,76.7316343,30.7125774
4112120723,76.7320904,30.7126316
4112120724,76.7325545,30.7126746
4112120725,76.7322396,30.7127242
4112120726,76.7321133,30.7128746
4119448149,76.7475559,30.7205479
4125342877,76.7302916,30.7278532
4125342879,76.7275892,30.7271001
4125342880,76.7297742,30.7300605
4133977159,76.7311385,30.7283162
4149803656,76.8137449,30.7188918
4509080046,76.7728267,30.7720798
4509080051,76.7713621,30.777202
4509080052,76.7711002,30.7776025
4509080054,76.7718972,30.7761247
4509080055,76.7718959,30.7759959
4509080056,76.7722899,30.7752149
4509080059,76.7727362,30.7769327
4509080061,76.7727495,30.7771896
4509080494,76.7726914,30.7753641
4509080498,76.771086,30.7757516
4509080500,76.7707688,30.7761281
4509080509,76.7718586,30.7750789
4509080510,76.7734385,30.774782
4509080511,76.7731327,30.7755285
4509080512,76.7735007,30.7756601
4509080514,76.7724742,30.7735591
4509080518,76.7709968,30.7727767
4509080519,76.7708362,30.7730764
4509080559,76.7792756,30.7777219
4509080565,76.7768833,30.7766951
4509080571,76.7703721,30.7746011
4509080572,76.7726852,30.7775772
4509080573,76.7704398,30.7776263
4509080580,76.7698564,30.7766238
4509080581,76.7705303,30.7771316
4607917816,76.7354883,30.7309793
4607917818,76.7357324,30.7332071
4607917819,76.7355738,30.731939
4607927443,76.7350166,30.7318942
4607927447,76.7338163,30.7325714
4607927451,76.7342845,30.7328445
4636911086,76.7509335,30.7387571
4830811221,76.7594618,30.7023714
4830811224,76.7592896,30.7026245
4830816874,76.7840705,30.7178318
4830826540,76.8024706,30.7296696
4830826541,76.8026412,30.7294923
4830855506,76.8023796,30.7296972
4830855507,76.8023263,30.730086
4830855512,76.7641369,30.7098059
4830855723,76.7641467,30.7057573
4830855724,76.7640863,30.7061365
4830855726,76.7644097,30.7063351
4830855728,76.7594039,30.703617
4831929818,76.7597362,30.7031862
4831939642,76.7571694,30.703032
4831947344,76.7572761,30.7028994
4831947349,76.7567014,30.7025418
4831947352,76.7567377,30.7052131
4831947353,76.7565752,30.7054119
4831947357,76.7563517,30.7056944
4832031057,76.7575371,30.7064114
4832031075,76.7589045,30.706665
4832031076,76.7575377,30.7086435
4832031098,76.7585571,30.7090371
4832031109,76.7587128,30.7086687
4832031116,76.7575248,30.7090717
4832031732,76.757906,30.709858
4832031759,76.7597968,30.7098911
4832031760,76.7609826,30.7093029
4832031772,76.7607293,30.7098662
4832031773,76.7615856,30.7095373
4832031778,76.7619766,30.709467
4832031790,76.7629986,30.7098336
4832031798,76.7641186,30.7077738
4832031799,76.7632301,30.707509
4832031800,76.7624215,30.7083888
4832031932,76.7613194,30.7085601
4832031973,76.7596137,30.7068583
4832031974,76.7593971,30.7062726
4832031978,76.7595747,30.7064551
4832031979,76.76308,30.7068554
4832032000,76.7631486,30.7058328
4832032005,76.7640884,30.7059592
4832032019,76.7628973,30.7052394
4832032020,76.7617334,30.7047792
4832032031,76.7617639,30.7058669
4832032037,76.7610587,30.7058007
4832032046,76.7610332,30.7047892
4832032053,76.761012,30.7061882
4832032054,76.760333,30.7047991
4832048209,76.7599541,30.7048068
4832048217,76.7599636,30.7052409
4832048218,76.7590133,30.7048476
4832048536,76.7584874,30.7048508
4832048552,76.7585062,30.7059413
4832048553,76.7584916,30.7050969
4832048557,76.7590145,30.7050995
4832048558,76.7575509,30.7052402
4832048566,76.7584943,30.7052493
4832048567,76.7575474,30.7055377
4832048574,76.7584991,30.7055287
4832048578,76.7590204,30.7055248
4832139028,76.7413767,30.6934892
4832139039,76.7399717,30.6952818
4832139047,76.7409844,30.6963792
4832139050,76.7416885,30.6967927
4832139051,76.7413162,30.6928724
4832139052,76.7409909,30.6926662
4832139059,76.7401453,30.6936763
4832139065,76.7408605,30.6941343
4832139066,76.7404088,30.6946854
4832613883,76.769969,30.7153163
4832613886,76.7710889,30.7156463
4832613887,76.7729567,30.7125506
4832613891,76.772321,30.7124173
4832613896,76.7983306,30.7337322
4832613897,76.7985841,30.7339089
4832613898,76.7978737,30.7342214
4832613899,76.7981145,30.7344115
4832613903,76.8019578,30.7344586
4832613910,76.8012527,30.7353076
4832613916,76.8001233,30.736476
4832627023,76.800827,30.7353632
4832627025,76.801419,30.7356759
4832627026,76.8021284,30.7336354
4832627027,76.8025933,30.73363
4832627028,76.8023995,30.7338764
4832627031,76.8015528,30.732462
4832627032,76.8031205,30.732388
4832627034,76.8030321,30.7326547
4832627035,76.8038067,30.73182
4832627037,76.8043226,30.7321227
4832627039,76.802183,30.7315826
4832627041,76.8024879,30.7312466
4832627043,76.8027728,30.7308895
4832646460,76.8079837,30.7375011
4832646463,76.80736,30.7382782
4832646466,76.8067197,30.7390424
4832705624,76.8065702,30.7487408
4832705636,76.8195541,30.7567562
4832705642,76.8221711,30.7566278
4832705656,76.8262013,30.7565275
4832705668,76.8251952,30.7584256
4832705672,76.8251486,30.7592389
4832705677,76.8268461,30.7591775
4832705679,76.8005756,30.7544825
4832705682,76.8014114,30.7549141
4832705683,76.8004076,30.7546298
4832705685,76.7960097,30.7514552
4832705691,76.7967223,30.7505968
4832705700,76.7946201,30.7487809
4832734290,76.7992821,30.7384501
4832734292,76.7997584,30.7387405
4833812670,76.8022153,30.746135
4833812673,76.8016135,30.7462282
4833812674,76.8046235,30.7410176
4833812684,76.8038793,30.7419256
4833812685,76.8042941,30.741425
4833812704,76.8055212,30.7421836
4833812705,76.802985,30.7398281
4833812925,76.8026189,30.7411276
4833812926,76.8024969,30.7394093
4833812927,76.798718,30.7381039
4833812935,76.7945037,30.741951
4833812938,76.7965645,30.7362585
4833812953,76.7983542,30.7373752
4833820106,76.7959223,30.7352345
4833820112,76.7915225,30.7402503
4833880496,76.7878049,30.734779
4833880516,76.7909369,30.7367651
4833880519,76.789596,30.7398044
4833880520,76.7896929,30.7397253
4833880521,76.7908365,30.7382602
4833880527,76.7898506,30.7393751
4833880534,76.7954656,30.7351296
4833880541,76.7969105,30.7357326
4833880542,76.7971972,30.7354188
4833880549,76.7791652,30.7244033
4833880550,76.7792373,30.7244461
4833880559,76.7754771,30.7255041
4833880563,76.7732178,30.721118
4833880564,76.7710607,30.7228163
4833880565,76.7708459,30.7215839
4833880570,76.7711495,30.7221194
4833890260,76.7676527,30.7241498
4833890265,76.7681466,30.7235832
4833890269,76.7677746,30.7238733
4833915073,76.750429,30.7070866
4833915079,76.7512864,30.7067442
4833915088,76.7501936,30.7076924
4833915099,76.7483309,30.7098817
4833915106,76.7471374,30.7112708
4833915108,76.7467988,30.71129
4833915109,76.7466316,30.7112789
4833915111,76.7465815,30.710921
4833915117,76.7501641,30.7073934
4833915522,76.7503859,30.706171
4833930788,76.7404087,30.7094309
4833930792,76.7403613,30.708767
4833930796,76.7410684,30.7093122
4833930797,76.7410756,30.7086527
4833930802,76.7411307,30.7092127
4833930807,76.7404303,30.7086896
4833943620,76.741212,30.7071965
4833943726,76.7402025,30.7083408
4834415319,76.7837994,30.7372886
4834417222,76.7843708,30.7371423
4834417226,76.7844065,30.7376696
4834417227,76.7837843,30.7378429
4834417228,76.7842441,30.737713
4836714602,76.7791748,30.7423763
4836750312,76.7740204,30.7380266
4836750314,76.7745017,30.7383154
4836750315,76.7746778,30.7371822
4836750316,76.7752152,30.7374942
4836750317,76.7759852,30.7356995
4836750320,76.77652,30.736029
4836751021,76.7722177,30.7328142
4836751023,76.7729563,30.7322091
4836751026,76.7737377,30.7309045
4836751031,76.7772866,30.7332065
4836751033,76.7774963,30.7329137
4836751034,76.7772683,30.7342255
4836751036,76.7777683,30.7345638
4836781778,76.7702534,30.7283451
4836781790,76.7706339,30.7297978
4836781792,76.768242,30.7341477
4836781800,76.7584957,30.727135
4836781802,76.757107,30.7268692
4840845112,76.763501,30.7319059
4840845113,76.7636508,30.732009
4840887996,76.7590611,30.7280491
4840888010,76.757911,30.7293908
4840888011,76.7584596,30.7287494
4840893117,76.7521967,30.7254483
4840893329,76.7547825,30.7224305
4840894629,76.7532401,30.7263618
4840894632,76.7535829,30.7259507
4840907036,76.7468742,30.7213607
4840907038,76.7462776,30.7221469
4842907150,76.7157,30.7373405
4842928895,76.7172936,30.7349551
4843002567,76.719602,30.7373213
4843002570,76.7189486,30.7369788
4843002577,76.7177511,30.7361874
4843004916,76.7198598,30.7366372
4843010219,76.717827,30.7353347
4843010220,76.7179073,30.7353923
4843019962,76.7198224,30.7344925
4843019963,76.7203262,30.7336532
4843019966,76.71996,30.7340825
4843019969,76.7196812,30.7344029
4843019973,76.7196289,30.7348875
4843019977,76.7216001,30.7356332
4843019980,76.721903,30.7358143
4843023757,76.7205023,30.7359833
4843023760,76.7205008,30.736405
4843023761,76.7207487,30.7365811
4843023762,76.7209888,30.7367279
4843023765,76.7212747,30.7364417
4843023767,76.7210165,30.7362786
4843023770,76.7197638,30.7369211
4843023773,76.7202159,30.7371487
4843023776,76.7207534,30.7374849
4843023777,76.7199886,30.7370281
4843023786,76.7207264,30.7365645
4843023787,76.7204964,30.7373313
4843027133,76.7203299,30.739678
4843027139,76.7189572,30.7413152
4843027140,76.7181552,30.7398959
4843027142,76.7178873,30.7401895
4843027146,76.719039,30.7388651
4843042353,76.7264131,30.7323971
4843042359,76.7268298,30.7325122
4843042366,76.7271266,30.7317462
4843042367,76.7274983,30.7326869
4843042376,76.7259177,30.7314987
4843042381,76.7265445,30.7315855
4843042382,76.7267086,30.731598
4843042387,76.7276031,30.7319037
4843042393,76.7277922,30.7308526
4843042397,76.7277698,30.7302013
4843042398,76.7275871,30.730797
4843042405,76.7273421,30.7302428
4843042406,76.7277152,30.7314696
4843042409,76.7282605,30.7314874
4843043487,76.7295388,30.7300218
4843043488,76.7296009,30.7299554
4843057123,76.7300908,30.7318056
4843057125,76.7305511,30.7311649
4843057126,76.7305229,30.7316227
4843057129,76.7305462,30.7306239
4843057130,76.7317893,30.7313241
4843057134,76.7317336,30.7301773
4843057135,76.7305771,30.7305205
4843057138,76.7305739,30.7317716
4843057140,76.7306524,30.732097
4843057142,76.7266783,30.7375791
4843057144,76.7261698,30.7382855
4843057147,76.7260777,30.7379606
4843061530,76.7228086,30.7430981
4843061531,76.7227522,30.7427049
4843065518,76.7214921,30.7430372
4843065621,76.7217037,30.7438408
4843065622,76.7229194,30.7438681
4843070100,76.7317034,30.7306771
4843070104,76.7309995,30.73049
4843070108,76.7321888,30.7289094
4843070109,76.7315348,30.7297931
4843070110,76.7316578,30.7300761
4843070111,76.7322461,30.7299423
4843070112,76.7318412,30.7300357
4843070116,76.7330791,30.728192
4843071521,76.7342926,30.7277831
4843071522,76.7338775,30.7278082
4843071525,76.7341698,30.7267354
4843071526,76.7344737,30.7277744
4843071529,76.7343154,30.7267857
4845165496,76.7795451,30.7726933
4845165501,76.7814355,30.7726082
4845313856,76.8075753,30.7619882
4845328409,76.8146481,30.7582504
4845328413,76.8171238,30.7581249
4845328415,76.817132,30.7575647
4845328417,76.8177972,30.7575324
4845328418,76.8177596,30.7570438
4847598362,76.7803862,30.7748426
4847598363,76.7808899,30.7747953
4847598364,76.7816152,30.7747355
4875657014,76.7149857,30.7562394
4875657019,76.7162185,30.7553886
4875657122,76.7171946,30.7552
4875657125,76.7177988,30.7542408
4875657127,76.719073,30.7545941
4925832050,76.7105529,30.7434763
4925832053,76.7105279,30.7443675
4925832055,76.7102468,30.7443025
4926473715,76.7194748,30.732667
4926497819,76.7108684,30.744587
4926498524,76.7119506,30.7451995
4926498525,76.7119902,30.7452526
4926498530,76.7127262,30.7459274
4926498555,76.7160811,30.7475693
4926498586,76.7183512,30.7515646
4926512104,76.7515714,30.7690821
4926512105,76.7522797,30.7690671
4926512111,76.7544042,30.7702171
4926512113,76.7548362,30.7701733
4926512120,76.752439,30.7675402
5336911927,76.7976522,30.6967796
5379852909,76.771479,30.7879902
5379893178,76.7516557,30.7707738
5379893179,76.7515903,30.7702141
5379893195,76.7544462,30.7728696
5379893197,76.7544545,30.7712773
5379910321,76.7546011,30.7700034
5379910323,76.7553341,30.7693355
5379910329,76.7590217,30.7728998
5379910332,76.7593594,30.7727822
5379910374,76.7671564,30.7749064
5379910375,76.7674773,30.7746021
5379910376,76.7672919,30.7747781
5379910380,76.7674662,30.7749112
5379910382,76.7666964,30.7749553
5379910383,76.7669213,30.7751298
5379910384,76.7664511,30.7755909
5379910385,76.7661661,30.7754768
5379910387,76.7694199,30.776139
5379910389,76.7680498,30.7750705
5379910390,76.7672657,30.7743954
5379910395,76.766191,30.774746
5379910602,76.7578107,30.7728071
5379910603,76.7577785,30.7722517
5379910604,76.7567906,30.772291
5379910605,76.7567968,30.7727702
5379910628,76.7568464,30.7696659
5379910629,76.7559246,30.7696777
5379910644,76.7550615,30.7701637
5379910645,76.755927,30.7701547
5379910646,76.7568495,30.7701452
5379910652,76.7568585,30.7715102
5379910653,76.7567888,30.7721526
5379910654,76.7568304,30.7677138
5379910656,76.755914,30.7676631
5379910657,76.7555067,30.7676424
5379910665,76.754187,30.7688662
5379910673,76.7552009,30.7676148
5379910675,76.7557641,30.766633
5379910676,76.7549917,30.7677162
5512879937,76.8253914,30.6829207
5512879947,76.8253738,30.682732
5512879950,76.8252078,30.6868
5512879956,76.8247659,30.6873376
5512879960,76.8277342,30.6845359
5512884937,76.8271202,30.6852208
5512884938,76.8270205,30.6851738
5512885434,76.8148697,30.68998
5512885435,76.8148795,30.6900886
5512893308,76.8150395,30.6902241
5512893323,76.8231816,30.6885957
5512893338,76.823132,30.688393
5512977115,76.7409488,30.7193233
5513029958,76.7468758,30.7153416
5513029961,76.7442061,30.71862
5513072743,76.7442847,30.7185119
5513120080,76.7978373,30.704751
5513120081,76.7957745,30.7067718
5513120086,76.8006692,30.7019674
5513120090,76.8032809,30.7003642
5513120092,76.8011169,30.7067951
5522014417,76.7573881,30.7195251
5522014418,76.7570897,30.7195826
5522019992,76.7568264,30.7198066
5522019993,76.7577008,30.7196877
5522019997,76.7578218,30.7196399
5522020001,76.756754,30.7197593
5522055805,76.7623676,30.7233056
5522055807,76.7624451,30.7233383
5522055811,76.7637197,30.7216564
5522073456,76.7625839,30.7230433
5522073457,76.7629902,30.7225443
5522073458,76.7630857,30.7225701
5522073459,76.7631632,30.7229988
5522073460,76.7626009,30.7231568
5522073461,76.7631726,30.7230926
5524067518,76.7538152,30.7218306
5524133636,76.7567043,30.7235653
5524133637,76.75714,30.7232353
5524133638,76.7574812,30.7228147
5524165793,76.7728155,30.7519403
5524165799,76.7733483,30.7512616
5524165800,76.7730002,30.751641
5524165804,76.7726535,30.7514291
5524165805,76.772866,30.7511537
5524165806,76.772039,30.7521576
5524165807,76.7726033,30.7511062
5524165809,76.7720167,30.7518293
5524165810,76.771844,30.7520389
5524165811,76.7717616,30.7516923
5524467459,76.8402151,30.7302469
5526598247,76.7496143,30.7256057
5526598248,76.749957,30.7253045
5526598252,76.751655,30.7262016
5526598257,76.7519176,30.7261478
5526598258,76.7520335,30.7260142
5526610529,76.7511574,30.7256164
5526610530,76.7513283,30.7263777
5526610534,76.7513938,30.7264357
5526610538,76.7521811,30.725476
5526610539,76.7522673,30.7261788
5526610542,76.751171,30.7255202
5526610543,76.7520954,30.725414
5526610547,76.7513247,30.7260737
5526774519,76.7738509,30.730065
5526816883,76.7771675,30.697044
5526816884,76.7770756,30.6965509
5526816887,76.7773968,30.696975
5526816888,76.7785445,30.6968626
5526816891,76.778221,30.6961224
5526816892,76.7785032,30.6966421
5526899723,76.7375289,30.6980504
5527027187,76.7808452,30.7120496
5527027189,76.7791416,30.7139267
5527027198,76.7791529,30.7145091
5527027204,76.7791066,30.7141454
5527027215,76.7822238,30.7101705
5527027216,76.7824264,30.7103179
5527027217,76.7830818,30.7096985
5560188512,76.7671994,30.6897129
5560188517,76.7661229,30.6898964
5727973108,76.7458341,30.7238434
5727973109,76.7451632,30.7234161
5727973115,76.7461619,30.7234657
5727973116,76.745483,30.7230356
5763187432,76.810569,30.6696952
5763187435,76.8122706,30.6709593
5763203905,76.8094085,30.674225
5763203907,76.8101095,30.672048
5763203908,76.8097382,30.6743796
5763203909,76.8088242,30.6739592
5763203910,76.8096014,30.6745642
5763203912,76.8096749,30.6738433
5763203913,76.8091992,30.6736152
5763203914,76.8103283,30.6736875
5763203915,76.8099303,30.6734772
5763203917,76.8096311,30.6728092
5763203918,76.8101918,30.6731024
5763203919,76.809985,30.6724833
5763203920,76.8104513,30.6727306
5763203921,76.8094981,30.6732654
5809216183,76.7748339,30.7332726
5968628412,76.7556929,30.786447
5968628415,76.7555697,30.7866049
5968628417,76.7559501,30.7866532
5968628422,76.7559558,30.7861942
5968628424,76.7557198,30.786285
5968628425,76.7561492,30.7863721
5968628427,76.7558844,30.7861934
5968713121,76.7545806,30.7811035
5997964480,76.7645323,30.6856414
5998535498,76.8142243,30.7540058
5998535501,76.8163293,30.7534518
5998535502,76.8131752,30.7578868
5998535503,76.8146038,30.7577963
5998535512,76.8148207,30.7551606
5998535514,76.8155674,30.757644
5998535515,76.8145482,30.7551698
5998535516,76.8154018,30.7551364
5998535517,76.8165949,30.7550349
5998535518,76.8166044,30.7551784
5998535519,76.8169702,30.7551561
5998535520,76.8176273,30.7551238
5998535522,76.8165629,30.7545537
5998535523,76.8165258,30.7535444
5998535526,76.8154326,30.7557034
5998535527,76.8169293,30.7545348
5998535546,76.8220925,30.7571786
5998535554,76.8228484,30.7566529
5998535556,76.823262,30.7573054
5998535565,76.8222186,30.7566278
5998535568,76.8263031,30.7572778
5998535574,76.828385,30.7564456
5998535576,76.8290059,30.756598
6024343223,76.7253882,30.7552655
6024343245,76.7296847,30.7572211
6024343247,76.7303717,30.7574437
6024343252,76.7296851,30.7563396
6024343254,76.7351087,30.7562426
6024343256,76.7352104,30.7568813
6024343257,76.734648,30.7568885
6024343258,76.7351943,30.7565447
6024343259,76.7346378,30.7565609
6024343260,76.7346284,30.7562566
6024343261,76.7346445,30.7539693
6024343262,76.7346257,30.7554061
6024343263,76.7346579,30.7572086
6024343268,76.7213917,30.7511602
6024343269,76.7222578,30.7511487
6024343270,76.7222741,30.7518633
6024343273,76.7220362,30.7500872
6024343274,76.7126707,30.7439762
6024343278,76.7110724,30.7430735
6024343279,76.7126074,30.7434356
6112804138,76.7880691,30.7611497
6163999707,76.7660958,30.6897226
6163999708,76.7658011,30.688809
6170023776,76.7574371,30.7850005
6170023777,76.7575631,30.7848959
6170029185,76.7686992,30.7766029
6170029188,76.7691998,30.7763679
6170029193,76.7704509,30.7746306
6170029208,76.7695855,30.7679649
6170029213,76.7700096,30.7667836
6170029215,76.770796,30.765742
6170029217,76.7722286,30.7639685
6170029218,76.7719791,30.7639236
6170029224,76.7721462,30.764013
6170029236,76.7722299,30.7638296
6170029246,76.7691073,30.7681825
6170029261,76.7710623,30.7668741
6170029267,76.770206,30.7668901
6170051839,76.770172,30.7754251
6170051843,76.7699306,30.7758173
6170051850,76.7687729,30.7766786
6170051862,76.7598563,30.7831891
6241068244,76.7544848,30.7658079
6241083254,76.8077863,30.7241447
6241099406,76.8183866,30.7013361
6241105280,76.7416899,30.6931047
6241105281,76.7397782,30.6924896
6241105282,76.7406712,30.6930284
6241105283,76.7402878,30.6927964
6241105284,76.7397624,30.6934464
6241105286,76.7398697,30.6935111
6241105287,76.7392632,30.6931446
6241121197,76.7483711,30.7691303
6241128850,76.7806156,30.7296912
6241132109,76.7809406,30.7389093
6241132110,76.7808438,30.7388391
6241133969,76.8178606,30.6996158
6241133971,76.8177888,30.6996155
6241143531,76.7878127,30.7524068
6241167504,76.7570725,30.6924079
6241167505,76.7552584,30.6934149
6241167523,76.7550348,30.6920563
6241176372,76.7759387,30.7486706
6241178332,76.7529896,30.7666101
6241179047,76.7805482,30.6935105
6241213900,76.7426849,30.6951895
6241213903,76.7422148,30.6949278
6241213906,76.7416692,30.695891
6241231256,76.810289,30.6769614
6241244433,76.7802595,30.7397224
6241244434,76.7801571,30.7396605
6241269697,76.7691747,30.7356953
6241282388,76.7572943,30.6885545
6243119651,76.8172491,30.7594135
6243119654,76.8151537,30.7586918
6243119657,76.8153609,30.7586872
6243119658,76.8153467,30.758216
6243130802,76.7367026,30.7344889
6243130803,76.7374577,30.7349677
6243130804,76.7368723,30.7349494
6243141580,76.7573534,30.686481
6243141581,76.7564982,30.6859495
6243141582,76.7570691,30.6868224
6243141583,76.756206,30.686304
6243141584,76.7574781,30.6863346
6243141888,76.7575827,30.6861973
6243163268,76.7619043,30.7038088
6243172192,76.7405322,30.6970826
6243172193,76.7402814,30.6973673
6243172196,76.740721,30.6967807
6243172197,76.7411594,30.6970528
6243172198,76.7405994,30.6963205
6243172201,76.7403995,30.6966663
6243172202,76.7399861,30.6971866
6243172203,76.7407065,30.6976239
6243172210,76.7409101,30.6964913
6243172211,76.7409232,30.6973562
6243172212,76.7402288,30.6968879
6243172213,76.7407587,30.6962316
6243175528,76.7288004,30.7366112
6243214931,76.7483577,30.6945727
6243227416,76.767869,30.7290996
6243227420,76.7673655,30.7287887
6243256787,76.8427542,30.7295255
6243256788,76.8427966,30.7296095
6243256857,76.8010787,30.7198552
6243256861,76.8015761,30.7198014
6243256864,76.8016715,30.7197998
6243256868,76.8018291,30.7203233
6243398637,76.7559832,30.7865839
6243746009,76.7524302,30.7165801
6257267310,76.8073984,30.7227783
6257267311,76.8070725,30.7229621
6257267323,76.8092648,30.7206904
6257267330,76.8114922,30.7186909
6324492820,76.7525143,30.6882875
6324492821,76.75185,30.6879016
6324492822,76.7522186,30.6886512
6324492825,76.7515617,30.6882562
6324492832,76.7522463,30.6886171
6324492834,76.7534715,30.6893538
6324492837,76.7540595,30.6886306
6324493470,76.7677609,30.7195731
6324503009,76.7554511,30.7439584
6324511425,76.7902182,30.6902725
6324511871,76.7715023,30.7678162
6324511872,76.7709217,30.7675195
6324512294,76.8021426,30.7233902
6324513445,76.8272148,30.7145678
6324513446,76.8265248,30.7140793
6324514833,76.7886213,30.7057417
6324514836,76.7866308,30.7072121
6324516528,76.7566984,30.6999279
6324516535,76.7588975,30.6979484
6324516536,76.7453717,30.7413062
6324516537,76.7446934,30.7408606
6324516879,76.7559862,30.690975
6324516880,76.7559325,30.6909406
6324524272,76.7499684,30.7126965
6324524273,76.749371,30.712309
6324524274,76.7486515,30.713146
6324526584,76.7414117,30.7210143
6324526674,76.7530954,30.6984724
6324533649,76.7803945,30.7217932
6324533650,76.7798997,30.7214533
6324533651,76.7994158,30.6917919
6324533658,76.8007172,30.6930217
6324533659,76.802627,30.6911638
6324533660,76.8025786,30.6912524
6324535882,76.7860022,30.7256895
6324536588,76.7845999,30.7246566
6324536833,76.7985324,30.7533235
6324545331,76.7419952,30.7203139
6324545334,76.7367507,30.7179659
6324545335,76.736754,30.7173041
6324545339,76.7353734,30.7172881
6324545344,76.7377773,30.7165179
6324545348,76.7388743,30.7165017
6324547999,76.7428918,30.6934943
6324548000,76.7430642,30.6936033
6324548001,76.7411352,30.6937865
6324548002,76.7423049,30.6945262
6324548003,76.741983,30.6938573
6324548004,76.7417201,30.6941687
6324548005,76.7428252,30.6939219
6324548006,76.7434297,30.6942999
6324548007,76.7422459,30.6935667
6324548008,76.7416312,30.6931744
6324548010,76.7436781,30.6939911
6324548012,76.7431846,30.6946046
6324548013,76.7425677,30.6942171
6324548956,76.7878166,30.7339167
6324551053,76.8286091,30.7182405
6324551062,76.8282685,30.7179887
6324551073,76.8279662,30.7177741
6324551074,76.8277903,30.7175846
6324551075,76.8275679,30.7174358
6324551176,76.7640724,30.734697
6324551295,76.8272581,30.7172803
6324551296,76.8269924,30.7176209
6324551637,76.7335155,30.7447972
6324564379,76.7677201,30.7303546
6324569169,76.8122937,30.7203803
6324569199,76.772311,30.7213809
6324569202,76.7725764,30.721302
6324569209,76.7727318,30.7208506
6324577599,76.7541828,30.7068402
6324577600,76.7542234,30.7060632
6324577601,76.7536163,30.7056676
6324581588,76.7680446,30.7327654
6324581589,76.7685959,30.7320999
6324581590,76.7673889,30.733526
6324585987,76.7648304,30.7196147
6324588355,76.7386004,30.717829
6324588363,76.7367389,30.7178923
6324588379,76.733424,30.7157262
6324601177,76.7582239,30.7545784
6324601178,76.7575299,30.7554222
6324605742,76.8292811,30.7174414
6324605743,76.8290041,30.7172506
6324605760,76.8286873,30.7170039
6324605761,76.8284794,30.7168649
6324605777,76.8282817,30.716715
6324605778,76.8278959,30.7164352
6324610679,76.7553837,30.738281
6324610680,76.7550306,30.7387319
6324614974,76.8001543,30.7094952
6324642277,76.7762697,30.7085783
6324642278,76.7750734,30.7099605
6324643487,76.7341858,30.7562562
6324643488,76.734207,30.7568956
6324643489,76.7338479,30.7562559
6324643490,76.7338585,30.7569012
6324643491,76.7332329,30.7569112
6324654089,76.8203453,30.7080827
6324654095,76.8197172,30.7076791
6324654096,76.8196841,30.7076067
6324654106,76.8200142,30.7069806
6324654150,76.7574648,30.6875213
6324654151,76.7570034,30.6880334
6324654152,76.7573788,30.6882698
6324654153,76.7554626,30.686771
6324654154,76.7552631,30.6870146
6324654156,76.7564884,30.6877197
6324656527,76.7876398,30.7204342
6324657757,76.8262553,30.6960115
6324662129,76.8038497,30.6796119
6324662130,76.8027297,30.6808573
6324662132,76.8009192,30.6795078
6324670180,76.7727826,30.6961474
6324670181,76.7725652,30.6964063
6324678307,76.7592914,30.7268444
6324679376,76.7819092,30.721188
6324679382,76.7812252,30.721827
6324681809,76.7623883,30.6904082
6324681812,76.7618459,30.6909105
6324683545,76.8164865,30.7575842
6324683546,76.8163866,30.7556431
6324694253,76.8177125,30.7598408
6324700690,76.7497321,30.7379407
6324701234,76.8428475,30.7192918
6324702733,76.7516193,30.705717
6324702734,76.7558966,30.701189
6324702735,76.7553368,30.7014826
6324702736,76.7553216,30.7018812
6324702737,76.7519313,30.7056772
6324702738,76.7535088,30.7039344
6324702739,76.7533429,30.7056736
6324702740,76.7535214,30.7057832
6324707149,76.8317882,30.7137654
6324707157,76.8311947,30.7132834
6324707164,76.8313583,30.7134381
6324707165,76.8315587,30.7136031
6324707172,76.8322123,30.7141013
6324707179,76.8324921,30.7142858
6324707180,76.832766,30.7144685
6324707874,76.7302457,30.7091098
6324719163,76.7325668,30.7327994
6324719164,76.7319596,30.7324416
6324720321,76.7706478,30.7349541
6324720893,76.8081729,30.7342292
6324724764,76.7408883,30.7182781
6324724765,76.7404287,30.7183522
6324724766,76.7428292,30.7154387
6324773498,76.7546573,30.7520897
6324773499,76.7542491,30.7518131
6324773500,76.7538003,30.7515068
6324797296,76.7605526,30.6957639
6324797297,76.7605063,30.696173
6324799278,76.7572859,30.6869406
6324799279,76.7580852,30.6874381
6324799284,76.7581969,30.6867993
6324799285,76.7583121,30.6866643
6324799286,76.754863,30.6863553
6324799288,76.7552783,30.6868999
6324799291,76.7567378,30.687446
6324799292,76.757381,30.6876052
6324799295,76.7566492,30.6873868
6324799296,76.7562183,30.6879006
6324799298,76.7565548,30.6873277
6324799302,76.7541334,30.6866159
6324799305,76.7565017,30.6873887
6324799306,76.756298,30.6876321
6324809050,76.7576739,30.7528775
6324809054,76.7572099,30.7537949
6324809055,76.7577292,30.7541791
6324809056,76.7570301,30.7536699
6324809057,76.7581164,30.7523351
6324838280,76.7344246,30.7544095
6324838281,76.7344057,30.7554093
6324838282,76.7338638,30.7554171
6324838283,76.7338454,30.7544202
6324838739,76.8096659,30.706
6324838740,76.8084573,30.7067261
6324838785,76.7336092,30.7554159
6324838787,76.7346336,30.7544057
6324838790,76.7331876,30.7554268
6324847428,76.7635202,30.6898843
6324847429,76.7623004,30.6891219
6324847430,76.7636425,30.6897357
6324847431,76.7624176,30.6889761
6324847432,76.7632746,30.6902081
6324847434,76.7631728,30.690345
6324847435,76.7619103,30.6895677
6324847436,76.7617994,30.6896963
6324847440,76.7630813,30.690468
6324847443,76.7620198,30.6894298
6324847444,76.7618879,30.6893561
6324851862,76.7410679,30.7180368
6324851864,76.7410142,30.7176591
6324851865,76.7396632,30.7183933
6324873726,76.7199636,30.7378302
6324873727,76.719095,30.7389003
6324874577,76.7521432,30.7124594
6324874578,76.7514056,30.713391
6324901516,76.8023596,30.6910158
6324901530,76.7987064,30.6902996
6324901536,76.7975731,30.6916816
6324907017,76.7311667,30.7131024
6324907018,76.7312182,30.7130411
6324921541,76.7957592,30.7105297
6324921542,76.7959858,30.7118417
6324953124,76.741233,30.7193212
6324953126,76.7410523,30.7186716
6325053937,76.7495334,30.7058686
6329857149,76.8009001,30.7292685
6329858327,76.7982546,30.7550783
6329858329,76.7982852,30.7550477
6329858330,76.797097,30.754529
6329858331,76.7981699,30.7551629
6329859307,76.8076926,30.7207702
6329859310,76.806812,30.7202096
6329859515,76.7502603,30.7505275
6329862388,76.8047287,30.731687
6329865543,76.7533582,30.7005919
6329865545,76.752834,30.7004786
6329865546,76.7530896,30.7001769
6329865549,76.7541844,30.6999623
6329865551,76.8249679,30.7585304
6329865574,76.8240371,30.7573422
6329865582,76.8233559,30.7573353
6329868585,76.7671388,30.6924519
6329877428,76.7553163,30.7008825
6329877430,76.7530602,30.7034311
6329877432,76.7549609,30.7013369
6329877434,76.7513627,30.7054189
6329877435,76.7514211,30.7056906
6329884497,76.7600799,30.695714
6329884498,76.7605257,30.6955512
6329884503,76.7584022,30.6975409
6329889622,76.8349307,30.7161717
6329891156,76.8274757,30.6974784
6329891157,76.8276326,30.6979182
6329893802,76.7444553,30.7270115
6329893803,76.7452444,30.7275317
6329893804,76.7456401,30.7270265
6329893805,76.7448612,30.7280211
6329894447,76.7453263,30.7268352
6329894448,76.7449171,30.7273159
6329900137,76.8304235,30.7023355
6329900138,76.8307196,30.703231
6329900139,76.8312013,30.7030967
6329901726,76.8024799,30.7404286
6329901730,76.8019626,30.7400422
6329901731,76.8027136,30.7391592
6329906529,76.7557955,30.7415628
6329908823,76.7515281,30.7501336
6329908826,76.7509234,30.7498288
6329908827,76.752803,30.7485946
6329908831,76.7509469,30.7508352
6329931846,76.739227,30.7539584
6329937130,76.7436044,30.7544507
6329937131,76.7436165,30.7541234
6329937132,76.7431201,30.7541326
6329937133,76.7425919,30.7534458
6329937134,76.7425974,30.7538398
6329937135,76.7420554,30.7538571
6329937138,76.7431219,30.753961
6329938446,76.7438967,30.7541199
6329938447,76.7438977,30.7544516
6329945294,76.7571114,30.7438173
6329945295,76.7560983,30.74317
6329945296,76.7574941,30.7400975
6329945302,76.7563347,30.7418916
6329945310,76.7543577,30.7442585
6329950442,76.7471551,30.7634747
6329951847,76.7619962,30.743536
6329951848,76.7616397,30.7439534
6329966012,76.767118,30.7361507
6329966013,76.7669409,30.7363674
6329966014,76.7672197,30.7365412
6329966015,76.766713,30.7362152
6329970036,76.7705485,30.7405563
6329970974,76.7626011,30.7363812
6329990810,76.8048857,30.7145577
6329990811,76.8045369,30.7149563
6329990814,76.7932038,30.7159045
6329990815,76.7935954,30.7154479
6329991937,76.8119591,30.7239979
6329991938,76.8123558,30.7235961
6329991939,76.8113691,30.7242124
6329991940,76.8121539,30.7234475
6329991941,76.8129802,30.723165
6329991942,76.8124708,30.7236808
6329991943,76.8134761,30.724468
6329992663,76.8030565,30.6912823
6329992665,76.8087492,30.677524
6329995337,76.7891879,30.7443122
6329995338,76.7875013,30.7462735
6329996135,76.7686316,30.7331223
6329997656,76.7335501,30.7305598
6329997657,76.7332578,30.7303719
6329999448,76.7305332,30.7115487
6329999449,76.7300371,30.7112323
6329999450,76.730449,30.711649
6330006057,76.7420555,30.7153119
6330006058,76.740725,30.7153672
6330006059,76.7407277,30.7157592
6330006060,76.7420514,30.7157223
6330006061,76.7408189,30.7157569
6330006062,76.7408189,30.7160313
6330006063,76.7420581,30.7160013
6330006064,76.7420826,30.7148941
6330007470,76.8312053,30.7110815
6330007471,76.8328582,30.7105101
6330007472,76.8325358,30.709809
6330007473,76.8332992,30.7114814
6330007474,76.8327293,30.7120137
6330007480,76.8349909,30.7094826
6330010809,76.8130445,30.6745727
6330010810,76.812832,30.6745774
6330010823,76.8115855,30.6725779
6330010828,76.8100401,30.6752724
6330013306,76.7552604,30.701355
6330019114,76.7360839,30.7181481
6330019115,76.735243,30.7192471
6330021824,76.7618641,30.6941464
6330021825,76.7618582,30.6938158
6330021828,76.7635828,30.6919695
6330021833,76.7659376,30.6900919
6330021839,76.7623597,30.6941687
6330021841,76.7620392,30.6941791
6330021842,76.7641725,30.6923207
6330025932,76.7390422,30.7315669
6330025933,76.7384702,30.7313035
6330025937,76.7394154,30.7309803
6330030918,76.7536451,30.7189546
6330038566,76.7624053,30.6873898
6330038567,76.762689,30.6875623
6330038569,76.7629035,30.688238
6330038570,76.7626347,30.6881003
6330038572,76.7626052,30.6875075
6330038573,76.7615189,30.6882013
6330038574,76.7607102,30.6877231
6330038575,76.7610841,30.6879468
6330038576,76.7613472,30.6871742
6330038577,76.7615935,30.6868782
6330038578,76.7612185,30.6870923
6330038580,76.7621694,30.6872858
6330038581,76.7617964,30.6870039
6330038582,76.7616396,30.6871799
6330038583,76.7619334,30.6868501
6330038788,76.7627433,30.6873599
6330038794,76.7609207,30.688139
6330038795,76.7608295,30.6882292
6330038796,76.7728409,30.7520287
6330039086,76.8408372,30.7139618
6330039090,76.8401143,30.7136331
6330039091,76.8399802,30.7134925
6330048209,76.7498543,30.7516374
6330048213,76.7489501,30.7516985
6330050948,76.8305474,30.7155223
6330050956,76.8309726,30.7158272
6330050958,76.8312398,30.7160381
6330050970,76.8301214,30.715196
6330050979,76.8296815,30.714883
6330050980,76.8294702,30.714734
6330058850,76.8349866,30.7093715
6330060300,76.7800406,30.763087
6330060301,76.7799639,30.7630484
6330060302,76.780205,30.7628424
6330060303,76.7801173,30.7628094
6330060304,76.7798237,30.7633902
6330060305,76.7797573,30.7633469
6330060306,76.7805344,30.7623357
6330060313,76.780462,30.7620707
6330060314,76.779979,30.7616098
6330060316,76.7806853,30.7620672
6330060954,76.7652219,30.7787526
6330060959,76.7695522,30.7712408
6330076723,76.8439582,30.7237975
6330076726,76.8435562,30.7239985
6330076797,76.8432222,30.7132242
6330088287,76.8301304,30.7167169
6330088300,76.8294761,30.7162327
6330088308,76.8298563,30.7165106
6330088319,76.8291852,30.7160222
6330088328,76.8288092,30.7157499
6330088329,76.8292608,30.7160768
6330088336,76.8303689,30.7168891
6330088337,76.8296725,30.7163749
6330088338,76.8286127,30.7156052
6330096878,76.8339968,30.7235239
6330096879,76.8341866,30.7231091
6330096882,76.8334597,30.7225914
6330108865,76.8319009,30.7098558
6330108866,76.8319309,30.7099239
6330113601,76.8293452,30.7196624
6330113604,76.827768,30.7208903
6330132141,76.7700845,30.7129436
6330135512,76.7194148,30.7407992
6330135571,76.7236215,30.7351709
6330135805,76.8026489,30.7186027
6330135808,76.8035965,30.7173013
6330135809,76.8035694,30.7172473
6330138623,76.7621105,30.7039299
6330152635,76.8347914,30.7177976
6330152638,76.8331046,30.7170833
6330166451,76.7606199,30.6870474
6330166452,76.7606806,30.6870893
6330167268,76.7778263,30.7109785
6330181440,76.7669662,30.6959141
6330201288,76.7385137,30.7388889
6330201297,76.738527,30.7387411
6330201298,76.7387308,30.7388445
6330201379,76.7336252,30.7558717
6330205853,76.8058501,30.7249215
6330205854,76.8057164,30.7248279
6330206092,76.7275162,30.7363691
6330206093,76.7272035,30.7364359
6330211510,76.7434007,30.7328961
6330211511,76.742712,30.7337813
6330229553,76.7895811,30.7065302
6330229557,76.788478,30.7058725
6330231548,76.7470338,30.7015915
6330336454,76.7546356,30.7058587
6330336455,76.7548848,30.7055489
6330336456,76.7547204,30.7054537
6330347755,76.7318563,30.7400099
6330347756,76.7317152,30.7403187
6330347760,76.7311656,30.7404723
6330347764,76.7310403,30.7399015
6330347767,76.7311107,30.7398404
6330347768,76.7319078,30.7403343
6330347769,76.7317937,30.7397511
6330356049,76.7459339,30.7604031
6330356050,76.7448717,30.7602038
6330359035,76.8237555,30.6906858
6330370587,76.7992653,30.7225509
6330373151,76.8337672,30.7234599
6330373161,76.8336388,30.7227787
6330373162,76.8341583,30.7200607
6330373170,76.8329568,30.7223015
6330373171,76.8301144,30.7213994
6330373174,76.8298092,30.7219043
6330373176,76.8298883,30.7227573
6330373177,76.8356368,30.7202178
6330373179,76.8348357,30.7218305
6330373193,76.830681,30.7211157
6330373195,76.8304798,30.7209889
6330373202,76.8301786,30.719744
6330373214,76.829702,30.7211895
6330373223,76.8280681,30.7213947
6330375385,76.8317982,30.7149257
6330375396,76.8313992,30.7146422
6330375407,76.8309558,30.714307
6330375418,76.8305316,30.7140082
6330375419,76.8303166,30.7138535
6330437150,76.7909322,30.6931638
6330437151,76.7912913,30.6933426
6330437152,76.79071,30.6941569
6330437153,76.7916308,30.6935284
6330437155,76.7903625,30.693972
6330437768,76.754951,30.6891886
6330437769,76.7546672,30.6895488
6330437777,76.7543319,30.6899271
6330438498,76.7564608,30.7860865
6330438499,76.7563117,30.7859522
6330443670,76.7368236,30.7357099
6330448823,76.7737189,30.7678513
6330448824,76.7732223,30.7685231
6330448825,76.772575,30.768171
6330449953,76.7389525,30.7180669
6330450875,76.831992,30.7152634
6330513513,76.7906059,30.6929832
6330513514,76.7900063,30.6937723
6332117670,76.7319795,30.707038
6332117672,76.7314164,30.7070078
6332121289,76.7337241,30.7438862
6332123907,76.7216669,30.7595102
6332123910,76.7213809,30.7598915
6332123911,76.721961,30.7591041
6332123912,76.72122,30.7601274
6332124769,76.7642047,30.7029179
6332124770,76.7639875,30.7031675
6332134008,76.7924319,30.7287989
6332134009,76.7924965,30.7288363
6332134844,76.7624542,30.7154495
6332149984,76.7725384,30.7009567
6332152320,76.8321159,30.7151356
6332152349,76.8012383,30.6909092
6332152350,76.8013376,30.6906121
6332152353,76.8015817,30.6897818
6332152356,76.8024185,30.6900609
6332162150,76.8434907,30.7132465
6332162789,76.8135288,30.7572163
6332162795,76.8133747,30.7555611
6332174686,76.7436434,30.7109294
6332174687,76.7440108,30.7111624
6332174688,76.7436835,30.7115473
6332174689,76.7433093,30.7113271
6332476671,76.8028122,30.6757145
6332476672,76.8027713,30.6757973
6332535472,76.8275141,30.7185125
6332535478,76.8276726,30.7186544
6419892666,76.7532528,30.7454438
6419892671,76.7530435,30.7447967
6419892672,76.7533606,30.7456358
6419892680,76.7541113,30.7454488
6419892688,76.7538909,30.7445889
6419892689,76.754328,30.7454942
6419892692,76.7541836,30.7445012
6473192769,76.7653827,30.7303313
6473192770,76.7658731,30.7306145
6473250337,76.7507574,30.7147882
6473296374,76.7566473,30.7303566
6473304156,76.757567,30.7106986
6473377266,76.7905752,30.7190356
6473425816,76.7905953,30.7122933
6473458186,76.7469414,30.7129505
6473458190,76.7452335,30.7131486
6473544601,76.75591,30.7091166
6473544603,76.7554303,30.7087881
6473548105,76.7450139,30.7222167
6473548107,76.7443059,30.7229586
6473608738,76.7415421,30.7170008
6474168584,76.7791117,30.7054507
6474206286,76.742173,30.7162351
6474225822,76.7810154,30.7355541
6474225823,76.7809375,30.7356529
6474281799,76.7394725,30.7164164
6474281800,76.7403924,30.7164095
6474281801,76.7403782,30.7157731
6474309738,76.7641143,30.7028596
6474460820,76.799597,30.722233
6474460822,76.7990292,30.7219188
6474536587,76.7353253,30.7178466
6474552736,76.7525174,30.7011265
6474552737,76.7532241,30.7015813
6474552739,76.7521325,30.7028751
6474572152,76.7841425,30.7362505
6474572154,76.7839963,30.7363038
6474611249,76.7823257,30.7372558
6474611250,76.7822254,30.7371865
6474868668,76.7547631,30.6998806
6475011821,76.7648301,30.7011155
6475011827,76.7654118,30.6995604
6475058832,76.7530313,30.6984365
6475062805,76.7654781,30.7464692
6475079953,76.7397307,30.6980358
6475079954,76.7399583,30.6977508
6475085851,76.7612747,30.7459784
6475106032,76.7419186,30.6960865
6475160522,76.8104211,30.7201326
6475166934,76.8111142,30.7170133
6475173793,76.7364881,30.7353942
6475173797,76.7367745,30.7357678
6475174493,76.7403986,30.6933642
6475174569,76.7338827,30.7369599
6475180324,76.7606297,30.7458584
6475185446,76.8166543,30.7181366
6475195003,76.7396031,30.6938515
6475195004,76.7392002,30.6936053
6475214473,76.7288825,30.7334387
6475224988,76.7908188,30.7409811
6475343219,76.7658705,30.6899617
6475390183,76.8001059,30.6925588
6475391890,76.8008436,30.6909118
6475396474,76.7536704,30.6902974
6475426614,76.8293516,30.7096106
6475426618,76.8287744,30.7095134
6475429961,76.7977914,30.6912705
6475429962,76.7970112,30.6909581
6475429964,76.7962729,30.6920489
6475489071,76.7643209,30.6885816
6475489072,76.7635681,30.6881273
6475489074,76.7628951,30.6886804
6475489075,76.7635574,30.6878851
6475489076,76.7645962,30.6885388
6475489077,76.7640741,30.689161
6475489078,76.7644436,30.6884366
6475489079,76.7639058,30.6890683
6475489082,76.7630428,30.6887706
6475489083,76.7642959,30.6893577
6475489084,76.7642232,30.6892787
6475489386,76.7637052,30.6879687
6475489387,76.7631554,30.6886252
6475500743,76.8267425,30.7131859
6475500744,76.8259691,30.713995
6475502728,76.7567378,30.7521191
6475502730,76.7569792,30.7524441
6475513566,76.8318494,30.7127642
6475513574,76.8321094,30.7128875
6475513575,76.8329824,30.7135501
6475513582,76.8325904,30.7132238
6475514190,76.8328199,30.7133861
6475526348,76.7518572,30.7499941
6475526349,76.7517149,30.7499081
6475537679,76.7507244,30.7495334
6475551841,76.8030258,30.6879227
6475551845,76.8042846,30.6862562
6475551847,76.8029957,30.6844353
6476965865,76.7245754,30.7405767
6536597870,76.7478141,30.7094927
6536634015,76.7643833,30.7025372
6536634016,76.7644713,30.7025934
6536674732,76.7289586,30.7279605
6536674744,76.7283793,30.7292047
6536750653,76.7720114,30.7106565
6536766567,76.7828238,30.7099
6536766572,76.7822986,30.7098397
6543967589,76.8295574,30.7096665
6543967590,76.8294766,30.7097198
6543994856,76.8203866,30.6898597
6543994857,76.8203988,30.6895922
6544011933,76.7574711,30.7264257
6544039201,76.7334053,30.7129736
6581097852,76.7201978,30.7331593
6866001358,76.8409715,30.7203329
6866001361,76.8413548,30.7200874
6866003378,76.7450869,30.7118222
6866003380,76.7452338,30.7125424
6868625117,76.772055,30.6927885
6868625122,76.7721262,30.6933003
6868625123,76.7722227,30.6933255
6868659031,76.7446058,30.7133023
6868760635,76.7499451,30.7073933
6869412358,76.7619896,30.6864065
6869412362,76.7612431,30.686395
6876638448,76.7518103,30.715504
6876638449,76.7511783,30.7155767
6876638451,76.7517808,30.7154695
6876654218,76.764898,30.751389
6876758463,76.7473794,30.7316012
6876758467,76.7476479,30.732354
6876907855,76.7623127,30.7326269
6876907856,76.7623568,30.7325657
6876986817,76.7658433,30.6881173
6876998217,76.771142,30.7235106
6876998222,76.7697164,30.7248494
6877051219,76.7411264,30.7143155
6877051221,76.7394009,30.7143525
6877051222,76.7393483,30.7106429
6877051228,76.7393813,30.7138937
6877114666,76.8368795,30.7307696
6877163344,76.7467264,30.7127218
6877163347,76.7464717,30.7120385
6877163349,76.7451006,30.7116962
6877163353,76.7464108,30.7115329
6877182774,76.7677837,30.7467326
6877182777,76.7672437,30.7464072
6877353825,76.7552593,30.7811387
6877353829,76.7552726,30.7797623
6877353835,76.7568285,30.7783595
6877353847,76.7587676,30.7801903
6877353856,76.7587964,30.7817075
6877724253,76.7995955,30.6880737
6877724254,76.8005263,30.6894607
6877724259,76.8007207,30.6892397
6877724266,76.8010372,30.6889722
6880092180,76.8113342,30.7282588
6880092181,76.8105427,30.7277849
6880092183,76.8102348,30.7281415
6880092184,76.806356,30.7275956
6880164687,76.8066832,30.7271083
6880164693,76.8085876,30.726216
6880164697,76.809928,30.7284967
6880266387,76.8381335,30.7167842
6880266391,76.8393876,30.7157133
6880266396,76.8364503,30.7155706
6880266397,76.8380798,30.7153315
6880266402,76.8373722,30.7158989
6880266410,76.838167,30.7142465
6880266411,76.8358323,30.7164085
6880266414,76.8342787,30.7159861
6880266415,76.8348794,30.7155601
6880266418,76.8359408,30.7160059
6880266420,76.8368366,30.7164833
6880266422,76.8376158,30.7160238
6880266423,76.8354056,30.7152426
6880266428,76.8363002,30.7155182
6880266429,76.8371625,30.7158607
6880266438,76.8389247,30.7145048
6880266441,76.8382361,30.7161962
6880266443,76.8384507,30.7163518
6880266444,76.8386408,30.7164794
6880494085,76.7190498,30.7533223
6880494088,76.7181529,30.7531276
6880514039,76.758167,30.7801394
6880514048,76.7576106,30.7798988
6880514052,76.7571267,30.7804718
6880514057,76.7559876,30.780445
6880514059,76.7552636,30.7802735
6880514060,76.7566168,30.7814032
6880514061,76.7567528,30.7809884
6880514062,76.7565272,30.7816305
6880514063,76.7578242,30.7816235
6880514064,76.7578217,30.7812898
6880514066,76.7560485,30.7813867
6880514067,76.7556168,30.7813828
6880514072,76.7552587,30.7810824
6880516505,76.7589114,30.7812114
6880516506,76.7598599,30.7814949
6880516515,76.7601362,30.7815997
6880516523,76.7589128,30.7808392
6880571349,76.7683062,30.7737635
6880571350,76.7686567,30.7736051
6880571351,76.7689902,30.7735883
6880571353,76.7682932,30.7742417
6880571354,76.7682609,30.7747605
6880571355,76.7686167,30.7742562
6880571356,76.7685613,30.7749645
6880571357,76.7688548,30.7751999
6880571358,76.7689419,30.7742774
6880571369,76.7696132,30.7760181
6880589866,76.7382427,30.7141231
6880589868,76.7380881,30.7164929
6880589870,76.7380831,30.7159275
6880589875,76.7379785,30.7147815
6880589882,76.7380723,30.7141704
6880590389,76.7394082,30.7145232
6880627080,76.8392533,30.7129644
6880627083,76.8372577,30.7120143
6883935450,76.7920614,30.7151837
6883935451,76.7924273,30.7147654
6883935452,76.7918158,30.7154687
6887767347,76.7609282,30.7819067
6887774386,76.7596261,30.7829881
6910808855,76.745439,30.6993419
6910808857,76.7447712,30.7002264
6914133264,76.8304991,30.7192844
6914133265,76.8300315,30.7191087
6914133266,76.8317141,30.7182604
6914133270,76.8310498,30.7178374
6914133277,76.8299796,30.7191783
6914133279,76.8295657,30.7196843
6914366676,76.8287578,30.7353784
6914366678,76.8272314,30.7352154
6914366679,76.8274838,30.7347536
6914366680,76.8276393,30.73444
6926601819,76.7636847,30.7098174
6926601820,76.7636472,30.7084399
6926601821,76.7636481,30.7077135
6933351661,76.8067622,30.724001
6934459632,76.81677,30.71142
6967811905,76.8366867,30.709875
6967811910,76.8373999,30.7114632
6968267635,76.7134758,30.7580787
6975356747,76.8291023,30.7179636
6975356748,76.8298803,30.718351
6975356749,76.8304037,30.7186133
6975477323,76.838969,30.7223793
6975477324,76.838726,30.7201724
6975539077,76.8385514,30.715393
6975699247,76.8389077,30.7219919
6975699251,76.8376157,30.722226
6975699255,76.8396744,30.7223793
6975699261,76.8367979,30.7217048
6975708725,76.7953705,30.6909825
7051251933,76.83712,30.7105257
7051251934,76.836728,30.7111184
7051335278,76.7972942,30.6896745
7051335279,76.7967944,30.6893907
7051335280,76.7971413,30.6895972
7051335282,76.7963715,30.6900482
7051335283,76.7966478,30.6902096
7051335284,76.796409,30.6902408
7051361285,76.7965445,30.6903284
7051361288,76.7978159,30.6906686
7051361292,76.7963055,30.6907813
7051361293,76.7969104,30.6911281
7051361298,76.7959336,30.6903963
7053379931,76.73778,30.7307673
7053382346,76.7232424,30.7621525
7053382348,76.7226352,30.7630191
7053420921,76.7152709,30.7586768
7053420926,76.7194711,30.7613046
7053500926,76.8358657,30.7138582
7053500928,76.8354918,30.713661
7053974001,76.8168569,30.6862319
7053974003,76.8171063,30.6876874
7053974005,76.8173075,30.6890967
7053974012,76.8167252,30.68843
7053974017,76.8187317,30.6854361
7053974049,76.8166651,30.6898279
7058887153,76.834489,30.7176934
7058887154,76.8345191,30.7177071
7058887156,76.8339184,30.7185689
7058887161,76.8342003,30.7197203
7070824948,76.8012866,30.7122933
7070824949,76.8011778,30.7123965
7070824950,76.8004552,30.7119313
7070881504,76.8338133,30.7188881
7070881505,76.8337612,30.7190456
7070881511,76.8327463,30.7181032
7070881512,76.8326105,30.7181867
7070968690,76.7972652,30.6884231
7070968691,76.7970594,30.6886478
7070968693,76.7967715,30.6884628
7070968694,76.796837,30.6893425
7070968695,76.7962791,30.6890086
7070968696,76.7960438,30.6892694
7070968697,76.7969869,30.688224
7070968699,76.7966027,30.6896284
7070968702,76.7989544,30.6896192
7070968704,76.7979848,30.6889272
7071382246,76.8372128,30.7106362
7071382250,76.8391822,30.7113202
7071382251,76.839347,30.7111108
7071390035,76.7384022,30.7333452
7071390048,76.7382565,30.7332733
7071390197,76.7373648,30.7170293
7071390198,76.7367548,30.7170482
7071390201,76.7367446,30.7161881
7071448347,76.8385931,30.7167806
7071448348,76.8386516,30.7167874
7071448349,76.8400548,30.7174757
7071448350,76.8393819,30.71726
7071488373,76.8004538,30.6871384
7071488374,76.7999757,30.6876568
7071488375,76.7994493,30.6882802
7071666722,76.8007946,30.6882543
7071666723,76.8012619,30.687711
7071666724,76.8004912,30.6886114
7071666725,76.8010454,30.6879591
7071666726,76.8002381,30.6873692
7071666727,76.8015636,30.6879248
7071666728,76.8008032,30.6888004
7071666731,76.7993119,30.6864081
7071675688,76.8363849,30.7142237
7071675696,76.8355482,30.7152727
7079374614,76.7597312,30.7573469
7079435480,76.8392809,30.7200931
7081426550,76.7353874,30.7168453
7081426579,76.7394376,30.7131996
7081470571,76.755339,30.6912466
7081470575,76.7558772,30.691007
7081470576,76.7559412,30.6910302
7081470580,76.7559109,30.6915626
7081847696,76.8329394,30.7179521
7081890987,76.7899547,30.6937276
7081890999,76.7865572,30.693529
7081988200,76.7467507,30.7721298
7081988201,76.7456761,30.7726765
7081988202,76.7471084,30.7726451
7081988203,76.7460422,30.7731996
7081988205,76.7463932,30.7716147
7081988206,76.7453103,30.7721537
7081988207,76.7449338,30.7716156
7081988208,76.7456632,30.7705631
7081988209,76.7445834,30.7711149
7081988216,76.745313,30.7700585
7082334789,76.7715367,30.7909953
7082334793,76.7715385,30.7911519
7082334810,76.7572486,30.7854022
7082334811,76.7580223,30.7853506
7082334812,76.7580308,30.7847336
7082334839,76.7579008,30.7854502
7082334840,76.7575661,30.785126
7082334841,76.7576891,30.7850083
7085238332,76.8213983,30.7190559
7085522441,76.7969584,30.6891633
7085522447,76.7982641,30.6891306
7085526128,76.8131876,30.7505632
7085526132,76.8127638,30.7499339
7085535282,76.8125244,30.6766271
7085949112,76.8293822,30.7356628
7085949113,76.8293533,30.7351282
7085949117,76.831007,30.7350569
7087235675,76.8415543,30.7153317
7087262573,76.74054,30.7329438
7087262576,76.7402878,30.7331443
7087262577,76.741211,30.7320828
7087286085,76.7395154,30.7330498
7087322440,76.7560861,30.7532532
7087325981,76.8246151,30.6915416
7087325983,76.8244408,30.6909677
7087334789,76.8272588,30.6941371
7087334797,76.8262978,30.6924675
7087334798,76.8252923,30.6938445
7087334802,76.8259054,30.6931332
7087334804,76.8262562,30.6926225
7087342204,76.8267475,30.7328458
7087342208,76.8281651,30.7327201
7087342209,76.8281583,30.7326325
7087342211,76.8283133,30.7331688
7087372267,76.7970498,30.6890284
7087372268,76.7965485,30.6887127
7087512100,76.7464749,30.7742211
7087535415,76.8477536,30.7228823
7087780706,76.7302691,30.7113803
7087780707,76.7304996,30.7111338
7087780708,76.7304674,30.7111117
7087780709,76.7306197,30.7109369
7087780714,76.7307955,30.7107241
7087780715,76.7309364,30.7105566
7087780720,76.731061,30.7103966
7087780721,76.7312353,30.7102058
7087780722,76.731398,30.7100165
7087780723,76.7309484,30.7100242
7087780724,76.7315174,30.7103784
7087780729,76.7313574,30.709721
7087780730,76.731508,30.7095488
7087780735,76.7318483,30.7094615
7087780736,76.7320109,30.7092775
7087865953,76.7146064,30.7526354
7087865954,76.7157786,30.752646
7087865958,76.7164162,30.7529801
7094577906,76.7410495,30.7322901
7094577918,76.7398127,30.7325761
7192209792,76.7728009,30.7195656
7192209797,76.7755244,30.7178433
7232668662,76.7503146,30.7172573
7232668663,76.7448992,30.7139698
7232668664,76.7468478,30.7151666
7232668670,76.7469645,30.7152346
7409881891,76.7737369,30.729898
7409881892,76.7735933,30.7296354
7825390352,76.7702285,30.7223147
8223321487,76.8314523,30.751498
8223321488,76.8256298,30.7573336
8223321490,76.8260073,30.7580487
8223321491,76.8263081,30.7574934
8223321493,76.8266079,30.7575446
8223343476,76.8062896,30.7039749
8223343478,76.8081265,30.7028983
8223343492,76.8153465,30.6975536
8223343493,76.8137208,30.6976394
8223343494,76.8126588,30.6983183
8223343495,76.81197,30.6983017
8223350753,76.8374821,30.7128017
8223350754,76.836448,30.7128817
9058316191,76.7455202,30.7696076
9184382401,76.7756902,30.7214487
9184382416,76.7780506,30.7268135
9184582817,76.7712471,30.7313512
9184582818,76.7705023,30.7326891
9184582823,76.7721434,30.7330288
9184582825,76.7710711,30.7401372
9184582829,76.7666666,30.7387191
9184582831,76.7662804,30.7391258
9184582832,76.775014,30.7348585
9184582834,76.7760233,30.7356563
9184582836,76.7792413,30.7407564
9184582837,76.7773625,30.7395718
9184582846,76.7818422,30.7587274
9184582847,76.7824808,30.7591144
9184582850,76.78669,30.7606791
9184582853,76.7950727,30.7611033
9184582882,76.8111867,30.7578747
9184582886,76.8097673,30.7593195
9184582887,76.8144865,30.7587076
9184582893,76.8159657,30.7586681
9184582898,76.8109324,30.7578595
9184582899,76.8161264,30.7567027
9184582901,76.816046,30.7556646
9184582902,76.8141959,30.7554724
9184582904,76.8135871,30.7547581
9184582905,76.8145177,30.7546801
9184582906,76.8148502,30.7546567
9184582907,76.8156653,30.7532009
9184582910,76.8160568,30.7525321
9184582914,76.8142662,30.7500695
9184582918,76.8165428,30.7542511
9184582921,76.8173833,30.7575431
9184582922,76.8174048,30.7581963
9184582923,76.8185579,30.7577953
9184582929,76.8186062,30.7569105
9184721624,76.8103759,30.7385348
9184721626,76.809963,30.7393135
9184721633,76.8078023,30.7240446
9184721635,76.8088911,30.7242126
9184721636,76.8160645,30.7232036
9184721637,76.8152581,30.7225668
9184721638,76.8134023,30.7225098
9184721640,76.8130537,30.7221546
9184721641,76.8183276,30.7202255
9184721642,76.8190991,30.7194477
9184721643,76.8172117,30.7175762
9184721645,76.8182254,30.7184572
9184721648,76.8063434,30.7259184
9184721651,76.8051836,30.7268449
9184721653,76.8043849,30.7264024
9184721660,76.7960188,30.7281505
9184721672,76.8027377,30.7186578
9184721675,76.795743,30.7193168
9184721683,76.7885488,30.7313177
9184721685,76.7876042,30.733781
9184721686,76.7872127,30.7335643
9184721688,76.7866872,30.7332739
9184721690,76.787379,30.7340852
9184721691,76.7981562,30.7381326
9184721694,76.7939359,30.7374243
9184721695,76.7949642,30.7380364
9184721701,76.791805,30.7416314
9184721702,76.7921857,30.741282
9184721713,76.7884309,30.7411528
9184721716,76.7889297,30.7406323
9184728217,76.7890155,30.7405382
9184728224,76.7884416,30.740655
9184728225,76.7885971,30.7412726
9184728226,76.8036973,30.7418104
9184728228,76.8012998,30.7446409
9184728229,76.8027265,30.7411957
9184728231,76.8003343,30.7440393
9184728232,76.8001296,30.7432309
9184728233,76.8001253,30.7432282
9184728236,76.7996001,30.7428978
9184728237,76.7991606,30.7426214
9184728239,76.8013273,30.7408535
9184728242,76.8002876,30.7412775
9184728243,76.8018395,30.74119
9184728244,76.801518,30.7398163
9184728245,76.8008698,30.7405861
9184728246,76.7982205,30.7459499
9184728248,76.797577,30.7466444
9184728253,76.7868647,30.7561108
9184784984,76.7980356,30.7344952
9184784985,76.7983385,30.7346934
9184784986,76.7831514,30.7180416
9184784988,76.7811994,30.7297535
9184784991,76.7804701,30.7305984
9184953965,76.8243564,30.6844756
9184953966,76.8250804,30.6849736
9184953968,76.8254356,30.6851765
9184953973,76.8252733,30.6864557
9184953976,76.8254348,30.6833596
9184954008,76.8350745,30.7113413
9184954011,76.8360735,30.7116687
9184954012,76.8361148,30.7114566
9184954014,76.8348384,30.7109816
9185162217,76.8344795,30.7125042
9185162223,76.8338064,30.7124915
9185162225,76.8338514,30.7109657
9185162227,76.8352783,30.710668
9185162235,76.8344775,30.7060232
9185162247,76.8302499,30.7065581
9185162250,76.8138918,30.6979784
9185162251,76.8138664,30.6981899
9185162256,76.8149306,30.6992362
9185162270,76.820569,30.6947527
9185162295,76.8165851,30.6821968
9185162297,76.81637,30.6824517
9185162299,76.8168971,30.682695
9185162300,76.8174471,30.6830549
9185162301,76.8168884,30.6818369
9185162302,76.8159815,30.6813181
9185162321,76.8221953,30.6898524
9185162322,76.8237482,30.6900983
9185162323,76.824217,30.6900799
9185162324,76.8261904,30.6898407
9185162325,76.8261698,30.6893375
9185162327,76.8243779,30.6915886
9185162329,76.8241741,30.6922392
9185162331,76.8241419,30.6925692
9185162334,76.8245012,30.6924871
9185162335,76.8237762,30.6916256
9185162337,76.8244408,30.6913256
9185237521,76.8276231,30.6966688
9185237522,76.827666,30.6968151
9185237523,76.8278585,30.697377
9185237524,76.8280147,30.6978204
9185237525,76.8273147,30.6969052
9185237529,76.8271269,30.6963725
9185237530,76.8269283,30.6958071
9185237531,76.8274461,30.6954607
9185237532,76.8287334,30.6984711
9185237533,76.82861,30.6980919
9185237534,76.8293717,30.6996197
9185237535,76.8299834,30.6998682
9185237536,76.8298786,30.6994978
9185237537,76.8295165,30.6999891
9185237538,76.8292268,30.6992431
9185237539,76.8318767,30.6998357
9185237541,76.8319893,30.7002386
9185237543,76.8321502,30.7006314
9185237544,76.8323057,30.7010171
9185237545,76.8326167,30.7005096
9185237546,76.8326113,30.7005121
9185237548,76.831973,30.6993491
9185237549,76.8266729,30.702806
9185237550,76.8270902,30.7041307
9185237551,76.8283723,30.7047875
9185237552,76.8303054,30.7033375
9185237553,76.8316353,30.7029757
9185237560,76.8341663,30.7140149
9185237561,76.8347844,30.715602
9185237564,76.833625,30.7148873
9185237565,76.8356425,30.7143478
9185237566,76.8397473,30.7140343
9185237571,76.8384495,30.7143428
9185237575,76.8394952,30.7146174
9185237588,76.8378639,30.712674
9185237589,76.8380409,30.7124238
9185237592,76.8388454,30.7118163
9185237597,76.8405296,30.7130541
9185237600,76.8394408,30.712033
9185237602,76.8322474,30.7158602
9185237603,76.8327642,30.7162437
9185237605,76.8332905,30.7166335
9185237606,76.8393719,30.7148504
9185237608,76.8402085,30.715126
9186833565,76.7625459,30.6960156
9186833566,76.7625213,30.6957382
9186833570,76.7641402,30.7084485
9186833573,76.7612547,30.7083516
9186833575,76.7620545,30.7087712
9186833581,76.7575418,30.7060094
9186833582,76.7573836,30.706014
9186833585,76.7584824,30.7046365
9186833593,76.7353358,30.7153945
9186833594,76.7360572,30.7150775
9186833613,76.739502,30.7172772
9186833615,76.7404008,30.7173636
9186833616,76.7403816,30.7158002
9186834417,76.7399286,30.7158007
9186834418,76.7407389,30.7143192
9186834420,76.7376086,30.7139974
9186834425,76.7365918,30.7135478
9186834426,76.7380133,30.7132303
9186834430,76.7394369,30.7126694
9186834431,76.7340355,30.7127662
9186834432,76.7337286,30.7125725
9186834434,76.7345022,30.7122405
9186834435,76.7343413,30.7129691
9186834436,76.7351243,30.7120745
9186834437,76.7345343,30.7130936
9186834438,76.7348293,30.7132642
9186834439,76.7335596,30.7138431
9186834440,76.7343466,30.7132919
9186839558,76.7483101,30.6970584
9186839559,76.746529,30.6991372
9186839560,76.7497251,30.705626
9435401583,76.7745665,30.7277867
9435401584,76.7753937,30.72676
9435422128,76.8016042,30.690914
9435422129,76.8016698,30.6911954
9435539438,76.8045118,30.7086407
9435539441,76.8046737,30.7084783
9435751030,76.8122233,30.6970415
9435751031,76.8122085,30.696103
9435764171,76.8129328,30.6992559
9435764172,76.8129194,30.6981438
9435777279,76.8309728,30.7188272
9435807889,76.833198,30.7169992
9435807890,76.833424,30.7167879
9435807891,76.8345528,30.7171906
9435819415,76.8328881,30.7172888
9435819416,76.8333219,30.7176397
9435821818,76.8343008,30.7180586
9435825057,76.8328483,30.718793
9435826635,76.8146244,30.6992479
9435826636,76.8146134,30.6986293
9435826637,76.8143036,30.6992541
9435826638,76.8142949,30.6986478
9435847564,76.8133485,30.6981668
9436336023,76.8014347,30.6901981
9443637501,76.7931385,30.7571777
9443637507,76.7909733,30.7551087
9443637511,76.7896583,30.7542273
9443717947,76.8146738,30.7571516
9443981712,76.8305982,30.7321901
9443981714,76.8290148,30.7323653
9443996899,76.7899732,30.7095244
9443997102,76.8147727,30.7547161
9444095184,76.8177051,30.7562534
9444095185,76.8183455,30.7562071
9444202522,76.7997578,30.6915428
9444202528,76.7998275,30.6902857
9444202529,76.8002991,30.6908114
9446231408,76.7578831,30.7021291
9446382628,76.7333799,30.751665
9446484457,76.7540236,30.7444245
9446484462,76.7560308,30.7417102
9451842766,76.8254918,30.6838327
9451842767,76.8249124,30.6835468
9451886150,76.8260711,30.6905319
9454944335,76.8299802,30.6965135
9454945757,76.8222005,30.7547481
9454952343,76.7332426,30.7573989
9454952350,76.7310004,30.7570305
9454956322,76.8017658,30.6983825
9454956323,76.8006135,30.6990143
9454956324,76.8015362,30.6980879
9454956325,76.8003601,30.6987553
9454958840,76.8197753,30.7567527
9454958841,76.8197322,30.7551249
9454958924,76.7997643,30.6878886
9454958926,76.7981941,30.6867993
9454958927,76.7983273,30.686558
9454965480,76.8145954,30.6878272
9454981586,76.8138539,30.6952652
9454981588,76.8150705,30.6952078
9454981589,76.8137,30.6950294
9454981591,76.8150544,30.6949679
9454981592,76.8145637,30.6949816
9454981594,76.8145336,30.6943049
9454997869,76.7211359,30.7580171
9454997871,76.7193273,30.7570741
9455016155,76.8015411,30.7012202
9455028089,76.7396514,30.7519764
9455028090,76.7396702,30.7522559
9455028091,76.741738,30.7521575
9455028092,76.7396906,30.7525613
9455028093,76.7415473,30.7524779
9455074620,76.8146282,30.6889529
9455074622,76.8150731,30.6892693
9461896772,76.7943935,30.6875083
9461896773,76.7928199,30.6863306
9461896774,76.7948594,30.6870232
9461896775,76.7932635,30.685877
9461896776,76.794514,30.6845984
9461896777,76.7961683,30.6856603
9461896778,76.7978728,30.6867621
9461898504,76.7173523,30.7560976
9461898505,76.7169392,30.7566093
9461898506,76.7158012,30.7558806
9461898511,76.7190099,30.7578355
9461898512,76.7202885,30.759202
9461924121,76.7944066,30.6887264
9461924123,76.7936674,30.6882643
9461924624,76.8125047,30.6932293
9461924625,76.8154192,30.69323
9461928074,76.7193601,30.7552642
9461928075,76.7191902,30.7560278
9461930784,76.7596819,30.7532887
9461930785,76.7608362,30.7520592
9461939513,76.8119232,30.6951314
9461939514,76.811043,30.6953081
9461939515,76.8119279,30.6953302
9461948329,76.8132815,30.686127
9461948331,76.8148868,30.6863118
9461953706,76.8032795,30.6782207
9557536715,76.7873889,30.7572376
9605439094,76.7759568,30.706455
9605439096,76.7768654,30.7058434
9605439101,76.7776913,30.7057443
9605439102,76.7775463,30.7059198
9605439103,76.7780378,30.7062322
9605439104,76.7781835,30.7060675
9605439105,76.7775195,30.7051467
9605439109,76.7779701,30.7046745
9605439114,76.8040849,30.7161004
9605439115,76.8043492,30.7162617
9605439116,76.8061642,30.7154088
9605451636,76.8139385,30.7012664
9605451638,76.8136984,30.7012478
9605451649,76.8139171,30.7009296
9605451650,76.8144855,30.701271
9605451653,76.8137886,30.69929
9605451655,76.8136489,30.6982077
9605451656,76.8138356,30.697014
9605451657,76.8138858,30.6976285
9605451659,76.8138637,30.6992847
9605451660,76.8122922,30.6979646
9605451661,76.8120348,30.6970585
9605451663,76.8121045,30.6982965
9605451666,76.8124477,30.6968533
9605451667,76.8124637,30.6961135
9605451668,76.8124794,30.6953176
9605451669,76.8123523,30.6782746
9605451673,76.8119322,30.6772284
9605451680,76.8118079,30.6766602
9605451683,76.8123651,30.6763525
9605451687,76.8119668,30.6752449
9605451689,76.8128386,30.6764904
9605451692,76.8128048,30.6741404
9605451693,76.8142607,30.6735728
9605451694,76.8072685,30.6767216
9605451696,76.8085033,30.6720003
9605451697,76.8089113,30.6721477
9605451698,76.8092026,30.67176
9605451699,76.8044328,30.6790466
9605451702,76.8041056,30.6797506
9605451706,76.8047654,30.6801351
9605451709,76.8031025,30.678636
9605451711,76.802786,30.679273
9605451718,76.8038427,30.6761145
9605467996,76.8009358,30.6813543
9605468000,76.8009171,30.6802033
9605468003,76.8013161,30.6798085
9605468004,76.8016165,30.6800314
9605468005,76.8012035,30.6804446
9605468006,76.8019547,30.6802823
9605468008,76.8013059,30.6816217
9605468010,76.8023248,30.6805569
9605527618,76.8016936,30.6822763
9605527620,76.7988164,30.6791305
9605527634,76.798591,30.6833912
9605527669,76.8010369,30.6867975
9605527671,76.8001413,30.6862881
9605527676,76.8004095,30.6858822
9605527678,76.8008333,30.6853365
9605527679,76.799515,30.6863027
9605527680,76.7996061,30.6853957
9605527684,76.7989397,30.6855131
9605527685,76.8004059,30.6839391
9605527686,76.7995933,30.6840093
9605527687,76.8009948,30.6903334
9605527689,76.7970407,30.6882625
9605527692,76.7977166,30.6875797
9605527693,76.7982918,30.6881363
9605527695,76.7979258,30.6873306
9605527703,76.797679,30.6895033
9605527704,76.7979958,30.6878272
9605527705,76.7973411,30.6884774
9605527707,76.7957073,30.6874969
9605527710,76.7951356,30.6867356
9605527712,76.7946803,30.6864127
9605527713,76.795356,30.6887609
9605527717,76.7949496,30.6869293
9605527721,76.7950074,30.6891899
9605527722,76.7936718,30.6895083
9605527725,76.7940502,30.6878657
9605527728,76.7926269,30.6865279
9605527729,76.7950844,30.6906554
9605527731,76.7958656,30.6898266
9605715459,76.789086,30.6872117
9605715460,76.7922396,30.6888528
9605715461,76.7919372,30.6886851
9605715462,76.7915736,30.6884561
9605715463,76.7916637,30.6890492
9605715464,76.7919553,30.6892251
9605715465,76.7926154,30.6890788
9605715466,76.7929097,30.6893659
9605715467,76.7925592,30.6891536
9605715468,76.7922713,30.6901892
9605715471,76.7926951,30.6896593
9605715475,76.7931458,30.6899161
9605715476,76.7956748,30.6906847
9605715477,76.7959372,30.6909039
9605715478,76.7938413,30.6910617
9605715480,76.7940682,30.6919983
9605715481,76.7938243,30.6918625
9605715482,76.7915008,30.6905703
9605715483,76.7925224,30.6911518
9605715484,76.7908548,30.6898873
9605715485,76.7910212,30.6899796
9605715486,76.7913109,30.6901412
9605715488,76.7916307,30.690395
9605715489,76.7912948,30.6896486
9605715490,76.7915577,30.6897941
9605715491,76.7909085,30.6906648
9605715492,76.7905697,30.6911491
9605715494,76.7905544,30.6902196
9605715495,76.7906241,30.6905032
9605715496,76.7906273,30.6897223
9605715498,76.7897645,30.6891813
9605715499,76.7904257,30.6899935
9605715502,76.7895148,30.6895135
9605715503,76.7896855,30.6892864
9605715510,76.7881519,30.689434
9605715511,76.7912389,30.6928685
9605721370,76.780205,30.7027892
9605721371,76.7856534,30.7032259
9605721372,76.7837753,30.7033335
9605721380,76.7857595,30.6993607
9605721381,76.7838155,30.7000064
9605721382,76.7843575,30.699927
9605721383,76.7844115,30.7003861
9605727604,76.7841752,30.6945529
9605727607,76.7848351,30.694599
9605727609,76.7855004,30.6946498
9605727613,76.7868149,30.6947098
9605727615,76.7874963,30.6947513
9606237520,76.7963377,30.7258526
9612461396,76.7123131,30.7464226
9612461397,76.7127418,30.7465976
9612461398,76.7113868,30.745473
9612461402,76.7106761,30.7457285
9612461407,76.7113439,30.7461044
9612461411,76.7092901,30.7455836
9612461416,76.7086786,30.7450905
9612524650,76.7154956,30.7382324
9612533120,76.7126732,30.7445165
9612533121,76.7120056,30.7445414
9612533122,76.7119862,30.7448975
9612533123,76.7126777,30.7448923
9612533124,76.7120466,30.7440027
9612533127,76.7126928,30.7452135
9612533128,76.7105594,30.7440495
9612533129,76.7097759,30.74351
9612533131,76.7098099,30.7429565
9612533133,76.7092793,30.7435326
9612533135,76.7091562,30.7429715
9612533137,76.7105149,30.7429795
9612533138,76.7120251,30.7434471
9612533139,76.7084962,30.7445512
9612533146,76.7117355,30.7450861
9612533149,76.7127332,30.7462796
9612533152,76.7113685,30.746447
9612533154,76.710683,30.7464518
9612612228,76.715688,30.7548774
9612612230,76.715692,30.7547338
9612612235,76.7157729,30.7539494
9612612246,76.7149603,30.7537299
9612612247,76.7159123,30.7534837
9612612251,76.7146146,30.752891
9612612253,76.7142308,30.7528864
9612612254,76.7164728,30.7537483
9612612255,76.7173954,30.7519502
9612612259,76.7167249,30.7533335
9612612263,76.7160491,30.7520833
9612612264,76.7155396,30.7520843
9612612266,76.7162476,30.7520829
9612612269,76.7162583,30.7513331
9612612271,76.7179341,30.7538133
9612612272,76.718414,30.753947
9612612273,76.7181297,30.7549932
9612612275,76.7178079,30.7554817
9612612277,76.7183335,30.7543734
9612612278,76.7190798,30.7549701
9612612282,76.7177204,30.7545323
9612612283,76.7190682,30.7543295
9612612284,76.7199856,30.7543295
9612612289,76.719578,30.7547351
9612612292,76.7199856,30.7552618
9612612293,76.7190757,30.7547443
9612612294,76.7190546,30.7535829
9612612298,76.7202995,30.7535138
9612612299,76.7190577,30.753758
9612612300,76.7200266,30.753758
9631926418,76.8414794,30.7235563
9631926419,76.8414043,30.7239326
9631926420,76.8412755,30.723628
9631926425,76.8411309,30.7239868
9631926426,76.8419299,30.7248089
9631926427,76.8417851,30.7245303
9631926431,76.8427183,30.7218324
9631926432,76.8423054,30.722026
9631926433,76.8418904,30.7222058
9631926436,76.8432061,30.7203572
9631926441,76.8386095,30.7220244
9631926444,76.8383199,30.722056
9631926445,76.8383199,30.7202224
9631926450,76.838772,30.7208966
9631948989,76.8319408,30.7534077
9631949001,76.8291633,30.7564217
9631949012,76.8277944,30.7549541
9631949013,76.8278695,30.7574361
9631949016,76.8278373,30.7567707
9631949017,76.8283469,30.7558503
9631949024,76.8247271,30.756552
9631949036,76.8266527,30.7526101
9631949037,76.8250322,30.7572377
9631949039,76.8250644,30.7565318
9631949040,76.8243992,30.7581195
9631949044,76.823718,30.7576133
9631949045,76.8232566,30.7583495
9631949049,76.8212396,30.7572149
9631949050,76.8221794,30.7560948
9631949051,76.8225539,30.7560855
9631949052,76.8212504,30.7575694
9631949053,76.8194322,30.7567759
9631949056,76.8183434,30.7562281
9631949061,76.8191354,30.7562788
9631949062,76.8213804,30.760901
9631949081,76.819936,30.7484691
9631949082,76.8166208,30.7483907
9631949093,76.8217438,30.7476807
9631949097,76.8223017,30.7474456
9631949105,76.8220925,30.7460301
9631949119,76.8222221,30.7314885
9631949125,76.8292893,30.7319955
9631949127,76.8287331,30.7320232
9631951192,76.8288536,30.7325825
9631951193,76.8297525,30.7325041
9631951195,76.8292882,30.7348499
9631951198,76.830304,30.7348251
9631951199,76.8309664,30.7347581
9631951202,76.8295702,30.735703
9631951205,76.830246,30.7357953
9631951206,76.8301548,30.7360188
9631951208,76.8289212,30.7348457
9631951210,76.828948,30.735457
9631951211,76.8289855,30.736278
9631951212,76.8287388,30.7344908
9631951213,76.8287656,30.7349241
9631952732,76.8289436,30.7211703
9631952736,76.8289704,30.7214677
9631952741,76.8284613,30.721975
9631952744,76.8311212,30.7198186
9631952745,76.8312768,30.7198306
9631952748,76.8309764,30.7206607
9631952749,76.8318828,30.7211034
9631952752,76.8327793,30.7206899
9631952753,76.8332511,30.7209059
9631952754,76.8326305,30.7209083
9631952755,76.8320867,30.7211956
9631952756,76.8323463,30.7213294
9631952757,76.8319418,30.7225837
9631952759,76.8315878,30.7224177
9631952760,76.8313646,30.7223301
9631952761,76.8322432,30.7227913
9631952764,76.8324568,30.7219166
9631952766,76.8337655,30.7216153
9631952770,76.8342322,30.7216891
9631952772,76.8333958,30.7214447
9631952775,76.8349446,30.7216061
9631952776,76.8340659,30.7228604
9631952777,76.8340123,30.7220626
9631952779,76.8347625,30.7219888
9631952780,76.8346077,30.720882
9631952781,76.835175,30.7211311
9631952785,76.8340713,30.7212187
9631952786,76.834141,30.7206745
9631952793,76.8343449,30.7213478
9631952814,76.8332073,30.726573
9631952815,76.8329772,30.7276043
9631954317,76.82824,30.7344493
9631954318,76.829656,30.7344032
9631954319,76.8289859,30.7329746
9631954324,76.8289694,30.7341912
9631954328,76.8287227,30.7342649
9631954332,76.8277025,30.7342188
9631954333,76.8286905,30.7329927
9631954334,76.8287602,30.7336842
9631954336,76.8294843,30.7329328
9631954337,76.8274301,30.7330112
9631954338,76.828196,30.7329282
9631954340,76.8273764,30.7327949
9631954341,76.8257349,30.7338696
9631954344,76.8265072,30.7343295
9631954345,76.8267163,30.7344355
9631954346,76.8266332,30.7341866
9631954353,76.8273921,30.7340114
9631954354,76.8267861,30.7340206
9631954357,76.8270439,30.7345138
9631954360,76.8255955,30.7333477
9631954361,76.8261854,30.7331172
9631954364,76.8267646,30.7331956
9631954366,76.8268343,30.7337579
9631954367,76.8262229,30.7332601
9631954368,76.826298,30.7338062
9631954369,76.8261371,30.7328406
9631954371,76.8224357,30.7191492
9631954373,76.8219806,30.721619
9631954374,76.8216221,30.7216959
9631954380,76.8213737,30.7232595
9631954381,76.8231115,30.7228369
9631954384,76.8236586,30.7225166
9631954387,76.8244228,30.7221132
9631954390,76.8237015,30.7221501
9631954391,76.8231759,30.7221824
9631954393,76.8237391,30.722509
9631954394,76.8231705,30.7225628
9631954395,76.8231026,30.7220703
9631954396,76.8331431,30.7177786
9631954397,76.8335346,30.7173149
9631954398,76.8341356,30.7183596
9631954400,76.8308101,30.7175804
9631954401,76.8289168,30.7186177
9631954404,76.830226,30.7188483
9631954405,76.8287076,30.7188898
9631954406,76.8290884,30.7187238
9631954408,76.8285949,30.7195962
9631954409,76.8319848,30.7180485
9631954410,76.8323817,30.7183964
9631954412,76.8336721,30.7192801
9631954413,76.8319097,30.7187515
9631954414,76.8313143,30.7207806
9631954419,76.831738,30.7198664
9631954421,76.8320169,30.7194248
9631960725,76.8212065,30.7566841
9634716137,76.8346915,30.7165591
9634716139,76.8339836,30.716272
9634716142,76.8312904,30.7128439
9634716144,76.8446809,30.7287419
9644965846,76.7741733,30.780923
9644965855,76.7738372,30.7776055
9644965860,76.7727301,30.7765598
9644965868,76.7712364,30.7754198
9644971924,76.7739734,30.7743197
9644971936,76.7732898,30.773841
9644971964,76.7815567,30.7747409
9644971965,76.7814375,30.7736279
9644971966,76.7818715,30.7735937
9644971970,76.7811275,30.7747802
9644971971,76.7810068,30.7738341
9644971979,76.7819657,30.7727899
9644971980,76.7818772,30.7734448
9644971985,76.7823319,30.7728353
9644971987,76.7822537,30.7734127
9681632480,76.7550367,30.7661639
9681632482,76.7545594,30.766813
9681632483,76.7523699,30.7666057
9681632484,76.7534368,30.7660688
9681632487,76.7539078,30.7667094
9681632488,76.7526664,30.7668064
9681632491,76.7531303,30.7674672
9681632495,76.7483799,30.7651759
9681632496,76.748589,30.7655112
9681632497,76.7488918,30.7614506
9681632503,76.7540121,30.7689167
9681632505,76.7553178,30.7690432
9681632506,76.7559233,30.7694441
9681632507,76.7553005,30.7694856
9681632508,76.7559339,30.7714546
9681703224,76.7706136,30.7679061
9681703226,76.771195,30.7682198
9681703227,76.7715546,30.768425
9681703229,76.7707801,30.7734866
9681703230,76.7712934,30.773595
9681703231,76.7717476,30.7736801
9681703235,76.7713265,30.772971
9681812412,76.7325658,30.7644757
9681820401,76.7511971,30.7702014
9681820403,76.7724401,30.775268
9681820406,76.7562258,30.7793796
9681820416,76.7557556,30.7792073
9681834117,76.7383915,30.7644227
9681834182,76.7403454,30.7703739
9681834186,76.739943,30.7703775
9681834291,76.7423329,30.7627124
9681834296,76.7373247,30.7593648
9681834297,76.7369927,30.759253
9681834298,76.747128,30.7609866
9681834299,76.7452163,30.7599928
9681834301,76.745724,30.7746059
9681834304,76.7454075,30.7740342
9681834308,76.7573118,30.7783652
9681834309,76.7566681,30.7809642
9681834311,76.7567923,30.7805392
9681838817,76.7566252,30.7799908
9681838821,76.7571777,30.7811098
9700316046,76.7307905,30.7584661
9700316048,76.7308062,30.7590974
9700316051,76.7313672,30.7584847
9700316052,76.7307746,30.7579578
9700316058,76.7314934,30.7573446
9700316060,76.7303693,30.7579393
9700316061,76.7320726,30.7583218
9700316062,76.7318044,30.7582803
9700316063,76.73196,30.7590453
9700316066,76.7322443,30.7581375
9700316067,76.7316757,30.7579163
9700316069,76.7325285,30.7580407
9700316071,76.7327844,30.7581649
9700316072,76.7326894,30.7586859
9700316077,76.7338586,30.7584415
9700316078,76.7332625,30.7583954
9700316080,76.7342127,30.7576305
9700316086,76.7324964,30.7566121
9700316087,76.732491,30.7568748
9700316088,76.7325052,30.7572919
9700316090,76.7325124,30.757732
9700316091,76.7332514,30.7578379
9700316097,76.7319046,30.7574186
9700316098,76.7311715,30.7566859
9700316100,76.7317025,30.7568149
9700316103,76.7309516,30.7562889
9700316111,76.7316543,30.7562785
9700316113,76.7324427,30.7562668
9700335018,76.7330113,30.7566721
9700335019,76.7364364,30.7568133
9700335020,76.7364335,30.7561573
9700335022,76.7359204,30.7563574
9700335023,76.7359208,30.7568227
9700335028,76.7364496,30.7571791
9700335029,76.7399848,30.7564508
9700335031,76.7398238,30.7564831
9700335034,76.7374056,30.7566812
9700335039,76.7438466,30.7538501
9700335040,76.7438627,30.753433
9700335042,76.741044,30.7543487
9700335044,76.7418016,30.7542972
9700335047,76.7408703,30.7550529
9700335050,76.7410473,30.7540345
9700335051,76.7413798,30.7550541
9700335052,76.7413744,30.7546658
9700335053,76.7401189,30.7550511
9700335054,76.7401296,30.7561314
9700335055,76.7397989,30.7550504
9700335056,76.7397917,30.756136
9700335057,76.7394367,30.7550495
9700335059,76.7391954,30.7550489
9700335060,76.7391954,30.7548087
9700335061,76.7391793,30.7547073
9700335063,76.7383562,30.7543847
9700335064,76.7383803,30.755047
9700335065,76.7369055,30.7539693
9700335068,76.7373891,30.7547165
9700335070,76.7361655,30.7541358
9700335071,76.7361546,30.755099
9700335073,76.7346281,30.7551036
9700335074,76.7325278,30.7550457
9700335076,76.7335628,30.7516196
9700335077,76.7402429,30.7531275
9700335078,76.7402107,30.7525379
9700335080,76.7402161,30.7523662
9700362844,76.7429939,30.747253
9700362846,76.7436019,30.7471639
9700362872,76.7455822,30.7406031
9700362874,76.7451086,30.7411334
9700362877,76.7372536,30.743233
9700362883,76.7348286,30.7382919
9700362887,76.7358747,30.7360849
9700362891,76.733974,30.7346427
9700362895,76.7345191,30.7351102
9700362897,76.7339016,30.7347315
9700362898,76.734175,30.7344055
9700362899,76.7355997,30.7349552
9700362901,76.7349711,30.7345586
9700362902,76.733772,30.7338161
9700362903,76.7339559,30.7335901
9700362904,76.7345467,30.7339575
9700362905,76.7351531,30.7343326
9700362906,76.7357873,30.7347338
9700362908,76.7320559,30.7271676
9700362913,76.734637,30.7200069
9700363732,76.738961,30.7316946
9700363746,76.7450519,30.7298505
9700363747,76.7450644,30.7301454
9700363748,76.7469271,30.7291606
9700363752,76.7432787,30.7256694
9700363754,76.7438627,30.7267439
9700363755,76.7343647,30.7341654
9700374072,76.7499253,30.7195965
9700374075,76.7523784,30.7210994
9700374080,76.7598166,30.7248123
9700374081,76.7595324,30.7250806
9700374083,76.7550153,30.7255496
9700374085,76.7551761,30.7253513
9700374086,76.7569584,30.7266283
9700374094,76.7534869,30.736484
9700374096,76.7537443,30.7362451
9700374098,76.75294,30.7352007
9700374107,76.7571568,30.7400892
9700374112,76.7574517,30.7385276
9700374113,76.7572748,30.7387514
9700374114,76.7572748,30.7358424
9700395917,76.7578968,30.7359223
9700395921,76.7690734,30.7254313
9700395939,76.7686411,30.7229503
9700395940,76.7682762,30.7234212
9700395943,76.7691074,30.7238577
9700395948,76.7735348,30.7297573
9700395949,76.7667165,30.7304651
9700395954,76.7670536,30.7310367
9700403387,76.7587365,30.7397724
9700403390,76.7532235,30.7509782
9700403393,76.7536475,30.7512778
9700403394,76.7546371,30.7504988
9700403395,76.755085,30.7507938
9700403396,76.7555245,30.7510774
9700403397,76.7559678,30.7513608
9700403398,76.7540702,30.7499687
9700403399,76.7536247,30.7496921
9700403401,76.7531794,30.749411
9700403402,76.7528273,30.7494466
9700403403,76.7526289,30.749646
9700403404,76.7530609,30.7511718
9700403405,76.7526228,30.7508998
9700403406,76.7521678,30.7506344
9700403407,76.7563946,30.7562511
9700403410,76.753909,30.7547116
9700403411,76.7567057,30.7558707
9700403414,76.7553916,30.7574127
9700403415,76.7526542,30.7562096
9700403416,76.7520929,30.7558409
9700416917,76.7567593,30.7564678
9700416918,76.7456011,30.7597961
9700416919,76.7472465,30.7611759
9700416920,76.7566629,30.7591794
9700416928,76.7589265,30.7568418
9700416929,76.7602439,30.7552558
9700416930,76.7594691,30.7547719
9700416931,76.7587496,30.754305
9700416932,76.7578907,30.7556464
9700416934,76.7581214,30.7553065
9700416935,76.7570111,30.7543802
9700416936,76.756861,30.7541914
9700416937,76.7574379,30.7545199
9700416938,76.7579965,30.7548549
9700416939,76.7578752,30.7550024
9700416941,76.7573156,30.7546587
9700416942,76.7626629,30.749992
9700416947,76.7745935,30.7392021
9700416949,76.7731965,30.7393113
9700416951,76.7722479,30.7361686
9700416959,76.7799885,30.7398622
9700416960,76.7800845,30.7399313
9700416963,76.7687903,30.7473705
9700416967,76.7642158,30.7529975
9700416968,76.7638789,30.7527625
9754292372,76.7533497,30.6932532
9754292374,76.7524804,30.6928521
9754292375,76.7530069,30.6921131
9754292376,76.7523023,30.6930456
9757076575,76.815619,30.6884031
9757076579,76.8167276,30.6886541
9757076580,76.8167188,30.6882599
9757076581,76.8161239,30.6883373
9757076582,76.8161312,30.6876799
9757076583,76.8159966,30.6876838
9757095543,76.7768789,30.7750968
9757119880,76.773695,30.7739875
9757119883,76.7755367,30.7730756
9757125547,76.7365378,30.7132329
9757125551,76.738827,30.7115782
9771068089,76.8475957,30.7259433
9771224813,76.7940116,30.7079593
9771224814,76.7937728,30.7077993
9771224816,76.7933695,30.7087141
9774075740,76.7473083,30.696438
9785211140,76.7594795,30.7163559
9785211141,76.7574294,30.7187934
9816340845,76.7643469,30.6871927
9816340846,76.7647952,30.6860895
9816340847,76.7645116,30.6867733
9816340851,76.7650847,30.686561
9849200237,76.7199811,30.7313125
9849305114,76.8126629,30.6877316
9850201054,76.7429292,30.6949012
9855277731,76.7971897,30.7352556
9855277788,76.7562747,30.7371654
9855277789,76.7559404,30.7375172
9857808638,76.8119201,30.7583586
9857808641,76.8127936,30.75831
9859804426,76.7197604,30.7605948
9859804431,76.7157751,30.7584376
9859804435,76.7196396,30.7604922
9859931787,76.7452169,30.7403773
9859931788,76.7454857,30.740067
9865435808,76.7396968,30.7433572
9865435809,76.7391034,30.7434627
9865435810,76.7393462,30.7431467
9870264822,76.7428524,30.737434
9870264827,76.7417029,30.7376083
9870264828,76.7430061,30.7384164
9870264832,76.742895,30.7374864
9872304409,76.8283419,30.7217716
9874345721,76.7815508,30.7427043
9874345727,76.7810488,30.7435408
9880503773,76.7317918,30.7239073
9880503783,76.7300948,30.7246013
9880503784,76.7312289,30.724024
9880503788,76.7303291,30.7242601
9884546151,76.7172701,30.7568612
9894640533,76.7564,30.723931
9898903343,76.7658693,30.7066665
9907377471,76.7445671,30.7351304
9907377474,76.7426626,30.7375184
9909100794,76.741152,30.7376536
9909128089,76.741144,30.7258924
9909305521,76.8312952,30.6979041
9911048780,76.7367728,30.7344174
9911048785,76.7373654,30.7342872
9911106821,76.8238672,30.6926745
9911162246,76.7756837,30.7180504
9911162249,76.7761948,30.7174721
9913871521,76.7529845,30.6934972
9913871522,76.7539725,30.6941295
9929459130,76.742043,30.7386621
9929459134,76.742195,30.738567
9929459137,76.740311,30.7411565
9929459140,76.7390293,30.7429589
9929459141,76.7382577,30.7440153
9930955669,76.8111157,30.6735727
9930955672,76.8117315,30.6737613
9930955678,76.8118265,30.6742381
9930955680,76.8119366,30.6738124
9931076535,76.7935496,30.7076191
9959226159,76.8152739,30.6955164
9959226160,76.816505,30.6954911
9959226161,76.8159363,30.6955097
9959226165,76.8143267,30.6959901
9959226170,76.814737,30.6959634
9959226173,76.8151326,30.695961
9986160690,76.7677918,30.7075317
9987643370,76.7718962,30.7337269
9992362708,76.8064505,30.7093615
9992362709,76.8066361,30.7092366
9992362711,76.8072584,30.7090152
9992362714,76.8063243,30.7092009
10003353131,76.7791083,30.7062291
10003353132,76.7791247,30.7065229
10003353133,76.779184,30.706533
10003353134,76.7795007,30.7064834
10003353136,76.7790545,30.7060962
10004331263,76.7780543,30.7153305
10004331264,76.7790915,30.715182
10006414620,76.8373897,30.7129961
10012138170,76.7429036,30.7473091
10020171450,76.8206825,30.6950839
10058001293,76.7565414,30.6999259
10058001295,76.7565058,30.6995887
10058001296,76.7558924,30.7002035
10058001297,76.7563036,30.700342
10058001302,76.756566,30.7009333
10058001303,76.7564357,30.7009563
10058001310,76.7555814,30.7011864
10058001311,76.755548,30.7002755
10058001314,76.756331,30.7001509
10058001315,76.7554919,30.7010927
10058015622,76.7459493,30.7116562
10058015623,76.745108,30.7133091
10058015624,76.7451809,30.7136265
10058015625,76.7458306,30.7128658
10058015626,76.7393947,30.7196835
10058015628,76.7398133,30.7195906
10058015629,76.7399257,30.7196585
10058015631,76.7399895,30.7199801
10058015632,76.7232774,30.7424154
10058015634,76.722917,30.742472
10058045430,76.7667614,30.6892244
10058064447,76.7837874,30.7001416
10058064451,76.7833999,30.7002761
10058064452,76.7833898,30.7001562
10058064456,76.7833016,30.6998386
10058064463,76.7840736,30.7001786
10058064465,76.7839979,30.7002722
10058064466,76.7843014,30.6998729
10058064468,76.7843854,30.6998211
10058064471,76.7835323,30.699983
10058064472,76.7836096,30.6998869
10058064473,76.7832944,30.7003279
10069816460,76.7884956,30.7400665
10069816461,76.7884801,30.7402046
10069816462,76.7884139,30.740311
10069816463,76.7877309,30.7410676
10069816468,76.7847615,30.7445711
10069816469,76.7846877,30.744662
10069816470,76.7845571,30.7447292
10069877302,76.7546858,30.7811022
10069877316,76.7524983,30.7741473
10069920724,76.7499149,30.769128
10069920727,76.7475417,30.765571
10069920728,76.7464218,30.7638624
10069920730,76.7446753,30.7611855
10069920736,76.7439256,30.7582003
10079506203,76.747713,30.7304408
10081863331,76.83331,30.7190786
10081863332,76.8332124,30.7192209
10081863333,76.8327257,30.7189121
10081863334,76.8322267,30.718513
10081863335,76.8318522,30.7181513
10081863336,76.8331202,30.7193553
10081863337,76.8326034,30.7190309
10081863338,76.8320958,30.7186115
10081863339,76.8316731,30.7182917
10088353754,76.730538,30.7238983
10088353769,76.730901,30.7243206
10088353771,76.7307341,30.7243388
10088353777,76.7301265,30.7245344
10088353778,76.7308398,30.726748
10088353792,76.7306549,30.7251591
10088353806,76.7318318,30.7242134
10088353807,76.7313111,30.7246463
10088353813,76.7291847,30.7238352
10088353826,76.7302641,30.7243434
10088353827,76.729282,30.7237119
10088353837,76.7303533,30.7242201
10088353844,76.7296616,30.724884
10088353850,76.7287282,30.7245415
10088353860,76.7289996,30.7240929
10088353869,76.7289428,30.7246318
10088353880,76.7291594,30.725677
10088353884,76.7303732,30.7247357
10088353890,76.7299601,30.7253612
10088353893,76.729548,30.725924
10088360098,76.7368028,30.722969
10088381782,76.7341854,30.7298699
10088381783,76.7338144,30.7296381
10088381785,76.7355321,30.7307161
10088381791,76.7365009,30.7295409
10088381793,76.7332323,30.7316474
10088381795,76.7360626,30.7319455
10088381800,76.7364811,30.732859
10088606219,76.735692,30.7328782
10088606224,76.7363349,30.7329908
10088606230,76.7366454,30.7321136
10088606231,76.7359688,30.7329043
10088606238,76.7347774,30.7326737
10088606243,76.7350792,30.7333593
10088606244,76.7339752,30.7319538
10088606246,76.7342471,30.7321091
10088606247,76.7343738,30.7322046
10088606248,76.7336955,30.731821
10088606253,76.7334535,30.7323446
10088606254,76.7335769,30.7324217
10088606266,76.7343832,30.7309075
10088606271,76.7340271,30.7312211
10088606290,76.7332831,30.7314391
10088606302,76.7377409,30.7341167
10088606303,76.7383969,30.734519
10088612473,76.8082812,30.6724264
10088612482,76.8069201,30.6723582
10088612490,76.8071178,30.6731192
10088612491,76.8074906,30.6730229
10088612497,76.8079739,30.6731211
10088612514,76.811825,30.6708786
10088617745,76.7322266,30.7321182
10088617749,76.7333986,30.7342686
10088617750,76.7343997,30.7352635
10088617751,76.7346011,30.7350101
10088617752,76.7352241,30.7353984
10088617753,76.7347768,30.7347892
10088617754,76.7354206,30.7351665
10088617755,76.7331942,30.7345092
10088617756,76.7337892,30.7348677
10088617762,76.7353864,30.7358568
10088648160,76.7558235,30.786574
10088675175,76.731171,30.7368825
10088686425,76.7191602,30.7379002
10088686426,76.7196625,30.7381949
10088686431,76.7193164,30.7379919
10088686432,76.7199104,30.7378947
10088686433,76.7201996,30.7380699
10088686434,76.7175287,30.7351943
10088707739,76.7219346,30.7348974
10088707740,76.7221467,30.7346554
10088707741,76.7216903,30.7347434
10088707742,76.7219557,30.734437
10088707743,76.7214436,30.7345883
10088707744,76.7216519,30.7343458
10088707745,76.721475,30.7341385
10088707752,76.7196343,30.7372446
10088707756,76.7221312,30.7387792
10088707757,76.7202621,30.7376395
10088707767,76.7211328,30.7356857
10088707770,76.7203633,30.7338327
10088707772,76.7195052,30.7348171
10088707773,76.7199149,30.734552
10088707774,76.7192099,30.7351692
10088724644,76.8079005,30.6732611
10088724658,76.8089853,30.6737377
10088724659,76.808507,30.6730921
10088724672,76.808795,30.672613
10088733619,76.7567119,30.7856366
10088733621,76.7677236,30.7774824
10088733645,76.7581121,30.7846532
10088733651,76.76484,30.77918
10088733654,76.7659267,30.7785568
10088755420,76.7584443,30.7800715
10088765171,76.8091826,30.6775584
10088765177,76.8114476,30.6769331
10088765180,76.812446,30.6766452
10088765190,76.8103016,30.6780834
10088765197,76.811835,30.6783023
10088765203,76.8106648,30.6778223
10088765204,76.8118498,30.6774857
10088765210,76.8114106,30.6769797
10088765216,76.8117453,30.6774281
10088765218,76.8128136,30.6742241
10088769236,76.8108612,30.6793955
10088769237,76.8108421,30.6785927
10088769238,76.80828,30.6784835
10088769240,76.8094342,30.6789915
10088769243,76.8123317,30.6774853
10088769248,76.8130876,30.6769358
10088769249,76.8125134,30.6769244
10088814565,76.7580042,30.7800577
10088814566,76.7581753,30.77988
10088814581,76.7593528,30.7815386
10088842631,76.7585711,30.7795536
10088842637,76.7589284,30.7790412
10088842638,76.7581549,30.7816186
10088842639,76.75829,30.7811028
10088944786,76.7214519,30.7309311
10088944789,76.7214895,30.7330699
10088944791,76.7219,30.7321388
10088944809,76.7282516,30.7319895
10088958218,76.7269497,30.7325435
10088958219,76.7267246,30.7330458
10088958229,76.7272105,30.7312517
10088958231,76.7269529,30.7316842
10088958232,76.7261664,30.7308861
10088958236,76.7266116,30.7310317
10088958237,76.7268423,30.7305612
10088958238,76.7268277,30.7311024
10089273307,76.758758,30.7801574
10089273312,76.759471,30.7801948
10089273313,76.7570837,30.7797028
10089306518,76.7564873,30.779691
10089369601,76.7216063,30.7583195
10089369602,76.7212906,30.7587701
10089369603,76.7210179,30.7586385
10089369608,76.7210788,30.7592044
10089369609,76.7226987,30.7588501
10089369612,76.7226807,30.759247
10089369616,76.7228024,30.758718
10089396663,76.7239825,30.7601809
10089396669,76.7233831,30.7604249
10089396671,76.7236718,30.7600163
10089396675,76.7232538,30.7612148
10089396681,76.7230806,30.7604826
10089396682,76.723284,30.7606025
10089396683,76.7229554,30.7610533
10089396684,76.723005,30.7602215
10089396685,76.7226912,30.760077
10089396686,76.7229827,30.7596512
10089396687,76.7228682,30.7598258
10089396688,76.7233826,30.7600739
10089396689,76.7231646,30.7599756
10089396691,76.7226995,30.7606257
10089396692,76.7234956,30.7599229
10089396694,76.7227611,30.760948
10089396695,76.7228991,30.7607316
10089396700,76.7222727,30.7606836
10089396703,76.7220216,30.7593712
10089396707,76.7223462,30.7601393
10089396712,76.7224749,30.7599719
10089396713,76.7220538,30.7597297
10089396714,76.7222634,30.7598534
10089405013,76.7232692,30.757987
10089405014,76.7229053,30.7585232
10089405015,76.7235268,30.758416
10089410517,76.7229985,30.7588219
10089410519,76.7232086,30.7589309
10089410523,76.7225572,30.7594242
10089410526,76.7218207,30.7604427
10089410530,76.7216302,30.7603427
10089410531,76.7221462,30.7592035
10089410533,76.7213951,30.7602193
10089410534,76.7217819,30.758429
10089410535,76.7214683,30.7588558
10089410536,76.7223707,30.7584936
10089410537,76.7230167,30.7575945
10089410539,76.7209531,30.7593948
10089410544,76.7204582,30.7594351
10089410547,76.7203067,30.7596481
10089410553,76.7213193,30.759359
10089431024,76.7226992,30.7584239
10089431025,76.7229165,30.7581248
10089431026,76.7225724,30.7585984
10089472928,76.8138378,30.6758115
10089472933,76.814093,30.676327
10089472934,76.813732,30.6753484
10089472935,76.8137592,30.675862
10089472936,76.8125157,30.675244
10089472944,76.811172,30.6776081
10089472950,76.8115176,30.6772721
10089472980,76.8130209,30.6741982
10089480837,76.7366843,30.7617884
10089480855,76.7373476,30.7596688
10089549653,76.7382227,30.7590773
10089559006,76.812299,30.6766558
10091267960,76.811247,30.7592161
10091340790,76.8257332,30.7612281
10091390651,76.8245303,30.7586212
10091390652,76.8231466,30.7588151
10091390663,76.8199494,30.7597082
10091390665,76.8101137,30.7592984
10091390666,76.8101943,30.7602372
10091390667,76.8115649,30.7587966
10091454356,76.8187076,30.7587621
10091454371,76.8194894,30.7584786
10091554828,76.7075921,30.7554958
10091554876,76.7141372,30.7556842
10091554879,76.7149577,30.7556928
10091554881,76.714148,30.7566044
10091554886,76.7144605,30.7561734
10091554905,76.7162959,30.7549258
10091619605,76.7378873,30.7129039
10091619608,76.7379838,30.7127153
10091619610,76.7374185,30.7126776
10091619611,76.7374554,30.7129459
10091619614,76.7372893,30.7132041
10091619615,76.736751,30.7168568
10091659824,76.7367758,30.7153247
10091659839,76.739974,30.7167598
10091659840,76.7399713,30.7173065
10091659841,76.7403948,30.7167568
10091659842,76.7394858,30.7167625
10091722229,76.7334348,30.7101833
10091722230,76.7327891,30.7097625
10091722231,76.7344297,30.710784
10091722232,76.7323103,30.7094592
10091722233,76.7332561,30.7100669
10091722240,76.7356911,30.7109176
10091722241,76.7348148,30.7103736
10091722245,76.7326429,30.7090412
10091722246,76.7336494,30.7096552
10091746509,76.7383964,30.7006063
10091746510,76.738493,30.7006679
10091746516,76.7366669,30.7173031
10091749018,76.7098913,30.7435041
10091749021,76.7114402,30.7449228
10091769075,76.7127244,30.7458884
10091769098,76.7147758,30.7470047
10091769099,76.7141183,30.7465466
10091769106,76.7141852,30.7470373
10091783434,76.714804,30.7507531
10091783439,76.7128057,30.7526767
10091783466,76.7158789,30.7534652
10091797555,76.7118385,30.7542542
10091797558,76.7160984,30.7458675
10091845769,76.8284989,30.7203673
10091845774,76.8274935,30.7197885
10091848413,76.7980097,30.6869816
10091848415,76.7981415,30.6874886
10091848416,76.7983752,30.6872393
10091934207,76.7149014,30.7548733
10091934209,76.7149268,30.7548729
10091957761,76.7975964,30.6755186
10093772560,76.7658676,30.6874961
10093772561,76.7665813,30.6891174
10093824228,76.7644897,30.6856836
10093824240,76.7649063,30.686771
10093824247,76.7653308,30.6867219
10093840024,76.7664096,30.6871782
10093840027,76.7643047,30.6856067
10093840029,76.7637918,30.6856243
10093840030,76.7639117,30.6861337
10094455843,76.7619,30.6875887
10094455844,76.7623331,30.6871017
10094486179,76.7619568,30.6907878
10094486186,76.7628201,30.6906711
10094486187,76.7613941,30.6904664
10094486188,76.7618091,30.6900354
10094539766,76.7659485,30.6921797
10094560350,76.7663938,30.7001255
10094640431,76.7735208,30.6975715
10094640437,76.7744503,30.6970738
10094665044,76.7627676,30.6862109
10094665049,76.7631985,30.6859918
10094756125,76.7657023,30.6997593
10094756126,76.7656897,30.699663
10094756128,76.7655626,30.6996426
10094756129,76.7664332,30.7002317
10094756130,76.7665293,30.700252
10094879661,76.7153071,30.7385301
10095023864,76.7722304,30.7874136
10095045276,76.7727609,30.7775769
10095207555,76.7699984,30.7808794
10095207586,76.7712865,30.7775975
10095207605,76.7718676,30.7785199
10095207611,76.7727004,30.7784612
10095207615,76.7718911,30.7779614
10095217629,76.777249,30.7824781
10095246075,76.7653427,30.7788894
10096848846,76.7824287,30.7613364
10096848851,76.7842104,30.7599139
10096848852,76.7844892,30.7601037
10096848853,76.7831399,30.7617314
10096848854,76.7810287,30.7596959
10096848855,76.7816673,30.7600826
10096848856,76.7813227,30.7598739
10096848857,76.7819579,30.7591548
10096848858,76.7816363,30.7589725
10096985288,76.7755417,30.7660068
10096985297,76.7737175,30.7687923
10096985302,76.772552,30.7691412
10097020373,76.7733543,30.7725311
10097020374,76.7727899,30.7723913
10097020378,76.7731047,30.7742221
10097020386,76.7709572,30.7769804
10097020391,76.7706145,30.7764281
10097020395,76.7737115,30.7763146
10097020396,76.7737141,30.776504
10097067871,76.7712141,30.7718722
10097067919,76.7726391,30.7746789
10097070698,76.7848611,30.759144
10097070699,76.7854659,30.7595322
10097070700,76.7851429,30.7593248
10097070701,76.7858159,30.75853
10097070702,76.7858731,30.7605595
10097070703,76.7860891,30.7603123
10097070704,76.7856351,30.7608319
10097070705,76.7855076,30.7599504
10097070706,76.7853227,30.7601871
10097070707,76.785088,30.7604933
10097083934,76.781068,30.7736538
10097083935,76.7810196,30.7756398
10097083937,76.7815055,30.7734331
10097083938,76.7815981,30.772738
10097083939,76.7812147,30.7730493
10097083941,76.7813989,30.7727099
10097093721,76.7842024,30.7615345
10097093722,76.7846629,30.7610037
10097093723,76.784873,30.7607513
10097093724,76.7857563,30.7612872
10097093725,76.7852182,30.7613595
10097093726,76.7847646,30.7618754
10097093727,76.7844432,30.7612569
10097093728,76.7850125,30.7615934
10097093729,76.7842738,30.762438
10097093730,76.7837241,30.7620955
10097093731,76.7837302,30.7615895
10097093732,76.7840027,30.7617687
10097093733,76.7845639,30.7621054
10097093737,76.7878576,30.7614069
10097093738,76.7892569,30.7622414
10097278013,76.7952132,30.7621137
10097278014,76.7952524,30.7620668
10097303736,76.7723549,30.7722824
10097303737,76.7713071,30.774899
10097303749,76.7821865,30.7623394
10097303752,76.7817768,30.7628092
10097303754,76.773943,30.7615538
10097303755,76.7738408,30.7614993
10097303757,76.7673558,30.775423
10097303758,76.7676996,30.7750914
10097303765,76.7698644,30.771734
10097411629,76.7954038,30.7620917
10097411630,76.7952148,30.7621715
10097411633,76.7952893,30.762229
10097411636,76.7949472,30.7625828
10097478489,76.7990295,30.6796781
10097478490,76.7977097,30.6811371
10097478491,76.796739,30.6805965
10097478492,76.7983195,30.6805112
10097478493,76.7969743,30.6797954
10099903503,76.7798759,30.7616166
10099909400,76.7704588,30.7776256
10099909416,76.7806837,30.7620318
10099935384,76.7551665,30.7001351
10099982146,76.7564733,30.6902762
10099982150,76.7564698,30.6901584
10099982154,76.7566017,30.6901266
10099982161,76.7566562,30.6901678
10099982162,76.7566495,30.6902698
10099982208,76.7512937,30.6976916
10099982211,76.7506381,30.69772
10099982212,76.7505533,30.6978216
10099982215,76.7504538,30.6971927
10100002977,76.759503,30.6993015
10100002982,76.7506651,30.6972106
10100002984,76.7511501,30.6970912
10100002985,76.7511045,30.6971533
10100002986,76.7511391,30.6975021
10100031012,76.7563495,30.6900725
10100031015,76.7567447,30.689956
10100031016,76.7567798,30.6900204
10100031019,76.7567807,30.6903501
10100031020,76.7568656,30.690402
10100031023,76.7564316,30.6904343
10100031024,76.7563674,30.6904063
10100031025,76.7563023,30.6900427
10100098387,76.7552277,30.691815
10100330768,76.7476272,30.6978555
10100330769,76.7466169,30.6972341
10100966860,76.8393525,30.7157869
10100966864,76.8398302,30.7161337
10100966865,76.8395922,30.7160054
10100966873,76.8399889,30.7170254
10110904536,76.7668549,30.7324041
10110997515,76.7684626,30.6953728
10110997687,76.7991199,30.689206
10118797274,76.7528441,30.7455481
10127579106,76.8330865,30.7009742
10127579110,76.83321,30.7012964
10127623936,76.8283485,30.7047071
10127623937,76.828854,30.7045847
10127629079,76.7511797,30.7156887
10127629080,76.7513264,30.7160694
10127629082,76.7514871,30.7158874
10127629083,76.7514743,30.7157599
10127903737,76.8035035,30.6916999
10127903762,76.8098027,30.6900977
10127903763,76.8034648,30.6913802
10127903787,76.8096582,30.6899509
10130220379,76.8315734,30.7125856
10135090704,76.8154095,30.7172055
10156192455,76.8380089,30.7141146
10156934535,76.8263592,30.689334
10164770601,76.7906727,30.7299166
10166264950,76.7906226,30.7140012
10166264951,76.7909306,30.7136269
10171077399,76.7430383,30.7102511
10171077400,76.743522,30.7105317
10171077401,76.7431442,30.7101318
10171077402,76.7436186,30.7104291
10171077405,76.7443281,30.7110676
10171106697,76.8032031,30.700257
10172894027,76.7720531,30.7014918
10182540279,76.7389278,30.7180961
10188289472,76.7403619,30.7154377
10199117043,76.7686202,30.7363411
10199117045,76.7638663,30.7335092
10206671991,76.7598668,30.706298
10206671994,76.7602761,30.7059209
10206671996,76.7597778,30.7057926
10211964970,76.7752601,30.7623601
10211964971,76.7756203,30.7618708
10213707497,76.7232062,30.7603372
10213707499,76.7238866,30.7603199
10213707500,76.723579,30.760145
10222939242,76.8385237,30.7118367
10222939245,76.8378438,30.7123325
10222939246,76.838036,30.7120328
10222939247,76.8381575,30.7117021
10223231882,76.7658734,30.7386657
10226893896,76.8285246,30.73295
10230398020,76.7851982,30.727198
10232859330,76.8432127,30.7242318
10236604787,76.7793312,30.7640478
10236604791,76.7797981,30.7634292
10236604795,76.7799133,30.7634863
10242162794,76.8303949,30.7361267
10242162799,76.8310875,30.7359682
10243999640,76.8007444,30.708915
10243999641,76.8017732,30.7096352
10244422010,76.7716822,30.7380071
10244425962,76.7956111,30.725506
10244425964,76.7957165,30.7258622
10244425966,76.7958208,30.7259376
10244425968,76.7956353,30.7254134
10244425971,76.7961464,30.7253953
10244425975,76.7962537,30.7254489
10244541256,76.8158433,30.6831215
10246163212,76.7877594,30.7339863
10246163214,76.7896576,30.7315301
10246163223,76.7889825,30.7324851
10246426879,76.8183983,30.718536
10248456384,76.7217051,30.760382
10255476202,76.7530198,30.7082373
10255476203,76.7531691,30.7080749
10264695049,76.7439269,30.7248989
10264695050,76.7443656,30.7251333
10264874584,76.7880005,30.7412354
10264874585,76.7879255,30.7413319
10266688531,76.8257333,30.6901725
10266688533,76.8252085,30.689299
10266688534,76.8255708,30.6893022
10266688535,76.8251934,30.6894069
10266688536,76.8259713,30.6900016
10266893880,76.7950972,30.7316234
10266893881,76.7941784,30.7326735
10273082023,76.7870865,30.7602203
10277365871,76.7936651,30.7430983
10277365872,76.7927464,30.7442597
10277365873,76.7941772,30.7425183
10277761445,76.7202335,30.7337723
10277761446,76.7203425,30.7338594
10277761447,76.7205484,30.7339957
10277761448,76.7200904,30.7333145
10277761450,76.7198406,30.7332302
10279916865,76.7984171,30.6884591
10279916867,76.7987013,30.688648
10279916868,76.7988707,30.6884323
10279916869,76.7992972,30.6886521
10279916870,76.7989741,30.6884856
10279916871,76.7992447,30.6881666
10279916875,76.7987082,30.6881218
10279916877,76.7986222,30.6882274
10281649943,76.8364117,30.7105258
10282162607,76.7607346,30.745691
10282162608,76.7606533,30.7455094
10287015908,76.7207647,30.7543305
10290624892,76.758496,30.7053508
10290624893,76.7590182,30.7053626
10290624894,76.7582789,30.7053509
10290843603,76.8375632,30.7121824
10290843607,76.8378078,30.7115685
10291074545,76.7353675,30.7164632
10291074546,76.7361095,30.7165004
10292691367,76.7978507,30.7310788
10292900404,76.8385455,30.717849
10292900405,76.8400998,30.7181821
10293019775,76.77797,30.69954
10293019777,76.7789589,30.7003651
10293019782,76.7791529,30.7001716
10293019783,76.7792919,30.7003369
10307985250,76.7973934,30.7415075
10307985257,76.7954343,30.7430376
10307985258,76.7958999,30.7428333
10307985259,76.7955976,30.7431674
10309186927,76.7679649,30.774292
10309186935,76.7689,30.7733559
10309186936,76.768649,30.7737298
10309186938,76.7684481,30.7735785
10314405664,76.8008507,30.7198151
10316205982,76.7734731,30.7511446
10316465777,76.7894119,30.6913735
10316465782,76.7885018,30.6908777
10536685355,76.8174375,30.6984189
10538439763,76.7828695,30.7421277
10538439767,76.7825644,30.7418311
10538439768,76.7829298,30.7420465
10539049693,76.7765355,30.7680326
10539049697,76.778979,30.7695798
10539049704,76.7789292,30.7708837
10539049705,76.7788572,30.7702984
10566973626,76.752162,30.7347756
10566973627,76.7531651,30.73363
10566973628,76.7524497,30.7344566
10567665020,76.8132663,30.7197484
10570352824,76.7518385,30.7364805
10570352825,76.7512439,30.7360786
10578232790,76.7650584,30.7400117
10578232791,76.7645865,30.7397384
10581828333,76.8306553,30.7218875
10583672167,76.775141,30.7124581
10583672168,76.7753471,30.7122332
10584112883,76.7788038,30.7239659
10598319020,76.7599579,30.75788
10598319021,76.760012,30.7578152
10598319022,76.7610955,30.7563983
10598319023,76.7622382,30.7548612
10598319025,76.7599527,30.7579502
10600701246,76.7595681,30.7499217
10600701247,76.7588017,30.7493869
10600701299,76.818566,30.7193379
10600701300,76.8178832,30.7187968
10600701301,76.8183145,30.7195875
10600701302,76.8184403,30.7194627
10600701303,76.817747,30.7189319
10604660953,76.8323512,30.7310662
10604660968,76.8359356,30.731571
10604660971,76.8359079,30.7307303
10604660972,76.833097,30.7332003
10617420746,76.7727181,30.7761903
10635750716,76.8441725,30.7235844
10636094107,76.7868938,30.7569296
10636155764,76.770627,30.7768424
10636657286,76.7344429,30.7176333
10636657291,76.7332865,30.7156892
10653480128,76.7840489,30.7272292
10653480131,76.7843241,30.7281505
10657610041,76.7587606,30.7395009
10665055696,76.8031201,30.6889826
10669300900,76.7677177,30.7169921
10669300901,76.7656168,30.7201536
10669300904,76.7640798,30.721354
10669347315,76.7667824,30.718241
10669347316,76.7660641,30.7190961
10695146802,76.7293008,30.7411074
10703216881,76.771446,30.7175645
10703216884,76.7721818,30.7171207
10703253714,76.7737729,30.7302495
10703253720,76.7746564,30.7302951
10712541277,76.8138164,30.7164001
10712594039,76.8350543,30.7075781
10718857369,76.7377165,30.7323719
10718857373,76.7367562,30.7340461
10742959529,76.8271565,30.7190386
10742959530,76.8273762,30.7189615
10742959534,76.8272228,30.7188972
10742959535,76.8271803,30.7190668
10742959569,76.8282366,30.7185561
10742959570,76.8283821,30.7185197
10742959571,76.8283002,30.7185402
10742959582,76.8273449,30.7190659
10742959583,76.8273942,30.7191207
10742959729,76.8477155,30.7229553
10742959738,76.8444477,30.7293107
10742959744,76.8463088,30.7255022
10742959749,76.8475371,30.7259839
10742959753,76.8444402,30.7294029
10742959754,76.844568,30.7294089
10742959755,76.8445769,30.7293198
10742959756,76.840259,30.7301497
10742959761,76.8401735,30.7301679
10742959783,76.8355245,30.7282907
10742959784,76.8365612,30.7281895
10742959785,76.8379718,30.7280456
10742959786,76.8398405,30.7278253
10742959787,76.8399408,30.7277901
10742959788,76.8353359,30.7274463
10742959792,76.8357685,30.7306539
10742959793,76.8354589,30.7283545
10742959794,76.8354509,30.7282959
10742959809,76.8333497,30.7270991
10742959810,76.8337225,30.7273014
10742959811,76.8364777,30.7304914
10804364781,76.757185,30.7854574
10804364783,76.7565297,30.7861443
10804364786,76.7562964,30.7868383
10931165665,76.7669762,30.7197296
10931165682,76.7941245,30.7425779
11042098532,76.8161472,30.6872829
11043799652,76.8325514,30.7027052
11043799654,76.8324306,30.7023148
11043799655,76.8324595,30.7024079
11043799656,76.8328839,30.702292
11046250451,76.7572113,30.7808609
11046258929,76.7569156,30.7803482
11046265145,76.7764721,30.7592093
11046278087,76.7554048,30.7728025
11046284764,76.7166925,30.7586811
11046284766,76.7201472,30.7569255
11046284770,76.7193925,30.7568039
11046284772,76.718828,30.755288
11046311659,76.7893745,30.6934169
11046311660,76.7933388,30.6886195
11046320433,76.7205224,30.7340258
11046323837,76.812783,30.7407158
11046366088,76.7093003,30.7524896
11046366090,76.7092842,30.7515379
11046369201,76.8304744,30.7017355
11046425595,76.8135405,30.75
11046460415,76.7902177,30.7389772
11046460420,76.790985,30.7384472
11046468217,76.7177608,30.7520205
11046468218,76.7176482,30.7518469
11046474840,76.7937607,30.7346296
11046546543,76.7401035,30.6926854
11048056275,76.8110534,30.728589
11050399413,76.7399028,30.7332659
11052204235,76.7787368,30.7291756
11052204236,76.7783307,30.7296499
11052232218,76.7776207,30.7472582
11052247008,76.7818054,30.7196059
11064609719,76.7174929,30.7570308
11066553469,76.8387774,30.7209809
11066677786,76.7826438,30.7425309
11066677787,76.7833572,30.7429562
11068168075,76.7394325,30.715092
11068168076,76.7388294,30.7150926
11068294063,76.7691541,30.7209236
11068294066,76.7701497,30.7215113
11068671773,76.7399787,30.7331525
11068724167,76.803465,30.7348946
11068724169,76.8037513,30.7344839
11071031943,76.7180054,30.7520933
11095266763,76.7937507,30.7464782
11095269800,76.7846764,30.7410005
11095301725,76.7343667,30.7581932
11096369194,76.7840022,30.6912327
11096369203,76.7823181,30.6908007
11096494939,76.7399381,30.7548287
11096494940,76.7399435,30.7550507
11143552734,76.8232519,30.6883299
11143552737,76.8234374,30.6880882
11143552740,76.8233151,30.6872993
11143552744,76.8224911,30.6873127
11145895149,76.7812347,30.7037986
11145895153,76.7813221,30.703792
11145895154,76.784142,30.7050305
11145895155,76.7841334,30.7049587
11145895158,76.7848745,30.7041694
11145895160,76.7848134,30.7041733
11176694920,76.8407605,30.7136674
11240437814,76.8146629,30.7140109
11245169223,76.7904444,30.7310682
11245169224,76.7903016,30.731093
11276609746,76.7641164,30.7072594
11372753873,76.7843188,30.7175501
11372753874,76.784518,30.7176801
11372935439,76.7458898,30.7636026
11372935440,76.7403258,30.7637138
11372935442,76.7433378,30.7653595
11372935443,76.7403896,30.7645022
11372935444,76.7443147,30.7645034
11372935445,76.7442901,30.762784
11372935447,76.7443041,30.7636205
11400820164,76.7613826,30.6952073
11400843770,76.7615618,30.6950096
11400843793,76.760859,30.6949324
11400843797,76.7610232,30.6946796
11400843958,76.7621678,30.6955156
11400843967,76.7618637,30.6954348
11400843970,76.760122,30.6942327
11400843998,76.7604403,30.6945259
11400844007,76.7608637,30.6949864
11400844015,76.761269,30.6952395
11400844032,76.7611656,30.6946328
11400844034,76.7615712,30.6949587
11401100464,76.7498022,30.7056729
11401103386,76.7515779,30.7068039
11401103388,76.75029,30.7069991
11401103456,76.7510354,30.7061324
11401103457,76.7511719,30.7062319
11401103458,76.7511999,30.7065615
11401103459,76.7511278,30.7066445
11401103460,76.75075,30.7067147
11401103461,76.7506298,30.706176
11401103463,76.7505452,30.706269
11401103470,76.7506101,30.7066382
11416192125,76.7956732,30.6913542
11416192133,76.7952934,30.6910391
11416192134,76.7950219,30.6907345
11416192135,76.7946386,30.6901962
11416192136,76.794579,30.6902472
11499362893,76.7486364,30.7419363
11499362897,76.7483379,30.7412163
11499362898,76.7476033,30.7412839
11499362899,76.747596,30.7414035
11499362900,76.7476845,30.7418871
11502879185,76.8354026,30.7101467
11568494238,76.8133965,30.7273157
11568494242,76.8134613,30.727601
11672830790,76.8330019,30.7011387
11672830798,76.8314068,30.7016151
11672830799,76.8316492,30.7023023
11672830800,76.8320875,30.7022021
11672830801,76.8327113,30.7017533
11672830804,76.8325279,30.7022924
11700261798,76.7709939,30.753044
11700435344,76.7480016,30.7498127
11700435347,76.7486633,30.7490245
11700441958,76.7594495,30.7426014
11700441959,76.7603213,30.7431679
11700446572,76.747397,30.7494345
11700446577,76.7480538,30.748639
11700522221,76.7976912,30.6914747
11700522222,76.796901,30.691144
11700607649,76.7937984,30.6870629
11700607650,76.7942261,30.6865684
11702742431,76.7940496,30.7414623
11702742432,76.794616,30.7418182
11703297547,76.7949949,30.7408359
11703297548,76.7957564,30.7398855
11703297549,76.7960897,30.7400754
11703298560,76.7955412,30.73976
11703312276,76.7931233,30.7408998
11703312277,76.7936199,30.7412023
11703336314,76.7373241,30.7438256
11703369139,76.7407267,30.7150417
11703578525,76.7986369,30.7317296
11703578531,76.7987646,30.7315942
11703643746,76.7963633,30.7341888
11703719408,76.7975827,30.7302451
11703728691,76.8150601,30.6971145
11703728692,76.8159983,30.6970614
11703738199,76.8001842,30.6874358
11703738200,76.799609,30.6870098
11703739005,76.7942129,30.6929452
11703739007,76.7938741,30.6927533
11703739008,76.7941291,30.6924265
11703827192,76.8024921,30.6885759
11703827194,76.8025561,30.6890759
11703827195,76.8028127,30.6887995
11703827196,76.8023641,30.6892764
11703867031,76.7373882,30.7548839
11703867035,76.7376651,30.7542348
11703867036,76.7373916,30.7542322
11703867037,76.7378238,30.7542272
11703867038,76.737666,30.7544058
11703867041,76.7381766,30.7543833
11703867042,76.7378302,30.754398
11703867043,76.7378208,30.7539668
11703867044,76.7376617,30.7548476
11703867045,76.7381746,30.7548402
11703867049,76.7376673,30.7546754
11703867050,76.7381775,30.7550465
11703867051,76.7378513,30.7548449
11703867052,76.7378471,30.7550457
11703904073,76.7371703,30.756166
11703904076,76.7371963,30.7565112
11703904077,76.7374031,30.7565116
11703904078,76.7371667,30.7563076
11703904079,76.7364335,30.7563221
11703904080,76.7367837,30.7563152
11703904081,76.736786,30.7561615
11703904082,76.7369612,30.7563117
11703904085,76.7359155,30.7565259
11703904086,76.7364335,30.7565273
11703904087,76.7361339,30.7571851
11703904088,76.7361197,30.7568191
11703904090,76.7354105,30.7571988
11703920355,76.7940328,30.7306447
11703920356,76.7941225,30.730914
11703928673,76.7941877,30.7308924
11703932920,76.8186363,30.7199143
11703932925,76.8189141,30.7196342
11703942625,76.7955075,30.7289636
11703942626,76.7955222,30.7289294
11703942628,76.7955534,30.7288669
11703942631,76.7950523,30.728604
11703942632,76.7950722,30.7285873
11703942637,76.7945925,30.7291108
11704433746,76.8003603,30.7368851
11707400620,76.8127481,30.7216424
11707460588,76.8127525,30.7223479
11707460618,76.7394473,30.7121444
11707460619,76.7404181,30.7121545
11707465875,76.8074124,30.7237898
11707465876,76.8073343,30.7229941
11707507145,76.7656103,30.7423644
11707507146,76.7656812,30.7425668
11707538020,76.7394847,30.71673
11707538021,76.7391095,30.7167379
11707542144,76.7394342,30.7124996
11707542145,76.7401079,30.7124922
11707560821,76.739439,30.7127956
11707560822,76.7398743,30.7127893
11707571474,76.7415777,30.7160129
11707571475,76.7415902,30.7163602
11707604365,76.7895314,30.7124804
11707775817,76.7416495,30.7198669
11707852544,76.7451844,30.7220186
11707903883,76.7456868,30.6945027
11707958466,76.7860363,30.7563187
11707958467,76.786104,30.7563611
11708109867,76.7589438,30.7084082
11708114169,76.7599146,30.7083402
11708127081,76.7584543,30.7090423
11715618215,76.8023071,30.7149249
11715618216,76.8019759,30.7153415
11715666921,76.7643128,30.7007946
11715680697,76.7658034,30.7009891
11715680698,76.7655257,30.7013227
11715688427,76.7851305,30.7185572
11715694798,76.7883873,30.720477
11715726951,76.7706959,30.6960462
11715812424,76.7326545,30.7347159
11715812425,76.7309361,30.7336554
11715812426,76.7315433,30.7340302
11715812427,76.7321491,30.734404
11715817067,76.7292605,30.7574459
11715817068,76.7278846,30.7560406
11715827325,76.7357687,30.7544023
11715827326,76.7357716,30.7547914
11715827327,76.7350097,30.7544046
11715827328,76.7350064,30.7550987
11715827329,76.7353991,30.7554026
11715827330,76.7354037,30.7544034
11715827331,76.7354005,30.7551004
11715827969,76.7278294,30.756376
11715847370,76.777101,30.7050777
11715847371,76.7778751,30.7055379
11715847372,76.7783465,30.7058802
11715847373,76.7766323,30.7047749
11715963893,76.7764464,30.7067508
11715967322,76.7869444,30.7257109
11715967327,76.787983,30.7263472
11715971022,76.7728491,30.7444338
11715971024,76.7723233,30.7450842
11715971025,76.77205,30.7448639
11715971028,76.7730159,30.7458232
11715974425,76.7605389,30.7101744
11715990535,76.7618455,30.7123504
11716006484,76.7267077,30.7413057
11716006485,76.7268079,30.7408778
11716032501,76.7549491,30.7055875
11716184783,76.8136686,30.7198002
11716184784,76.8142256,30.7202048
11716194740,76.7375167,30.7344001
11716239569,76.7387647,30.7159231
11716239570,76.7375616,30.7159346
11716433375,76.7654599,30.7380549
11716433376,76.7652477,30.737915
11716532017,76.8121904,30.7117071
11716532018,76.8122487,30.7117833
11716532019,76.8123276,30.7116279
11716532021,76.8121112,30.7118049
11721800087,76.7197083,30.7326618
11721800088,76.7205172,30.7331627
11721800089,76.7202587,30.7329945
11721800090,76.7208157,30.7333293
11721800091,76.7210657,30.7334871
11721800092,76.7199847,30.732821
11721809906,76.7723445,30.7739808
11721809907,76.7729544,30.7741089
11721812172,76.7862381,30.737701
11721812173,76.7862963,30.7375989
11721824231,76.8119987,30.6769289
11721824235,76.8120578,30.6766593
11721824238,76.8120673,30.6763988
11721896010,76.740471,30.6946115
11721935811,76.7734202,30.7765317
11721935816,76.773894,30.7763113
11721970739,76.7727434,30.7770719
11721970740,76.773428,30.7770327
11721970745,76.7727208,30.7762726
11721985927,76.7710854,30.7748296
11721985928,76.7710164,30.7754631
11721985930,76.7708111,30.7757397
11722018569,76.7677703,30.7169325
11722166000,76.7908879,30.7306192
11722166001,76.7909661,30.7306657
11722166002,76.791745,30.729744
11722166003,76.7916759,30.7296963
11722316558,76.8272158,30.7024195
11722316563,76.8261859,30.7029146
11722316565,76.8208486,30.6953315
11724044570,76.7305008,30.721738
11724239718,76.7582402,30.7274351
11724239726,76.7584693,30.726997
11724239738,76.7586411,30.7278054
11724239742,76.7584323,30.7282046
11724239745,76.7581642,30.7274486
11724239746,76.7587365,30.7278581
11724276354,76.7608586,30.7242253
11724276356,76.7603096,30.7247859
11724276358,76.7606737,30.7241486
11724276359,76.7607291,30.7242363
11724276360,76.7608058,30.7242901
11724276361,76.7613508,30.724623
11724276362,76.7614631,30.7246427
11724276363,76.7612922,30.7245872
11724276364,76.7613464,30.7245258
11726200159,76.7564403,30.7305998
11726200160,76.7556355,30.7305844
11726200161,76.7555791,30.7306515
11726200164,76.7561559,30.730936
11726200168,76.7557008,30.7306268
11726317432,76.7536454,30.7330194
11726317436,76.7534367,30.7333648
11726317448,76.7537604,30.7341712
11726317456,76.7533456,30.7333626
11726317457,76.7540172,30.733831
11726317458,76.7539374,30.7338252
11726320569,76.7556454,30.7306935
11726320570,76.7553858,30.7309387
11726320573,76.7561017,30.730843
11767954768,76.7742727,30.7033453
11836384119,76.7538832,30.7053434
11836384120,76.7544992,30.7057251
11836480030,76.7907001,30.7370495
11836480031,76.7913762,30.7374687
11836495471,76.7544664,30.7057653
11836495472,76.7547418,30.7059243
11836502050,76.7904347,30.7380213
11836502051,76.7910627,30.7372743
11836519700,76.7721432,30.7355975
11836831635,76.7458035,30.7453678
11836978746,76.7437413,30.7477185
11840545688,76.7810775,30.734435
11840545689,76.780358,30.7352918
11840545690,76.7804407,30.7351957
11840580567,76.7863695,30.7355785
11840606773,76.7865652,30.7357814
11840606776,76.7865733,30.7356459
11840743185,76.7949977,30.7356368
11840890086,76.768101,30.7259693
11840890096,76.7688294,30.726449
11840890101,76.7684229,30.7259177
11840890105,76.7686049,30.726707
11840890106,76.7687637,30.7261055
11840890108,76.7678641,30.7262411
11840890109,76.7682305,30.7267563
11842964619,76.7184594,30.7395491
11843345357,76.7403708,30.6938247
11843345358,76.7401563,30.6940889
11843345359,76.7399065,30.6944009
11843360288,76.7396504,30.6937911
11843360289,76.7406543,30.6943821
11843369359,76.7425067,30.6932285
11843445446,76.767504,30.6917995
11843445447,76.767863,30.6920169
11843450399,76.7665956,30.6910258
11843471507,76.7667385,30.6926787
11843473102,76.765744,30.692043
11843476672,76.7661606,30.6915484
11843504625,76.7706853,30.6932719
11843504626,76.7700686,30.6928766
11843589475,76.7417474,30.7086357
11843589476,76.7422343,30.7089538
11843591614,76.7429382,30.7115717
11843591615,76.7424725,30.7121877
11843654547,76.7399746,30.7165844
11843658035,76.7380545,30.7151033
11843658036,76.7388218,30.7153622
11843695450,76.7476767,30.7130549
11843695451,76.7477962,30.7129099
11843718826,76.7483816,30.7134731
11843725399,76.7753161,30.7495713
11843725400,76.7753976,30.749624
11843725401,76.7751809,30.7498706
11843725404,76.7754254,30.7497891
11843725405,76.7750932,30.7498293
11843725409,76.7751067,30.7495894
11843730289,76.7500688,30.713607
11843963028,76.7809507,30.74999
11844291030,76.7501355,30.7145772
11844291034,76.7504255,30.7145651
11846029517,76.797991,30.6909688
11846029518,76.7986624,30.6912143
11846038345,76.8015843,30.6886636
11846038346,76.8014279,30.6888291
11846042739,76.7977306,30.688746
11846079598,76.7957082,30.6906475
11846079599,76.7955099,30.6905101
11846080026,76.7549742,30.6997877
11846102652,76.8013903,30.6885323
11846102653,76.7955509,30.690806
11846102654,76.7953594,30.6906562
11846102659,76.8129147,30.6938361
11846102660,76.812128,30.6938741
11846102661,76.8128142,30.6936874
11846102662,76.811275,30.693703
11846102663,76.8126555,30.6934525
11846102664,76.8118704,30.6934736
11846102665,76.8124324,30.6931194
11846102666,76.8119103,30.6931507
11846142403,76.7958329,30.6905085
11846142404,76.7956648,30.6904052
11846145816,76.8021429,30.6883324
11846145817,76.8017988,30.6880914
11846145818,76.8012358,30.6886992
11846159295,76.795965,30.6903613
11846159296,76.7957799,30.6902395
11846161700,76.8153224,30.6883976
11846253981,76.773845,30.7038796
11846253982,76.7760042,30.7052379
11846293385,76.7537483,30.6968186
11846293386,76.7546053,30.6957794
11846310629,76.7323595,30.7319466
11846311899,76.7783407,30.7054546
11846313057,76.794604,30.7082852
11846313058,76.7947904,30.7080544
11846329940,76.7943299,30.7081173
11846329941,76.7945184,30.7078983
11846332694,76.7774104,30.705227
11846332695,76.7767665,30.7071065
11846332696,76.7772103,30.7065683
11846336920,76.7957495,30.7089865
11846336921,76.7959225,30.708774
11846337651,76.7761143,30.7062614
11846337652,76.77652,30.7065106
11846351361,76.7949029,30.7084682
11846351362,76.7950694,30.708247
11846351658,76.7951958,30.7086475
11846351659,76.7953674,30.7084212
11846352550,76.7934864,30.7091285
11846352551,76.7937642,30.7087924
11846355113,76.7954807,30.7088219
11846355114,76.7956598,30.7085866
11846376305,76.7493415,30.6941099
11846376306,76.7502842,30.6929643
11846376307,76.7511952,30.6942242
11846376308,76.7499171,30.6934104
11846380453,76.7937776,30.7093045
11846380454,76.7940391,30.7089664
11846380872,76.736643,30.7293796
11846387919,76.79434,30.7096445
11846387920,76.7946154,30.7093312
11846388472,76.7946381,30.7098258
11846388473,76.794895,30.7095082
11846390383,76.7949244,30.7100057
11846390384,76.7951747,30.7096852
11846391766,76.7940796,30.7094871
11846391767,76.7943388,30.7091561
11846398894,76.7539346,30.7193499
11846398895,76.7543765,30.7196261
11846410941,76.7870352,30.7001517
11846443306,76.7747837,30.7092208
11846443307,76.7750605,30.7089033
11846443309,76.7754401,30.7081963
11846443310,76.7758216,30.7084421
11846443316,76.776082,30.7086017
11846443317,76.7761889,30.7086659
11846461190,76.7596303,30.6991276
11846497182,76.757678,30.7014658
11846501913,76.7916803,30.7395955
11846575364,76.7494225,30.7263674
11846575365,76.7498975,30.7265149
11846577629,76.7507998,30.7258802
11846577630,76.7506337,30.7261378
11846583497,76.749508,30.7261793
11846583498,76.7500221,30.7263553
11846590497,76.7492725,30.7266977
11846590498,76.7495274,30.7268032
11846594944,76.7502016,30.7256597
11846594945,76.7500302,30.7259787
11846606888,76.7502376,30.7263314
11846606889,76.7505743,30.7257971
11846614950,76.770543,30.7292217
11846645635,76.7618835,30.7288755
11846759867,76.7821076,30.7230213
11846795807,76.7675298,30.7403514
11846795808,76.7662727,30.7395891
11846796537,76.7805894,30.7206205
11846800450,76.782764,30.7322926
11846800454,76.7821068,30.7330488
11846803027,76.7657346,30.7389649
11846815069,76.7652589,30.7387587
11846815070,76.7644939,30.7382754
11846844682,76.7861586,30.7349207
11846844683,76.7845582,30.7339366
11846889917,76.7547712,30.7385767
11846889918,76.7545698,30.7388159
11846906590,76.7881447,30.7318873
11846906591,76.7865092,30.7308775
11846906592,76.786898,30.7311176
11846970216,76.7905447,30.738086
11846973925,76.787054,30.7364066
11847007020,76.7513726,30.7451292
11847007021,76.7518817,30.7454146
11847039668,76.7895723,30.7430359
11847049869,76.7893488,30.7433517
11847108299,76.7997474,30.74192
11847112577,76.7631456,30.7494049
11847130090,76.7959797,30.7257366
11847130094,76.7955072,30.7262096
11847130095,76.796512,30.7250929
11847130096,76.7961726,30.7258572
11847137635,76.796044,30.725669
11847349571,76.7757814,30.7536587
11847349572,76.7755475,30.7535437
11847349573,76.7755132,30.7530719
11847349574,76.7759932,30.7533585
11847349575,76.7760503,30.7528879
11847349576,76.7757849,30.7532341
11849467697,76.8062997,30.7238683
11849467698,76.8062329,30.7232082
11849467707,76.8063133,30.7236305
11849479632,76.8060389,30.7241423
11849479633,76.8058681,30.7241048
11849533425,76.8072098,30.7229646
11849533426,76.8072329,30.7227777
11849603101,76.8007394,30.7296273
11853096496,76.7745835,30.7542599
11853096497,76.7744447,30.7549984
11853096498,76.7749054,30.7544514
11853671748,76.7867207,30.7627713
11853671749,76.7878753,30.7634794
11853710502,76.7881573,30.760431
11853710503,76.7878374,30.760239
11853710504,76.7885037,30.7606389
11853757074,76.7877615,30.7605936
11853757078,76.7873704,30.7604753
11853796761,76.7870872,30.7527813
11853801355,76.7840637,30.7589353
11853801358,76.784727,30.7593027
11853801359,76.7841891,30.7589723
11853801363,76.7851684,30.7587803
11853801364,76.7845329,30.758394
11853817942,76.7872695,30.7525596
11853835038,76.7978922,30.7525535
11854029447,76.8329846,30.7139193
11854063021,76.8319357,30.712291
11854063022,76.832302,30.7125705
11854063023,76.8322496,30.7120358
11854063024,76.8332948,30.7125244
11854103318,76.8338714,30.7123293
11854103319,76.8349785,30.7126478
11854103320,76.834193,30.7124218
11854103321,76.8345431,30.7117162
11854103324,76.8343773,30.7120505
11854103325,76.8348187,30.7126018
11854103328,76.8349213,30.7116282
11854114038,76.8324468,30.712128
11854114048,76.8328999,30.7123398
11854118032,76.8268107,30.7180184
11854118033,76.826995,30.7181173
11854118052,76.827154,30.7182991
11854131000,76.8306661,30.7149742
11854131007,76.8302104,30.7154947
11854131010,76.8303312,30.7153567
11854165047,76.8336967,30.7147717
11854165053,76.8331053,30.7143021
11854165058,76.8338124,30.7145853
11854178773,76.8276235,30.7168097
11854178774,76.8284627,30.7175473
11854178775,76.8285644,30.7174355
11854178776,76.8280929,30.7172814
11854178777,76.8281947,30.71717
11865112038,76.8334597,30.7160897
11865112039,76.832304,30.7155102
11865112040,76.8323218,30.714923
11865112041,76.8312092,30.7176989
11865112043,76.8305422,30.7174106
11865112045,76.8317409,30.718041
11865112046,76.8310582,30.7169724
11865112047,76.8321345,30.7176715
11865112049,76.8315921,30.7173192
11865314234,76.8340849,30.7161698
11865314235,76.8344089,30.7162892
11865314236,76.8337326,30.7165034
11865314237,76.8343516,30.7167362
11865425557,76.7751665,30.7400468
11865425560,76.7748753,30.7391204
11865426640,76.773525,30.7405715
11865426641,76.7735277,30.7396795
11865656621,76.7727232,30.7726944
11865656622,76.7730075,30.7727687
11865656623,76.772753,30.7725627
11865656624,76.7722135,30.7723929
11865682521,76.7523521,30.7042603
11865682526,76.7528196,30.704089
11865682527,76.7526375,30.7045455
11865682532,76.7524732,30.7050785
11865683557,76.7844027,30.7281799
11865683560,76.7853927,30.7281005
11865689668,76.7984515,30.7452117
11865724513,76.7618426,30.7239329
11865724514,76.7619009,30.7239734
11865727691,76.8353067,30.7224462
11865727693,76.8356993,30.7222423
11865727694,76.8359143,30.7218017
11865727695,76.8366225,30.7220486
11865727696,76.8353503,30.7223814
11865727697,76.8355838,30.7224651
11865727699,76.8357986,30.722552
11865727700,76.8355603,30.7216912
11865731026,76.8320423,30.7235104
11865731028,76.8320778,30.7231405
11865734969,76.8317205,30.723597
11865734972,76.8317362,30.7231313
11865761985,76.830763,30.7200669
11865761988,76.8305032,30.7197707
11865778923,76.8310995,30.7198158
11865778924,76.8313286,30.7193306
11865941793,76.7844622,30.7083712
11865970502,76.7858129,30.7368462
11865970504,76.7855332,30.7371233
11865970505,76.7855928,30.7370499
11865973312,76.7778394,30.7142879
11865973315,76.7788961,30.7141658
11865973316,76.7778751,30.7152866
11865973319,76.7777838,30.7143907
11868066123,76.8293019,30.7091954
11868066125,76.8294041,30.7095348
11868078855,76.7733179,30.7392872
11868091095,76.789322,30.7047939
11868091096,76.7893947,30.7049948
11868104696,76.7837198,30.7086426
11868220913,76.8022088,30.7187403
11868220914,76.8022732,30.7187799
11868408126,76.8233499,30.6842723
11868421576,76.8243967,30.6844077
11868421579,76.8229699,30.6842442
11868497913,76.8011834,30.7203931
11868497919,76.8016088,30.7202919
11868497920,76.801053,30.7199422
11868497926,76.8011309,30.7203882
11873202128,76.8165267,30.7003779
11873202129,76.8165287,30.6999185
11873230258,76.8162446,30.6989074
11873262244,76.8161973,30.7002093
11873263615,76.8161841,30.7010949
11873270641,76.8171816,30.7007131
11873270645,76.8155713,30.7011055
11873273223,76.8152751,30.6974442
11873273224,76.8161904,30.697415
11873274872,76.8175338,30.6987303
11873279451,76.8157432,30.6986918
11873279452,76.8151504,30.6986858
11873284171,76.815688,30.6989715
11873284172,76.8151411,30.6989751
11873301945,76.738565,30.7132262
11873301946,76.7384437,30.7136193
11873326313,76.815458,30.6977245
11873326314,76.8147959,30.6977474
11873380220,76.7455026,30.6986643
11873380469,76.8159831,30.6992784
11873425335,76.7368,30.7162125
11873425336,76.7374079,30.7155251
11873439850,76.7394952,30.7169959
11873439854,76.7391484,30.7172796
11873452649,76.7606159,30.7058541
11873464610,76.7539384,30.7052765
11873464611,76.7545534,30.7056586
11873517596,76.8117915,30.6764438
11873722076,76.8002436,30.7439828
11873722080,76.7989768,30.7445937
11873735095,76.7341877,30.7560517
11873735097,76.734627,30.7558157
11873767990,76.8124747,30.7589071
11873789901,76.8086248,30.7069163
11873789902,76.8092788,30.7065212
11873966206,76.8105385,30.7592725
11873966207,76.8105807,30.7597208
11873986357,76.8164715,30.7572934
11873986360,76.8159758,30.7568987
11878648613,76.8179673,30.7216913
11878660592,76.8186444,30.7210019
11878660593,76.8190877,30.7213153
11878661784,76.8182713,30.7213837
11878661785,76.8187148,30.7216914
11878661786,76.8184639,30.7215174
11878661787,76.818713,30.72126
11878661788,76.8185939,30.721383
11878661789,76.8188412,30.7215558
11878671241,76.8185884,30.7218106
11878671677,76.8172441,30.7220698
11878671678,76.8172818,30.7220196
11878678676,76.8189859,30.7214834
11878691284,76.8217726,30.720661
11878756723,76.8309336,30.7345409
11878756724,76.8306112,30.7345715
11878756888,76.8309295,30.7364481
11878756889,76.8306862,30.7363414
11878782525,76.8294346,30.7365131
11878782526,76.8294951,30.7358825
11878784618,76.8302069,30.7314047
11878784619,76.8300548,30.731606
11878801272,76.8302909,30.7369613
11878801273,76.8304268,30.7366896
11878804250,76.829267,30.7347191
11878814243,76.8299158,30.7348185
11883473037,76.8403789,30.7179541
11883473041,76.8395586,30.7169834
11883473045,76.8402187,30.7179028
11883473046,76.8402877,30.7151606
11883473048,76.8406114,30.7155271
11883473049,76.8410414,30.7156566
11883473052,76.8403914,30.7163178
11883473053,76.840584,30.7159516
11883473056,76.8408402,30.7160832
11883473057,76.8404964,30.7163558
11883473058,76.8401956,30.7168203
11883473059,76.8402827,30.7166857
11883473060,76.8399968,30.7165055
11883506550,76.8462234,30.711592
11883506551,76.8467553,30.7122366
11883506557,76.8465704,30.711758
11886474776,76.7972083,30.7570117
11890732874,76.7695969,30.7715764
11890732877,76.769604,30.7719337
11890933887,76.7754936,30.759436
11890933891,76.7763867,30.7592655
11890933892,76.7753632,30.7586774
11890933895,76.7763245,30.758261
11890933898,76.7752841,30.7585262
11890955218,76.7810462,30.7527006
11891020645,76.784991,30.7475607
11891042743,76.7650668,30.7521436
11891042747,76.7649657,30.7514503
11891042750,76.7640992,30.752301
11891042751,76.764258,30.7523425
11891042754,76.7650212,30.7522025
11891228194,76.7996685,30.6955463
11891228198,76.8032815,30.7002107
11891228203,76.7992339,30.6949942
11891228204,76.799088,30.6951855
11892750643,76.8033624,30.7003138
11892857419,76.7979948,30.6957754
11892857420,76.7981349,30.6956644
11892857421,76.7985091,30.6956402
11902702272,76.7735928,30.7295134
11902702278,76.7743793,30.7294388
11902702279,76.7744831,30.730071
11902702282,76.7743297,30.7296308
11902702316,76.8126454,30.7114424
11921998957,76.7416739,30.7376708
11921998961,76.7419638,30.738593
11936422651,76.8084151,30.6773665
11936422655,76.8113531,30.672668
11936422659,76.8118729,30.6718217
11936469688,76.8083617,30.67746
11955282112,76.7429635,30.7479526
11955327813,76.7404838,30.7502768
11955327814,76.7407979,30.7501188
11955327815,76.7407187,30.7504181
11955327818,76.7405347,30.750369
11955327820,76.7405352,30.7503281
11955327822,76.7405646,30.7502957
11955327826,76.7406792,30.7503596
11955327827,76.7406557,30.7503967
11955327830,76.7406108,30.7502853
11955327838,76.7406759,30.7503278
11955327844,76.7405979,30.7504129
11955403175,76.7396283,30.7512125
11955442408,76.7335772,30.7503608
11955442409,76.7335319,30.7504203
11955442410,76.7337968,30.7500466
11955442414,76.7333459,30.7502191
11955624299,76.7516061,30.7069452
12005616288,76.7867905,30.7568654
12005616289,76.7868522,30.7569046
12094604541,76.7961927,30.7244215
12094654788,76.7805065,30.7432008
12094654789,76.7802209,30.7432014
12094708221,76.716274,30.7392461
12094708222,76.7165645,30.7388721
12094731709,76.7151771,30.7380329
12095095703,76.7498879,30.7356335
12095095704,76.751031,30.7363297
12095095705,76.7505526,30.7348212
12095095706,76.7517154,30.7355294
12095174196,76.7475505,30.7358749
12095191998,76.7539684,30.7374094
12095191999,76.7543049,30.7369833
12095198630,76.7566483,30.7287259
12095217258,76.7464057,30.7017062
12095228112,76.7452181,30.7036426
12095321956,76.7394604,30.7159382
12095321957,76.7397231,30.7159354
12095322631,76.7437016,30.710701
12095322632,76.7444704,30.7098074
12096423888,76.7516252,30.7526596
12096424285,76.7575258,30.7547878
12096424286,76.7571978,30.7552158
12096444513,76.7588537,30.7409322
12096444514,76.7583608,30.740625
12096444516,76.7584053,30.7410677
12096444517,76.758618,30.7407795
12096444518,76.7588673,30.7413494
12096444519,76.7590743,30.7410751
12096444520,76.7593533,30.7412558
12096447039,76.7530454,30.7535325
12096450016,76.7507868,30.7514739
12096450017,76.7512783,30.7508702
12096450018,76.7520758,30.7498819
12096541235,76.7704547,30.7344947
12096541239,76.7717374,30.733626
12096565228,76.8283695,30.7308282
12096565229,76.8284487,30.7313786
12096565230,76.8277792,30.730889
12096565232,76.827855,30.7314881
12096594485,76.8286837,30.7307959
12096594487,76.828762,30.7313967
12096605366,76.8264171,30.7310379
12096605368,76.8265541,30.7321172
12096681897,76.7427269,30.7120335
12096706402,76.7722529,30.7432818
12096706403,76.7728424,30.7436356
12096714136,76.7451976,30.7111148
12096714137,76.74468,30.7113085
12096714138,76.7447762,30.7108579
12096714139,76.7444853,30.7112028
12096714140,76.7444578,30.7109077
12096714141,76.7439155,30.7108499
12096737240,76.7422632,30.7095746
12096737241,76.7427655,30.7098868
12096737806,76.7430568,30.7095395
12096737808,76.7428337,30.7101819
12096969351,76.7529889,30.7060933
12096969353,76.7534883,30.7064043
12096970597,76.7536301,30.7064866
12096991778,76.8165672,30.6816531
12096991779,76.8166432,30.6813838
12096991784,76.8168001,30.6817864
12096991785,76.8162838,30.6812433
12102913246,76.8090931,30.7255893
12194076383,76.8464021,30.7255345
12194076384,76.8463995,30.7254267
12194076385,76.8463712,30.7254816
12194076386,76.8464607,30.7255478
12219383667,76.7394315,30.7548151
12255408333,76.7924476,30.7573813
12282371826,76.7505264,30.714867
12282371828,76.751227,30.7149533
12282371833,76.7507168,30.7146355
12282371846,76.7512268,30.7150934
12295766275,76.8270581,30.7188707
12334221512,76.8289015,30.7500999
12373210284,76.7587872,30.7038275
12373437315,76.7952775,30.7171857
12373474170,76.7987978,30.7189314
12373474171,76.7989748,30.7190252
12373557164,76.747857,30.6919237
12373557165,76.7488033,30.6925153
12375013015,76.7551149,30.6921008
12375013016,76.7552914,30.6933767
12375622083,76.7871541,30.7364696
12375623684,76.7865698,30.7260175
12375719376,76.7979091,30.7527341
12375719378,76.7977842,30.7526913
12375826112,76.7625709,30.7036047
12375826120,76.7626882,30.7036799
12375889331,76.763054,30.7039142
12375889337,76.7631495,30.7039754
12375889587,76.7623112,30.7040464
12375889588,76.7620868,30.7043142
12375889589,76.7627116,30.7042876
12375889590,76.7625508,30.7045063
12375932085,76.7628143,30.7043503
12375932086,76.7626377,30.7045749
12376125580,76.765265,30.7278788
12376126093,76.7666005,30.7262459
12376137262,76.7658085,30.7272262
12376139248,76.7655318,30.7275418
12376141545,76.7663535,30.7265594
12376146443,76.7660949,30.7268711
12397182125,76.8299831,30.718205
12397182126,76.8295028,30.7179683
12508993460,76.8368169,30.7095689
12520070434,76.8308994,30.7188727
12543305440,76.7785865,30.7293586
12543305445,76.7795486,30.730408
12561188157,76.7473922,30.7655189
12561188158,76.7476699,30.7654639
12561188167,76.7474886,30.76549
12681369214,76.7456947,30.7633053
12681369215,76.7458728,30.7632261
12878725035,76.7838657,30.7591964
12878739206,76.8299466,30.7310951
12887265507,76.7338991,30.7276325
12887265509,76.7337887,30.727657
13011642312,76.8425044,30.7191136
13011642317,76.8443578,30.7166022
13094342544,76.8250617,30.7012452
13094342545,76.8256121,30.7030369
13094342550,76.8246702,30.7022811
13094342555,76.8237753,30.7022295
13094342561,76.8254321,30.7024512
13094342581,76.8244113,30.7017
13094342584,76.8253459,30.7021704
13094343010,76.8242615,30.7018248
13094343011,76.8242907,30.7015844
13094343012,76.8242494,30.7016095
13094548973,76.7942943,30.7067242
13099979930,76.8296366,30.7031258
13099979931,76.8298782,30.7030693
13100389066,76.8294636,30.6849778
13100389068,76.8279423,30.6831527
13100389069,76.8299097,30.6844826
13100389070,76.8284743,30.6817115
13100389071,76.8280507,30.683226
13100389072,76.8290729,30.6821062
13100389073,76.8286328,30.6836195
13100389074,76.8296546,30.6824897
13100389075,76.8292393,30.6840294
13100389076,76.8302571,30.6828869
13100389093,76.829739,30.7313896
13100389095,76.8288014,30.7314357
13180679256,76.7411496,30.6961903
13201992103,76.8328203,30.7405237
13201992105,76.832965,30.740611
13201992108,76.8332131,30.7404981
13201992109,76.8330741,30.7406767
13201992111,76.8327121,30.7404585
13288961153,76.795812,30.7660695
13288961154,76.7967492,30.7649884
13312783487,76.7727526,30.7320331
13312783488,76.772735,30.731992
13312783489,76.7726357,30.7319467
13312783490,76.7725247,30.7320281
13312783492,76.7727519,30.7320623
13312783493,76.7725813,30.7319596
13312783500,76.7727003,30.7321285
13312833516,76.7941872,30.7307408
13312833517,76.7942242,30.7307595
13439355472,76.7691776,30.7254809
13439355473,76.7690744,30.7259905
13439355476,76.7700284,30.7248089
13584140221,76.7888309,30.7310028
13766587261,76.7448931,30.7115082
13823829764,76.8119106,30.6958828
13823829765,76.8124683,30.6958781
13823829766,76.8120973,30.6958812
13823829767,76.81209,30.6955302
13823829768,76.8110283,30.6955608
13823829769,76.8119205,30.6955663
13823829770,76.8119131,30.6958025
13823829771,76.8109959,30.6957863
